timestamp,Zona1,codo_izq,codo_drc,rodilla_izq,rodilla_drc,mano_izq,mano_drc,pie_izq,pie_drc
2024-09-05 13:29:47,40.852000000000004,,,,,,,,
2024-09-05 13:29:58,,,40.29019607843138,,,,,,
2024-09-05 13:31:01,40.76060606060606,,,40.29019607843138,,,,,
2024-09-05 13:32:02,40.81436720142603,,,,,,,,
2024-09-05 13:33:03,,,,,,,,,
2024-09-05 13:34:04,,,,,,,,39.99450980392157,
2024-09-05 13:35:06,40.87019607843138,,,,,,,,
2024-09-05 13:36:07,40.70204481792717,40.826127450980394,,,,,,,
2024-09-05 13:37:08,40.6809243697479,,,,40.29019607843138,,,,
2024-09-05 13:38:10,40.62530718954249,40.86308823529412,,,,,,,
2024-09-05 13:39:11,,40.826127450980394,,,39.69882352941177,,,,
2024-09-05 13:41:13,,,40.5647619047619,,,,,,
2024-09-05 13:42:15,40.57718569780854,,,,,,,,
2024-09-05 13:43:16,40.620668973471744,40.88156862745099,40.548921568627456,,,,,,
2024-09-05 13:44:17,,40.85200000000001,,39.25529411764706,,,,,
2024-09-05 13:45:18,40.50028895768834,,,,,,,,
2024-09-05 13:46:19,,,,,39.40313725490197,,,,
2024-09-05 13:47:21,40.54152941176471,,,38.22039215686274,,,,,
2024-09-05 13:48:22,,40.80764705882354,,,,,,,
2024-09-05 13:49:23,40.45446623093682,,,,,,,,
2024-09-05 13:50:24,,40.85200000000001,,,,,,,
2024-09-05 13:51:25,40.585882352941184,40.866784313725496,40.696764705882366,,,,,,
2024-09-05 13:52:27,40.66415224913495,,40.74509803921569,40.14235294117647,,,,,
2024-09-05 13:53:28,,,40.797086834733896,,,,,,
2024-09-05 13:54:30,40.585882352941184,,,,,,,,
2024-09-05 13:55:31,40.55420168067228,,,,,,,,
2024-09-05 13:56:32,40.45915966386555,,40.85547866205306,,,,,,
2024-09-05 13:57:33,,40.7583660130719,,,,,,,
2024-09-05 13:59:36,,,40.90004901960785,,,,,,
2024-09-05 14:00:37,40.462679738562095,40.852000000000004,,,,,,,
2024-09-05 14:01:38,40.49964052287582,,,,,,,,
2024-09-05 14:02:39,40.34395721925134,,40.90128104575163,,,,38.959607843137256,,
2024-09-05 14:03:41,40.34395721925134,,,,,,,,
2024-09-05 14:04:42,,,40.930849673202616,,,,,,
2024-09-05 14:05:43,,,40.920993464052295,,,,,,
2024-09-05 14:07:45,,,40.81688725490196,,,,38.22039215686274,,
2024-09-05 14:08:47,,,,,,,,40.438039215686274,
2024-09-05 14:09:48,,,40.79286274509805,,,,,40.14235294117647,
2024-09-05 14:10:49,,,40.797086834733896,,39.6002614379085,,,,
2024-09-05 14:11:50,,,40.81333333333334,,,,,39.61011764705883,
2024-09-05 14:17:58,,,40.81333333333334,,,,,,
2024-09-05 14:18:59,,,40.83607843137255,,,,,,
2024-09-05 14:23:04,,,,,39.61011764705883,,,,
2024-09-05 14:24:06,,,,,39.60474153297683,,,,
2024-09-05 14:25:07,,,,,39.56330065359477,,,,
2024-09-05 14:35:19,,,,,39.57562091503269,,,39.56576470588236,
2024-09-05 14:37:22,,39.69882352941177,,,,,,,
2024-09-05 14:40:26,,,40.98505882352941,,39.60784313725491,,,,
2024-09-05 14:41:27,,39.99450980392157,,,,,,,
2024-09-05 14:42:29,,,,,,,,39.56330065359477,
2024-09-05 14:43:30,,,,,,,,,
2024-09-05 14:46:34,,39.55098039215687,,,39.42284967320261,,,,
2024-09-05 14:47:35,40.73372549019608,,,,39.31997549019608,,,,
2024-09-05 14:48:36,,,,,39.27500653594772,,,,
2024-09-05 14:49:37,,,,,,,,39.45689839572193,
2024-09-05 14:50:39,,,,,,,,39.28486274509804,
2024-09-05 14:51:40,,,,,,,,39.33593582887701,39.23886710239652
2024-09-05 14:52:41,,,,,39.117307189542494,,,39.366176470588236,39.25529411764707
2024-09-05 14:53:43,,,,,39.05464985994398,,,39.36901960784314,39.27172113289761
2024-09-05 14:54:44,,,,,39.01647058823529,,,39.35033613445379,
2024-09-05 14:59:51,,39.95226890756302,,38.704242424242416,,,,,
2024-09-05 15:00:52,,,,,38.878966131907305,,,,
2024-09-05 15:01:53,,,,,,,,,39.25529411764707
2024-09-05 15:02:54,,,,38.66392156862745,39.00396078431372,,,39.3248673587082,
2024-09-05 15:03:55,,,,38.64117647058823,,,,39.29636165577343,
2024-09-05 15:04:57,,,,38.748403361344536,,,,39.31617070357555,
2024-09-05 15:05:58,,,,38.737843137254906,38.959607843137256,,,,39.27172113289761
2024-09-05 15:06:59,,,,,38.95960784313726,,,,39.238867102396526
2024-09-05 15:08:00,,,,38.811764705882354,,,,,39.238867102396526
2024-09-05 15:09:02,,40.14235294117647,,38.89873125720877,38.85400560224089,,,,39.27172113289762
2024-09-05 15:10:03,40.35355742296919,40.260627450980394,,38.9185403050109,,39.10745098039216,,,
2024-09-05 15:11:04,40.37890196078432,40.1669934640523,,38.951826625387,,39.10745098039216,,39.394440599769325,
2024-09-05 15:12:05,40.373357843137256,40.1669934640523,,38.974392156862756,,39.10745098039216,,39.429227220299886,
2024-09-05 15:13:07,40.38585928489043,,,38.994808590102714,,,,39.44933823529412,
2024-09-05 15:14:08,40.43803921568628,,,,,,,39.48198692810458,
2024-09-05 15:15:09,40.383570691434464,,,38.99992869875223,,,,39.48761904761905,
2024-09-05 15:16:11,40.37890196078431,,40.31976470588235,,,,,39.498179271708686,
2024-09-05 15:17:12,,,,,,,,39.498179271708686,
2024-09-05 15:18:13,,,,39.107450980392166,,,,39.47705882352942,
2024-09-05 15:19:14,40.380187553282184,,,39.12761140819964,,,,39.50549019607843,
2024-09-05 15:20:16,40.401078431372554,,40.29019607843137,39.14105169340463,,,,,
2024-09-05 15:21:17,40.396643137254905,,40.31976470588235,,,,,,
2024-09-05 15:22:18,40.39254901960784,,40.330516934046344,39.227133520074695,,,,,
2024-09-05 15:23:19,40.39423384168482,,40.33947712418301,39.24185383244206,,,,39.456898395721936,
2024-09-05 15:24:21,40.37995798319328,,,39.26201426024954,,,,,
2024-09-05 15:25:22,40.34117647058824,40.306623093681914,40.29019607843137,39.297535014005604,,,,,
2024-09-05 15:26:24,40.34117647058824,40.419558823529414,40.25607843137256,39.32921568627451,,,,,
2024-09-05 15:27:25,40.31058823529412,,40.267450980392155,39.364231166150674,,,,39.43001782531194,
2024-09-05 15:28:26,40.274901960784305,,40.30075630252101,39.38671023965142,,,,,
2024-09-05 15:29:27,40.264705882352935,,40.31976470588235,39.42053056516725,,,,,
2024-09-05 15:30:28,40.269803921568624,,40.2994362745098,,,,,,
2024-09-05 15:31:29,40.279999999999994,,,,,,,,
2024-09-05 15:32:31,40.218823529411765,,,,,,,,
2024-09-05 15:33:32,40.20149019607843,40.46267973856209,,39.44662053056518,,,,,
2024-09-05 15:34:33,40.21134640522876,,,39.52489042675895,,,,,
2024-09-05 15:35:34,40.162065359477126,40.46267973856209,,39.53358708189158,,,,,
2024-09-05 15:36:36,40.12264052287582,,,,,,,,
2024-09-05 15:37:37,40.06350326797386,40.46267973856209,40.30075630252101,39.524890426758944,,,,,
2024-09-05 15:38:38,40.06843137254902,40.48732026143791,40.31131652661065,39.523259803921576,,,,,
2024-09-05 15:39:40,40.01915032679738,,,39.521411764705896,,,,,
2024-09-05 15:40:41,39.979725490196074,,,,,,,39.40313725490197,
2024-09-05 15:41:42,39.93044444444445,,,,,,,,
2024-09-05 15:42:43,39.95508496732025,,,,,,,,
2024-09-05 15:43:45,39.94522875816995,,40.26555555555556,,,,,,
2024-09-05 15:44:46,39.91803921568628,,40.276755793226386,,,,,,
2024-09-05 15:45:47,39.915308123249304,,40.304980392156864,,,,,,
2024-09-05 15:46:49,39.879520697167756,,,,,,,,
2024-09-05 15:47:50,39.93427741466957,,,,,,,,
2024-09-05 15:48:52,39.87404502541757,,,39.107450980392166,,,,,
2024-09-05 15:49:53,39.84666666666667,,,39.09401069518717,,,,,
2024-09-05 15:50:54,39.82476397966594,,,39.07788235294118,,,,,
2024-09-05 15:51:55,39.808336964415396,,,,,,,,
2024-09-05 15:52:57,39.78643427741467,,40.449411764705886,39.018745098039226,,,,,
2024-09-05 15:53:58,39.715250544662304,,40.40392156862745,,,,,,
2024-09-05 15:54:59,39.77548293391431,,,,,,,,
2024-09-05 15:56:00,39.76705882352941,,40.39254901960784,38.84872549019608,,,,,
2024-09-05 15:57:01,39.704509803921574,,40.41529411764706,,,,,,37.03764705882353
2024-09-05 16:02:08,39.670392156862746,,,,,,,,
2024-09-05 16:03:09,39.669254901960784,40.29019607843138,,,,,,,
2024-09-05 16:04:10,,40.14235294117647,,,,,,,
2024-09-05 16:05:11,,,,,39.25529411764706,,,,
2024-09-05 16:06:13,,,,,,,,,
2024-09-05 16:11:19,39.61818181818182,,40.32715686274509,,,,,,
2024-09-05 16:12:20,39.6706629318394,,,,,,,,
2024-09-05 16:13:21,39.67664705882353,,,,,,,,
2024-09-05 16:14:22,39.675479876160985,,,,,,,,
2024-09-05 16:15:24,39.69882352941176,,40.221960784313715,38.66392156862746,,,39.84666666666666,,
2024-09-05 16:16:25,39.813812636165586,,40.25607843137254,,,,,,
2024-09-05 16:19:29,39.829273356401394,,40.277875816993465,38.56535947712419,,,,,
2024-09-05 16:20:30,39.791225490196084,,40.27675579322638,,,,,,
2024-09-05 16:22:33,,,40.22859477124183,,,,,,
2024-09-05 16:23:34,39.983949579831936,,,,,,,,
2024-09-05 16:24:35,39.94901960784314,,,,,,,,
2024-09-05 16:27:39,,,40.24091503267974,,,,,,
2024-09-05 16:37:51,,,40.20395424836601,,,,39.25529411764706,,
2024-09-05 16:53:09,39.87354723707666,,,,,,,,
2024-09-05 16:55:12,,40.585882352941184,,,,40.585882352941184,,,
2024-09-05 16:56:13,,,,39.01874509803922,,,,,
2024-09-05 16:57:14,,40.29019607843138,,,,,,,
2024-09-05 16:59:17,,,,,39.772745098039216,,,,
2024-09-05 17:00:18,,,,,,,39.69882352941177,,
2024-09-05 17:01:19,,,,,40.24091503267974,,40.29019607843138,,
2024-09-05 17:02:20,,,,,40.216274509803924,,,,
2024-09-05 17:03:21,,,,,40.240915032679744,,37.333333333333336,,
2024-09-05 17:04:23,,,,,40.31483660130719,,,39.19193277310925,
2024-09-05 17:05:24,,,39.94522875816994,,,,,,
2024-09-05 17:06:26,,,39.957549019607846,,,,,,
2024-09-05 17:07:27,,,39.88078431372549,,,,,,
2024-09-05 17:08:28,,,,38.959607843137256,39.772745098039216,,,,
2024-09-05 17:09:29,,,,38.959607843137256,39.69882352941177,,,,
2024-09-05 17:10:31,,,,,,,,39.19369281045752,
2024-09-05 17:12:33,,,,,,,,39.27803921568628,
2024-09-05 17:13:34,,,,,,,,39.31865546218488,
2024-09-05 17:14:35,,,,,,,,39.33414379084968,
2024-09-05 17:15:37,,,39.62983006535948,,,,,,
2024-09-05 17:16:38,,,,,,,,39.27500653594772,
2024-09-05 17:17:39,,,39.67911111111111,,,,,,
2024-09-05 17:18:40,,,39.67911111111111,,,,,39.294718954248374,
2024-09-05 17:19:42,,,39.606421568627454,,,,,39.28301470588236,
2024-09-05 17:20:43,,,39.69882352941176,,,,39.99450980392157,,
2024-09-05 17:21:44,,,39.624901960784314,,,,,39.37704728950404,
2024-09-05 17:22:46,,,39.62925028835064,,,,,39.411350762527235,
2024-09-05 17:24:48,,,39.68958333333333,,,,,39.37979360165119,
2024-09-05 17:25:49,,38.959607843137256,,,,,,39.38835294117647,
2024-09-05 17:26:51,41.32509803921569,39.99450980392157,,39.84666666666666,,,,,
2024-09-05 17:28:53,,,39.75100346020762,,39.94074866310161,,,39.42425770308124,
2024-09-05 17:29:55,,40.14235294117647,39.780958605664495,,,,,39.410529411764706,
2024-09-05 17:30:56,,40.14235294117647,39.768854489164084,,,,,39.43426212590299,
2024-09-05 17:32:58,,,39.77663570691434,,39.92627450980392,,40.88156862745098,39.47705882352942,
2024-09-05 17:35:01,,,,,39.91490196078431,,,,
2024-09-05 17:36:02,,,39.79219814241486,,39.92627450980392,,,,
2024-09-05 17:37:03,,,,,39.87834733893557,,,,
2024-09-05 17:38:04,,,,,39.86637908496732,,,,
2024-09-05 17:39:06,,,39.94276470588236,,39.90210784313726,,,39.56837370242215,
2024-09-05 17:40:07,,,39.90580392156862,,,,,39.550980392156866,
2024-09-05 17:42:09,,,40.00190196078432,,39.89594771241829,,,39.550980392156866,
2024-09-05 17:43:11,,,,,,,,39.578700980392156,
2024-09-05 17:44:12,,,,,39.92058823529411,,,39.66186274509805,
2024-09-05 17:45:13,,,,,39.92058823529411,,,39.69882352941177,
2024-09-05 17:47:15,,,39.99450980392157,,39.8959477124183,,41.02941176470589,,
2024-09-05 17:48:16,,,39.94522875816994,,39.8959477124183,,41.02941176470589,39.707520184544414,
2024-09-05 17:49:18,,,40.064083044982695,,39.90754325259516,,,,
2024-09-05 17:50:19,,,40.133112745098046,,,,,,
2024-09-05 17:51:20,,,,,39.898846597462516,,41.02941176470589,,
2024-09-05 17:52:22,,,40.279635854341734,,,,,,
2024-09-05 17:54:24,,39.994509803921574,,,,,,,
2024-09-05 17:55:25,40.48028011204482,,40.339477124183006,,,,,39.79386554621849,
2024-09-05 17:56:27,40.438039215686274,,40.373357843137256,,39.858039215686276,,,39.783305322128854,
2024-09-05 17:57:28,40.438039215686274,,40.39183823529412,,39.78980392156863,,,,
2024-09-05 17:58:29,,,40.398614379084975,,39.78506535947712,,,,
2024-09-05 17:59:31,,,40.364117647058826,,39.78506535947712,,,,
2024-09-05 18:00:32,,40.16347338935575,,,,40.88156862745098,,39.80442577030813,
2024-09-05 18:01:33,40.48028011204482,40.14235294117647,,,,,,39.79386554621848,
2024-09-05 18:02:34,,40.100112044817934,,,,,,39.825546218487396,
2024-09-05 18:03:36,,,,,,,,39.8921568627451,
2024-09-05 18:04:37,,39.84666666666667,,,,,,39.8921568627451,
2024-09-05 18:05:38,,39.95226890756303,,,,,,39.88362745098039,
2024-09-05 18:06:40,40.43803921568628,,,39.40313725490196,,,,,
2024-09-05 18:07:41,,39.84666666666668,,39.37356862745098,,,,,
2024-09-05 18:08:42,40.41691876750701,39.91002801120449,,39.40313725490196,,,,,
2024-09-05 18:09:43,40.45915966386555,,40.24795518207283,,,,,,
2024-09-05 18:10:45,,,40.17192156862746,,,,,,
2024-09-05 18:11:46,,,40.11067226890756,,,,,,
2024-09-05 18:13:48,,,,,40.704156862745094,,,,39.25529411764706
2024-09-05 18:14:50,,,,,,,,39.73578431372549,39.25529411764706
2024-09-05 18:15:51,,,,,,,,39.73361014994233,
2024-09-05 18:16:52,,,,,,,,39.70703703703704,
2024-09-05 18:17:53,,,,39.6396862745098,,,,39.69012687427912,
2024-09-05 18:18:55,,,,39.6396862745098,,,,39.62925028835063,39.403137254901964
2024-09-05 18:20:57,,,,39.40313725490195,,,,,
2024-09-05 18:21:58,,,39.888907563025214,,,,39.96762923351159,,
2024-09-05 18:23:00,,,39.935372549019604,,,,40.00683006535947,,
2024-09-05 18:24:01,,,39.92551633986928,,,,39.97176470588235,,39.25529411764707
2024-09-05 18:25:02,,,39.994509803921574,,,,39.99450980392157,,39.329215686274516
2024-09-05 18:26:03,,,40.03799307958477,,,,39.98465359477124,,
2024-09-05 18:27:05,,,40.029296424452134,,,,39.98465359477124,39.560836601307194,39.27172113289761
2024-09-05 18:28:06,,,40.04071078431373,,,,39.99450980392157,39.541740196078436,39.28814814814815
2024-09-05 18:29:07,,40.0437908496732,,,39.920588235294126,,,39.54228373702422,
2024-09-05 18:30:08,,40.01915032679738,,,,,,39.55919389978214,
2024-09-05 18:31:10,,40.0437908496732,,,40.43803921568628,,,39.566542827657386,
2024-09-05 18:32:11,,40.01915032679738,,,40.37890196078432,,,39.550980392156866,
2024-09-05 18:33:12,,,40.04071078431373,,,,40.037993079584766,39.567407407407416,39.19193277310925
2024-09-05 18:34:14,,39.92058823529412,39.994509803921574,,,,40.02929642445213,,
2024-09-05 18:35:15,,39.92880174291938,40.02223039215686,,,,40.04668973471741,39.550980392156866,
2024-09-05 18:36:16,,39.91237472766884,40.00375,,,,40.02059976931949,,
2024-09-05 18:37:17,,,40.01190311418685,,,,,,
2024-09-05 18:38:19,,,40.01190311418685,,,,40.02223039215686,,
2024-09-05 18:39:20,,,,,,,40.0832156862745,,
2024-09-05 18:40:21,,,40.05919117647059,,40.58588235294118,,40.05787114845938,39.51155555555556,
2024-09-05 18:41:22,,,40.093071895424835,,,,40.096862745098036,39.53126797385621,
2024-09-05 18:42:24,,,,,,,,,39.10745098039216
2024-09-05 18:43:25,39.99450980392157,,,,40.46760784313726,,,39.61921568627451,
2024-09-05 18:45:27,40.73372549019608,,40.205714285714286,,,,,39.61258169934641,
2024-09-05 18:46:28,,,,,,,40.15713725490197,39.6002614379085,
2024-09-05 18:47:30,,,,,,,,39.60474153297683,
2024-09-05 18:48:31,,,,,,,,39.624901960784314,
2024-09-05 18:49:33,,39.88362745098039,40.197794117647064,,,,,,
2024-09-05 18:50:34,,,,,,,,,
2024-09-05 18:51:35,,39.92058823529412,,,,,,,
2024-09-05 18:57:43,,,,,,39.55098039215687,,,
2024-09-05 18:58:44,,,40.392549019607834,,,,,,
2024-09-05 18:59:45,,,40.41339869281046,,,,,,
2024-09-05 19:00:46,,,40.397718360071295,,,,,,
2024-09-05 19:03:50,,39.846666666666664,,,,,,,
2024-09-05 19:04:51,,39.82202614379085,,,,,,,
2024-09-05 19:05:53,,39.871307189542485,,,,,,,
2024-09-05 19:06:54,,,40.339477124183006,,,,,,
2024-09-05 19:07:55,,,40.323050108932456,,,,,,
2024-09-05 19:14:03,,,40.3271568627451,39.166588235294114,,,,39.55098039215687,
2024-09-05 19:15:04,,,,39.1961568627451,,,,,
2024-09-05 19:16:05,,,40.29019607843138,39.1961568627451,,,,,
2024-09-05 19:17:06,,,,39.1961568627451,,,,,
2024-09-05 19:18:07,,,,,,40.49717647058824,,,
2024-09-05 19:19:09,,39.9733893557423,,,,40.42459893048129,,,
2024-09-05 19:20:10,,,40.349333333333334,,,40.364117647058826,,,
2024-09-05 19:24:15,,,,,,40.411158645276295,,,
2024-09-05 19:31:24,,,,,,40.34395721925134,,,
2024-09-05 19:32:25,,,,,,40.384278074866316,,,
2024-09-05 19:34:27,,,,,,40.35739750445634,,,
2024-09-05 19:35:29,,,,,,40.384278074866316,,,
2024-09-05 19:36:30,,,,,,40.384278074866316,,,
2024-09-05 19:40:35,,,,39.16658823529412,37.92470588235294,,,,
2024-09-05 19:41:36,,40.86514161220043,,,,,,,
2024-09-05 19:42:38,,40.83721568627451,,,,,,,
2024-09-05 19:44:40,,,40.64924369747899,,,,,,
2024-09-05 19:45:42,,,40.622843137254904,,,,,,
2024-09-05 19:46:43,,40.75647058823529,,,,,,,
2024-09-05 19:54:52,,,,,,,,,
2024-09-05 19:55:53,,,,,,40.497176470588236,,,
2024-09-05 19:58:57,40.82243137254902,,,,,,,,
2024-09-05 20:14:16,,40.64132352941177,,,,,,,
2024-09-05 20:15:17,,40.613602941176474,,,,,,,
2024-09-05 20:35:43,,,,,,,41.02941176470589,,
2024-09-05 20:36:44,,,,,,,,,
2024-09-05 20:37:45,,,40.5590017825312,,,,40.29019607843138,,
2024-09-05 20:38:46,,,40.48732026143791,,,,,,
2024-09-05 20:39:48,,40.58588235294118,40.483529411764714,,,,,,
2024-09-05 20:40:49,,40.57031991744066,,,,,,,
2024-09-05 20:41:50,,40.58588235294118,,,,,,,
2024-09-05 20:42:51,,40.61873638344227,,,,,,,
2024-09-05 20:43:53,40.81436720142602,40.58588235294118,40.49348039215687,,,,,,
2024-09-05 20:44:54,40.80092691622104,40.54152941176471,40.51196078431373,,,,,,
2024-09-05 20:45:55,40.79532679738562,40.56370588235295,40.54239907727797,,,,,,
2024-09-05 20:46:57,40.81996732026143,40.5563137254902,40.50761245674741,,,,,,
2024-09-05 20:47:58,,40.578490196078434,,,,,,,
2024-09-05 20:48:59,,40.578490196078434,,,,,,,
2024-09-05 20:50:00,,,40.615450980392154,,,,,,
2024-09-05 20:52:03,,40.503747276688465,,,,,,,
2024-09-05 20:53:04,,,40.607002801120444,,,,,,
2024-09-05 20:57:09,,,,,,39.69882352941177,,,
2024-09-05 21:04:18,40.733725490196086,,40.66652406417113,,,,40.88156862745098,,
2024-09-05 21:05:19,40.733725490196086,40.39913312693499,40.66652406417112,,,,,,
2024-09-05 21:06:20,40.77921568627451,40.3602270381837,40.673244206773624,,,,,,
2024-09-05 21:07:22,,40.323050108932456,40.66652406417113,,,,,,
2024-09-05 21:08:23,40.80764705882353,,40.68668449197861,,,,,,
2024-09-05 21:09:24,40.81820728291317,40.30867647058824,40.66652406417113,,,,41.05898039215686,,
2024-09-05 21:10:25,,,40.66652406417113,,,,,,
2024-09-05 21:11:27,40.80764705882353,40.24795518207283,40.646363636363645,,,,40.9998431372549,,
2024-09-05 21:12:28,,,40.656283846872086,,,,40.83721568627451,,
2024-09-05 21:13:29,,,40.667196078431374,,,,40.83721568627451,,
2024-09-05 21:14:31,,,40.65241176470589,,,,,,
2024-09-05 21:15:32,,,40.663323996265184,,,,,,
2024-09-05 21:16:33,,,40.7041568627451,,,,40.97027450980392,,
2024-09-05 21:17:34,,,,,,,40.83721568627451,,
2024-09-05 21:18:36,40.816887254901964,40.22683473389356,40.694819401444796,,,,40.940705882352944,,
2024-09-05 21:19:37,,40.21134640522876,40.72594427244582,,,,40.896352941176474,,
2024-09-05 21:20:38,40.79286274509805,40.216274509803924,40.718163054695566,,,,,,
2024-09-05 21:21:39,40.77596638655462,40.25323529411765,40.73372549019608,,,,40.88156862745098,,
2024-09-05 21:23:42,,,,,,40.438039215686274,,,
2024-09-05 21:26:46,,,,,,39.99450980392157,,,
2024-09-05 21:27:47,,,,39.69882352941177,,,,,
2024-09-05 21:32:53,,,40.860448179271714,,39.84666666666666,,,,
2024-09-05 21:33:55,,,40.87019607843138,,,,,,
2024-09-05 21:34:56,40.81586056644881,40.34563725490196,,,,,,,
2024-09-05 21:35:57,40.81586056644881,40.36846597462515,,,,,,,
2024-09-05 21:39:01,,,,,,,,,
2024-09-05 21:40:02,40.799433551198256,40.414695562435504,40.76657952069717,,,,,,
2024-09-05 21:41:04,40.815860566448805,,,,,,,,
2024-09-05 21:42:05,40.68937254901961,40.40691434468525,,,,39.55098039215687,,,
2024-09-05 21:43:06,,,,,,39.25529411764706,,,
2024-09-05 21:50:15,,40.43064705882354,,,,,,,
2024-09-05 21:52:18,,40.422476780185754,40.405185185185196,,,,,,
2024-09-05 21:54:20,,40.39697167755992,,,,,,,
2024-09-05 21:55:22,,40.38585928489044,,,,,,,
2024-09-05 21:56:23,,40.39455594002307,,,,,,,
2024-09-05 21:57:24,,40.420645905421,,,,,,,
2024-09-05 21:58:25,,40.42934256055363,,,,,,,
2024-09-05 21:59:27,,40.420645905421,,,,38.811764705882354,,,
2024-09-05 22:00:28,,,,35.55921568627451,,,,40.585882352941184,
2024-09-05 22:01:29,,40.39183823529412,,,,,,,
2024-09-05 22:02:30,,40.37890196078432,,,,,,,
2024-09-05 22:03:31,,40.38259803921569,,,,,,41.02941176470589,
2024-09-05 22:04:33,,,,,,,,41.32509803921569,
2024-09-05 22:09:39,39.84666666666666,,,,40.29019607843138,,,,
2024-09-05 22:10:40,41.02941176470589,40.39455594002306,40.012990196078434,,,,40.88156862745098,,
2024-09-05 22:11:41,41.02941176470589,40.438039215686274,40.01190311418685,,,,39.55098039215687,,
2024-09-05 22:12:42,,,,,,,,,
2024-09-05 22:14:45,,,39.986296296296295,,,,,,
2024-09-05 22:15:46,,,39.96338493292053,,,,,,
2024-09-05 22:16:47,,,39.97972549019608,,,,,,
2024-09-05 22:17:48,,,39.98042950513539,,,,,,
2024-09-05 22:18:49,,,39.98106951871658,,,,,,
2024-09-05 22:19:51,,,39.988081841432226,,,,,,
2024-09-05 22:20:52,,,40.00683006535947,,,,,,
2024-09-05 22:21:53,,,40.02999215686275,,,,,,
2024-09-05 22:23:55,,,40.045686274509805,,,,,,
2024-09-05 22:24:56,,40.45446623093682,40.043790849673194,,,,,,
2024-09-05 22:25:58,,40.419558823529414,40.03831517792302,,,,,,
2024-09-05 22:26:59,,40.419558823529414,40.043790849673194,,,,,,
2024-09-05 22:28:00,,40.456519607843134,,,,,,,
2024-09-05 22:29:01,,,40.096862745098036,,,,,,
2024-09-05 22:30:03,,,40.10095686274509,,,,,,
2024-09-05 22:31:04,40.88156862745098,,40.093071895424835,,,,40.438039215686274,,
2024-09-05 22:32:05,40.88156862745098,,40.1238725490196,,,,40.585882352941184,,
2024-09-05 22:33:06,40.86812834224599,,40.14851307189542,,,,40.63516339869282,,
2024-09-05 22:34:07,40.84124777183601,40.53044117647059,40.179313725490196,,,40.73372549019608,,,
2024-09-05 22:35:09,40.84124777183601,,40.22859477124183,,,,,,
2024-09-05 22:36:10,40.80764705882353,40.585882352941184,40.225916453537934,,,,40.58588235294118,,
2024-09-05 22:37:11,40.745098039215684,40.65980392156864,40.22971479500891,,,,40.56124183006536,,
2024-09-05 22:38:13,40.72235294117647,,40.2297147950089,,,,,,
2024-09-05 22:39:14,40.745098039215684,,40.263315508021385,,,,,,
2024-09-05 22:40:15,40.75647058823529,,40.32379679144385,,,,,,
2024-09-05 22:46:22,40.72235294117647,,,,,,,,
2024-09-05 22:47:24,40.72235294117647,,,,,,,,
2024-09-05 22:49:26,,,,,,40.73372549019608,,,
2024-09-05 22:50:27,,,40.4123273657289,,,,,,
2024-09-05 22:51:29,,40.85692810457516,,,,,,,
2024-09-05 22:52:30,,40.88156862745098,,,,,,,
2024-09-05 22:54:33,,,40.53212121212121,,,,,,
2024-09-05 22:55:34,,,40.545561497326204,,,,40.545561497326204,,
2024-09-05 22:56:35,,,40.57244206773618,,,,,,
2024-09-05 22:57:36,,,40.55900178253119,,,,,,
2024-09-05 22:58:37,40.526745098039214,40.77596638655462,,,,,,,
2024-09-05 22:59:38,40.53660130718955,40.807647058823534,,,,41.02941176470589,,,
2024-09-05 23:00:40,,,40.66652406417113,,,40.585882352941184,,,
2024-09-05 23:01:41,,,40.659803921568624,,,,,,
2024-09-05 23:02:42,,,40.65980392156863,,,,40.24091503267974,,
2024-09-05 23:03:43,,,40.7068449197861,,,,,,
2024-09-05 23:04:45,,,40.701585677749364,,,,40.277875816993465,,
2024-09-05 23:05:46,,,40.69676470588235,,,,40.24091503267974,,
2024-09-05 23:06:47,,,40.69232941176471,,,,40.267450980392155,,
2024-09-05 23:07:49,,,40.686415686274515,,,,40.226834733893554,,
2024-09-05 23:08:50,,40.88156862745098,40.686415686274515,,,,40.279635854341734,,
2024-09-05 23:09:51,40.142352941176476,,,,,,40.29019607843138,,
2024-09-05 23:10:52,,40.14235294117647,,,,,,,
2024-09-05 23:11:54,,,40.69515771526003,,,,,,
2024-09-05 23:12:55,,,,,,,,,
2024-09-05 23:13:56,,,40.663323996265184,,,,40.302516339869285,,
2024-09-05 23:14:57,,,,,,,40.25323529411765,,
2024-09-05 23:15:59,,,40.65628384687209,,,,40.29019607843138,,
2024-09-05 23:17:00,,,40.674588235294124,,,,,,
2024-09-05 23:18:01,,,40.68703818369453,,,,,,
2024-09-05 23:19:02,39.93537254901961,,40.6680174291939,,,,,,
2024-09-05 23:20:03,,,40.672848904267596,,,,,,
2024-09-05 23:21:05,,,40.659803921568624,,,,,,
2024-09-05 23:22:06,,,40.654875816993474,,,,40.15877995642702,,
2024-09-05 23:23:07,,,40.61756302521009,,,,40.10539215686275,,
2024-09-05 23:24:09,40.05364705882353,,,,,,,,
2024-09-05 23:25:10,,,,38.07254901960785,,,,,
2024-09-05 23:29:15,40.171921568627454,,,,,,,,
2024-09-05 23:30:16,40.01915032679739,,,,,,,,
2024-09-05 23:32:18,,,,,,,,,40.29019607843138
2024-09-05 23:37:25,,,,38.959607843137256,38.83640522875817,,,,
2024-09-05 23:38:26,,,,,38.8856862745098,,,,
2024-09-05 23:39:27,,40.02619047619048,,,39.033529411764704,,,,
2024-09-05 23:40:28,,40.02407843137255,,,38.86104575163398,,,,
2024-09-05 23:41:30,,40.031470588235294,,,39.00888888888889,,,,
2024-09-05 23:43:32,,40.02059976931949,,,,,,,
2024-09-05 23:44:33,,40.01915032679738,,,,,,,
2024-09-05 23:45:35,,40.0256346749226,,,,,,,
2024-09-05 23:46:36,,40.02407843137255,,,,,,,
2024-09-05 23:47:37,,,,,39.00888888888889,,,,
2024-09-05 23:51:43,,40.03483065953654,,,,,,,
2024-09-05 23:53:45,,40.03950554134697,40.73372549019608,,,,40.29019607843138,,
2024-09-05 23:54:46,39.69882352941177,,41.02941176470589,,,,40.142352941176476,,
2024-09-05 23:55:48,39.99450980392157,40.03307757885762,40.171921568627454,,,,39.94522875816994,,
2024-09-05 23:56:49,,40.045933503836316,,,,,39.96986928104575,,
2024-09-05 23:57:50,,40.05236146632566,,,,,,,
2024-09-05 23:58:51,39.69882352941177,,40.69676470588236,,,,40.06843137254903,,
2024-09-05 23:59:53,,40.05236146632566,,,,,,,
2024-09-06 00:00:54,,40.04155080213903,,,,,,,
2024-09-06 00:01:55,,40.03675070028011,,,,,,,
2024-09-06 00:02:56,,40.05364705882353,,,,,,,
2024-09-06 00:03:58,,40.03341589267285,,,,,,,
2024-09-06 00:04:59,,40.0437908496732,,,,,,,
2024-09-06 00:06:00,,40.04668973471741,,,,,,,
2024-09-06 00:07:02,,40.049950980392154,,,,,,,
2024-09-06 00:08:03,,40.031470588235294,,,,,,,
2024-09-06 00:09:04,,40.086911764705874,,,,,,,
2024-09-06 00:10:05,,,41.0688366013072,,,,40.29019607843137,,
2024-09-06 00:11:07,,,,,,,,,
2024-09-06 00:13:09,,,40.89142483660132,,,,,,
2024-09-06 00:14:10,,,40.97027450980393,,,,,,
2024-09-06 00:16:13,40.626203208556156,,40.85384803921569,,,,,,
2024-09-06 00:17:14,,,40.88156862745099,,,,,,
2024-09-06 00:18:15,40.69676470588236,,40.864175317185705,,,,40.487320261437915,,
2024-09-06 00:19:17,,,40.87335511982572,,,,,,
2024-09-06 00:20:18,40.733725490196086,,40.85822497420022,,,,,,
2024-09-06 00:21:19,,,40.87417647058824,,,,,,
2024-09-06 00:27:26,40.71260504201682,,40.91676937441644,,,,40.45147950089127,,
2024-09-06 00:28:28,40.64501960784314,,40.888288770053485,,,,40.51196078431372,,
2024-09-06 00:29:29,40.659803921568624,,40.83657289002558,,,,40.54039215686275,,
2024-09-06 00:36:37,,,,38.22039215686274,,,,,
2024-09-06 00:37:39,,40.88156862745098,,,,,,,
2024-09-06 00:38:40,,40.585882352941184,,,,,,,
2024-09-06 00:39:41,40.69893886966551,,40.91852941176471,,,,40.68092436974791,,
2024-09-06 00:43:46,40.78916666666667,,41.003699914748516,,,,,,
2024-09-06 00:44:48,40.76851211072665,,,,,,,,
2024-09-06 00:47:51,40.76851211072665,,40.98441602728048,,,,40.58588235294118,,
2024-09-06 00:48:53,40.81688725490196,,40.93942028985508,,,,40.61756302521009,,
2024-09-06 00:49:54,40.7984068627451,,40.89500891265598,,,,,,
2024-09-06 00:50:55,40.79286274509804,,40.85340802987862,,,,40.7678431372549,,
2024-09-06 00:51:56,,,40.832287581699354,,,,40.642745098039214,,
2024-09-06 00:52:58,,,40.77807843137255,,,,,,
2024-09-06 00:53:59,40.88156862745098,,40.7854705882353,,,,,,
2024-09-06 00:55:00,40.93084967320262,,40.82243137254902,,,,40.69676470588235,,
2024-09-06 00:56:01,40.90128104575163,,40.82243137254902,,,,40.720285204991086,,
2024-09-06 00:57:03,,,40.79286274509805,,,,40.79286274509804,,
2024-09-06 00:58:04,,,,,,,40.76329411764706,,
2024-09-06 01:04:11,,,,,,41.02941176470589,,,
2024-09-06 01:08:16,40.86514161220044,,40.75943734015346,,,40.88156862745098,,,
2024-09-06 01:09:18,,,,,,41.02941176470589,,,
2024-09-06 01:11:20,40.89026528258362,,40.753009377664114,,,,40.9965577342048,,
2024-09-06 01:14:24,,,40.753009377664114,,,,,,
2024-09-06 01:15:25,,,40.760606060606065,,,,,,
2024-09-06 01:18:29,,40.585882352941184,,,,,,,
2024-09-06 01:20:32,,40.73372549019608,,,,,,,
2024-09-06 01:22:34,,,40.763294117647064,,,,,,
2024-09-06 01:24:36,,41.17725490196079,,,,,,,
2024-09-06 01:26:39,,,,,,,,,
2024-09-06 01:27:40,40.81199538638985,,40.74111764705883,,,,,,
2024-09-06 01:28:42,40.844607843137254,,40.74850980392158,,,,,,
2024-09-06 01:29:43,40.87171241830065,,40.73372549019609,,,,,,
2024-09-06 01:30:44,40.863088235294114,,40.741117647058836,,,,,,
2024-09-06 01:31:45,40.85384803921569,,40.761886087768445,,,,,,
2024-09-06 01:32:46,40.85547866205305,,40.760606060606065,,,,,,
2024-09-06 01:33:47,40.88156862745099,,40.760606060606065,,,,,,
2024-09-06 01:35:50,,,40.7658653026428,,,,,,
2024-09-06 01:36:51,,40.73372549019608,,,,,,,
2024-09-06 01:37:52,40.88934984520124,,,,,,,,
2024-09-06 01:38:53,,,,,,,,,
2024-09-06 01:39:55,40.88156862745098,,,,,,,,
2024-09-06 01:40:56,40.895648926237165,,40.72140522875818,,,,40.093071895424835,,
2024-09-06 01:42:58,,,,,,,40.10539215686274,,
2024-09-06 01:44:00,40.8614081996435,,40.69676470588236,,,,40.06274509803922,,
2024-09-06 01:45:01,40.847967914438506,,40.67828431372549,,,,40.01563025210084,,
2024-09-06 01:46:02,,,40.690604575163405,,,,40.01422222222222,,
2024-09-06 01:47:03,,,40.70292483660131,,,,40.01422222222222,,
2024-09-06 01:48:04,40.8614081996435,,40.70292483660131,,,,,,
2024-09-06 01:49:06,,,40.69676470588236,,,,,,
2024-09-06 01:50:07,40.77404634581105,,40.708013640238704,,,,39.985269607843136,,
2024-09-06 01:51:08,40.75388591800356,,40.70684491978609,,,,39.976029411764706,,
2024-09-06 01:52:10,40.74716577540107,,40.71260504201681,,,,39.93906862745098,,
2024-09-06 01:53:11,40.76732620320856,,40.73372549019608,,,,,,
2024-09-06 01:54:12,40.76060606060606,,40.80412698412698,,,,40.04668973471742,,
2024-09-06 01:55:14,40.78076648841355,,40.80764705882353,,,,40.06843137254903,,
2024-09-06 01:56:15,40.81820728291317,,40.798005115089516,,,,40.17520697167757,,
2024-09-06 01:57:16,,40.73372549019608,,,,,,,
2024-09-06 01:58:17,,40.88156862745098,,,,,,,
2024-09-06 01:59:18,40.82982352941177,,,,,,40.111228070175436,,
2024-09-06 02:01:21,40.79286274509805,,40.83657289002558,,,,40.142352941176476,,
2024-09-06 02:02:22,40.76329411764706,,40.83452762923352,,,,40.142352941176476,,
2024-09-06 02:03:23,40.770686274509806,,40.854688057041,,,,,,
2024-09-06 02:04:24,40.77807843137255,,40.8745284780579,,,,40.151593137254906,,
2024-09-06 02:05:26,40.795975232198145,,40.88156862745098,,,,,,
2024-09-06 02:06:27,,,,,,,,,
2024-09-06 02:07:28,40.77479302832244,,,,,,,,
2024-09-06 02:08:30,40.75981545559401,,,,,,,,
2024-09-06 02:09:31,,41.02941176470589,,,,,,,
2024-09-06 02:10:32,,,,,,,39.88078431372549,,
2024-09-06 02:12:35,40.60559477124184,,40.90128104575163,,,,,,
2024-09-06 02:13:36,,,40.93436974789917,,,,,,
2024-09-06 02:14:37,40.63137254901961,,40.96117647058824,,,,39.93537254901962,,
2024-09-06 02:15:38,,,40.938431372549026,,,,39.905803921568626,,
2024-09-06 02:16:39,,,40.91568627450981,,,,39.86145098039216,,
2024-09-06 02:18:42,40.68823529411765,,,,,,,,
2024-09-06 02:19:43,40.672124183006545,,,,,,,,
2024-09-06 02:20:45,,,40.85692810457517,,,,,,
2024-09-06 02:21:46,,,,,,,40.1793137254902,,
2024-09-06 02:22:47,,,,,,,40.22683473389356,,
2024-09-06 02:23:49,,,,,40.585882352941184,,,,
2024-09-06 02:24:50,,,,,,,,,
2024-09-06 02:34:01,,,,37.92470588235294,,,,,
2024-09-06 02:35:02,40.364117647058826,,40.70684491978609,,,,,,
2024-09-06 02:36:04,,39.817098039215686,,,,,,,
2024-09-06 02:37:05,,39.74317647058824,,,,,,,
2024-09-06 02:38:06,,39.757960784313724,,,,,,,
2024-09-06 02:42:11,,39.72839215686274,,,,,,,
2024-09-06 02:43:12,,39.77274509803921,,,,,,,
2024-09-06 03:23:00,39.52141176470589,,,,,,,,
2024-09-06 03:36:16,,39.68403921568627,39.94522875816993,,,40.438039215686274,40.585882352941184,,
2024-09-06 03:38:19,,,39.960392156862746,,,,,,
2024-09-06 03:39:20,,,,,,,,38.22039215686274,
2024-09-06 03:40:21,,39.77274509803921,,,,,,38.36823529411765,38.98424836601307
2024-09-06 03:41:23,,39.74317647058824,39.77767320261437,,,,,,38.91032679738562
2024-09-06 03:43:25,,,,,,,,,38.86104575163399
2024-09-06 03:45:28,,,,,37.77686274509804,,,,
2024-09-06 03:46:29,,39.90042780748662,,,,,,39.40313725490197,
2024-09-06 03:47:30,,,39.88145328719723,,,,,,
2024-09-06 03:54:39,,,39.92493656286044,,,,,,
2024-09-06 03:55:40,,,39.90416122004358,,,,,,
2024-09-06 03:56:41,,,39.88557275541797,,,,,,
2024-09-06 03:58:44,,,39.89101960784315,,,,,,38.8856862745098
2024-09-06 04:00:46,,,39.83258636788049,,,,,,38.836405228758174
2024-09-06 04:01:47,39.10745098039216,,39.82650623885919,,,,,,
2024-09-06 04:02:48,,,39.80167092924126,,,,,,
2024-09-06 04:16:05,,,39.80167092924127,,,,,,
2024-09-06 04:17:06,,,39.80167092924126,,,,,,
2024-09-06 04:19:09,,,39.834346405228764,,,,,,
2024-09-06 04:20:10,,,39.828925490196085,,,,,,
2024-09-06 04:23:13,,39.84666666666666,39.82301176470589,,,,,,
2024-09-06 04:25:16,40.585882352941184,,,,,,,,
2024-09-06 04:26:17,,40.14235294117647,,,,,,,
2024-09-06 04:35:28,40.88156862745098,39.40313725490197,,,,,,,
2024-09-06 04:40:34,,,39.78980392156863,,,,,,
2024-09-06 04:42:36,,,39.83483921568627,,,,,,
2024-09-06 04:43:38,,,39.84050653594772,,,,,,
2024-09-06 04:44:39,,,39.84666666666667,,,,,,
2024-09-06 04:53:50,,,39.85898692810458,,,,,,
2024-09-06 04:54:51,,,39.85309462915602,,,,,,
2024-09-06 04:56:54,,,39.853386809269175,,,,,,
2024-09-06 04:57:55,,,39.826506238859196,,,,,,
2024-09-06 04:58:57,,,39.83994652406418,,,,,,
2024-09-06 05:00:59,,,39.81978609625669,,,,,,
2024-09-06 05:02:00,,,39.86010695187167,,,,,,
2024-09-06 05:03:02,,,39.83322638146169,,,,,,
2024-09-06 05:04:03,,,39.766024955436734,,,,,,
2024-09-06 05:05:04,,,39.74381926683718,,,,,,
2024-09-06 05:07:07,39.18137254901961,,,,,,,,
2024-09-06 05:08:08,38.959607843137256,,,,,,,,
2024-09-06 05:09:09,38.959607843137256,,,,,,,,
2024-09-06 05:10:10,38.98072829131653,,,,,,38.66392156862745,,
2024-09-06 05:11:12,38.93848739495799,,39.60883205456096,,,,,,
2024-09-06 05:12:13,,,39.618181818181824,,,,,,
2024-09-06 05:13:14,38.93848739495799,,,,,,,,
2024-09-06 05:14:15,38.959607843137256,,,,,,,,
2024-09-06 05:15:17,,,39.63657378740971,,,,,,
2024-09-06 05:16:18,,,39.63311546840959,,,,,,
2024-09-06 05:17:19,,,39.62925028835064,,,,,,
2024-09-06 05:18:20,,,39.578700980392156,,,,,,
2024-09-06 05:25:29,,,39.61011764705883,,,,,,
2024-09-06 05:28:33,,,,,,,,,
2024-09-06 05:33:39,,,39.498179271708686,,,,38.811764705882354,,
2024-09-06 05:36:43,,,39.448627450980396,,,,,,
2024-09-06 05:37:44,,,39.43725490196079,,,,,,
2024-09-06 05:38:45,,,39.448627450980396,,,,,,
2024-09-06 05:39:46,,,39.43725490196079,,,,,,
2024-09-06 05:44:53,,,,,,,,,
2024-09-06 07:04:31,,39.50169934640524,,,,39.84666666666666,,,
2024-09-06 07:05:33,,39.4524183006536,,,,39.84666666666666,39.84666666666666,,
2024-09-06 07:06:34,,39.329215686274516,,,,,,,
2024-09-06 07:07:35,39.10745098039216,39.37849673202615,,,,,,,
2024-09-06 07:11:40,,39.25529411764706,,,,38.36823529411765,,,
2024-09-06 07:14:43,,,,,,,37.92470588235294,,
2024-09-06 07:15:45,,,,,,,38.959607843137256,,
2024-09-06 07:17:47,39.10745098039215,,,,,,,,
2024-09-06 07:19:49,,,39.209803921568636,,,,,,
2024-09-06 07:29:01,38.89624649859944,39.25529411764706,,,,,,,
2024-09-06 07:31:03,39.02860130718955,,,,,,,,
2024-09-06 07:33:06,39.25529411764706,,,,,,38.66392156862745,,
2024-09-06 07:34:08,39.20311418685122,,,,,,,,
2024-09-06 07:35:09,39.27993464052288,,,,,,,,
2024-09-06 07:36:10,39.296361655773424,,,,,,,,
2024-09-06 07:37:11,39.304575163398695,,,,,,,,
2024-09-06 07:38:12,39.181372549019606,,,,,,,,
2024-09-06 07:39:14,,,38.97932026143791,,,,,,
2024-09-06 07:40:15,39.32100217864924,,38.98732843137255,,,,,,
2024-09-06 07:41:16,39.255294117647054,,38.90742791234142,,,,,,
2024-09-06 07:42:17,,,38.902113289760365,,,,,,
2024-09-06 07:43:19,,,38.881795665634684,,,,,,
2024-09-06 07:44:20,39.23790080738178,,38.88957688338493,,,,,,
2024-09-06 07:46:22,39.273774509803914,,,,,,,,
2024-09-06 07:47:23,39.273774509803914,,38.90786274509804,,,,,,
2024-09-06 07:48:25,39.058169934640524,,38.89624649859944,,,,,,
2024-09-06 07:49:26,39.058169934640524,,38.90328664799253,,,,,,
2024-09-06 07:50:27,39.11801120448179,,38.939447415329774,,,,,,
2024-09-06 07:51:28,39.1643137254902,,,,,,,,
2024-09-06 07:52:30,,,38.98424836601308,,,,38.66392156862745,,
2024-09-06 07:53:31,,,39.03057254901961,,,,38.811764705882354,,
2024-09-06 07:54:32,,,39.12519215686275,,,,,,
2024-09-06 07:55:33,,,39.11927843137256,,,,,,
2024-09-06 07:56:35,,,39.14293333333334,,,,,,
2024-09-06 07:57:36,,,,,,,,,
2024-09-06 07:58:37,,,39.15673202614379,,,,,,
2024-09-06 07:59:38,,,39.17521241830065,,,,,,
2024-09-06 08:00:40,,,,,,,,,
2024-09-06 08:03:44,,,39.17521241830065,,,,,,
2024-09-06 08:04:45,,,39.225725490196076,,,,,,
2024-09-06 08:06:47,,,39.26712156862745,,,,,,
2024-09-06 08:07:49,40.01563025210084,,,,,,,,
2024-09-06 08:08:50,,,39.27303529411765,,,,38.86104575163399,,
2024-09-06 08:09:51,,,39.31443137254902,,,,38.836405228758174,,
2024-09-06 08:10:52,,,39.28941176470589,,,,38.72728291316527,,
2024-09-06 08:12:55,,,39.284862745098046,,,,38.76248366013072,,
2024-09-06 08:13:56,40.02407843137255,,39.25529411764706,,,,,,
2024-09-06 08:14:57,39.96986928104575,39.69882352941177,,,,,,,
2024-09-06 08:15:58,,39.64338235294119,39.26120784313726,,,39.55098039215687,,,
2024-09-06 08:16:59,,39.66186274509805,,,,39.55098039215687,,,
2024-09-06 08:18:01,,39.69882352941177,39.36174117647059,,,,,,
2024-09-06 08:19:02,,39.66186274509804,39.379482352941174,,,,,,
2024-09-06 08:20:03,,39.419564270152506,39.41545751633987,,,,,,
2024-09-06 08:21:05,,39.329215686274516,39.40929738562092,,,,,,
2024-09-06 08:22:06,,39.329215686274516,39.40956521739131,,,,,,
2024-09-06 08:23:07,39.17081232492997,,39.45689839572192,,,,,,
2024-09-06 08:24:08,,,39.530819964349384,,,,,,
2024-09-06 08:25:09,,,39.51241261722081,,,,,,
2024-09-06 08:27:12,,,39.490499108734404,,,,,,
2024-09-06 08:28:13,,,39.4972192513369,,,,39.25529411764706,,
2024-09-06 08:29:14,,,,,,38.46679738562092,,,
2024-09-06 08:30:15,38.83288515406162,,,,,,,,
2024-09-06 08:31:17,38.713202614379085,,39.42648090815274,,,,,,
2024-09-06 08:33:19,,,39.410529411764706,,,,,,
2024-09-06 08:38:25,,,39.364231166150674,,,,37.92470588235294,,
2024-09-06 08:41:29,,,39.3408875128999,,,,,,
2024-09-06 08:42:30,,,39.3564499484004,,,,,,
2024-09-06 08:48:38,,37.333333333333336,,36.00274509803921,,,,,
2024-09-06 08:49:39,,,,,,,,,
2024-09-06 08:51:42,,,,41.76862745098039,,38.368235294117646,,38.22039215686274,
2024-09-06 08:54:46,,,,38.811764705882354,,,,,
2024-09-06 08:55:47,,,39.18137254901961,,,,37.48117647058824,,
2024-09-06 08:57:50,,,39.232549019607845,,,,,,
2024-09-06 09:00:53,,,,,,38.327914438502674,,,
2024-09-06 09:02:56,,,39.18809269162211,,,38.27415329768271,,,
2024-09-06 09:03:57,38.57521568627451,,,,,38.2875935828877,,,
2024-09-06 09:04:59,,,,,,38.20560784313726,,,
2024-09-06 09:06:00,,,,,38.22039215686274,38.17603921568628,,,
2024-09-06 09:08:02,39.25529411764706,,39.403137254901964,,,38.190823529411766,,,
2024-09-06 09:09:04,39.84666666666666,,,,,38.16125490196079,,,
2024-09-06 09:10:05,,,,,,38.17603921568628,,,
2024-09-06 09:13:08,,,39.31443137254902,,,38.13168627450981,,38.236819172113286,
2024-09-06 09:14:09,,,,39.015049019607844,,,,,
2024-09-06 09:17:13,,,,39.466498599439774,,,,,
2024-09-06 09:37:38,,,,,,,,38.335381263616554,
2024-09-06 09:41:43,,,,38.98424836601307,,,,38.25735294117647,
2024-09-06 09:42:44,,,,38.870901960784316,,,,38.31279411764706,
2024-09-06 09:43:45,,,,38.93003921568628,,,,38.349754901960786,
2024-09-06 09:44:47,,,,,,,,,
2024-09-06 09:45:48,,,,,,,,38.36823529411765,
2024-09-06 09:48:52,,,,,,,,38.31279411764706,
2024-09-06 09:53:58,,,,,,,,38.36823529411765,
2024-09-06 09:54:59,,,,38.959607843137256,,,,,
2024-09-06 10:04:10,,40.03675070028011,,,,,,,
2024-09-06 10:05:12,,40.03675070028011,,,,,,,
2024-09-06 10:06:13,,40.03675070028011,,,,,,,
2024-09-06 10:07:14,,40.01563025210084,,,,,,,
2024-09-06 10:08:15,,40.078991596638666,,,,,,,
2024-09-06 10:10:18,,,,,,,,,
2024-09-06 10:13:22,,39.95226890756302,,,,,,,
2024-09-06 10:15:25,39.99450980392157,,,,,,,,
2024-09-06 10:22:33,,,,,,,37.765490196078424,,
2024-09-06 10:23:35,,39.91002801120448,,,,,37.7663025210084,,
2024-09-06 10:24:36,,,,,,,37.65858823529411,,
2024-09-06 10:25:37,,,,,38.959607843137256,,,,
2024-09-06 10:26:38,40.14235294117647,,,,,,,,
2024-09-06 10:28:41,,,,,,,37.82614379084967,,
2024-09-06 10:30:44,,,,,,,,,
2024-09-06 10:36:51,38.959607843137256,,,,38.51607843137255,,37.79903921568627,,
2024-09-06 10:38:54,,,,,39.25529411764706,,37.79094304388421,,
2024-09-06 10:39:55,,,,,,,,,
2024-09-06 10:40:57,,,,,,,37.82185848252344,,
2024-09-06 10:41:58,,,,,,,37.838464052287584,,
2024-09-06 10:42:59,,,,,,,37.889223529411765,,
2024-09-06 10:44:00,,,,,,,37.90764705882353,,
2024-09-06 10:45:01,,,,,,,37.94113289760348,,
2024-09-06 10:50:07,,,,,,,37.96166666666666,,
2024-09-06 10:53:11,,,40.29019607843138,,,,38.0303081232493,,
2024-09-06 10:54:12,,,40.14235294117647,,,,38.077829131652656,,
2024-09-06 10:55:13,,,,,,,38.077829131652656,,
2024-09-06 10:56:15,,,,,,,38.07254901960785,,
2024-09-06 10:57:16,,,,,,,38.07764705882353,,
2024-09-06 10:58:17,,,,,,,38.12352941176469,,
2024-09-06 10:59:19,,,,,,,38.183431372549016,,
2024-09-06 11:00:20,,,,,,,38.19301379811184,,
2024-09-06 11:01:21,,,,,,,38.19764705882353,,
2024-09-06 11:02:23,,,,,,,38.16125490196079,,
2024-09-06 11:03:24,,,,,,,38.1587908496732,,
2024-09-06 11:04:25,,,,,,,38.281993464052285,,
2024-09-06 11:05:26,,,,,,,38.3168115942029,,
2024-09-06 11:06:28,,,,,,,38.32119429590018,,
2024-09-06 11:07:29,,,,,,,38.41527629233512,,
2024-09-06 11:08:30,,,,,,,38.43159663865546,,
2024-09-06 11:09:31,,,,,,,38.486509803921564,,
2024-09-06 11:10:32,,,,,,,38.419980392156866,,
2024-09-06 11:12:35,,,,,,,38.49273477812178,,
2024-09-06 11:27:54,,40.23475490196079,,,,,,,
2024-09-06 11:28:55,,,,,,,38.53347174163784,,
2024-09-06 11:36:03,,,,,,,,,
2024-09-06 11:37:05,,40.216274509803924,,,,,,,
2024-09-06 11:38:06,,40.15877995642702,,,,,,,
2024-09-06 11:39:07,,40.20806100217865,,,,,,,
2024-09-06 11:40:08,40.226834733893554,,,,,,,,
2024-09-06 11:41:09,40.197794117647064,,,39.25529411764706,,,,,
2024-09-06 11:42:11,,40.17520697167756,,,,,,,
2024-09-06 11:43:12,,40.15877995642702,,,,,,,
2024-09-06 11:44:13,40.20806100217865,,,,38.66392156862745,,38.43394335511984,,
2024-09-06 11:45:14,40.21627450980393,,,,,,,,
2024-09-06 11:52:23,,40.18670588235294,,,,,,,
2024-09-06 12:11:46,,,,,,,38.737843137254906,,
2024-09-06 12:15:51,,,,,,,,,
2024-09-06 12:17:54,40.3148366013072,,,,,,,,
2024-09-06 12:19:56,,,,39.40313725490196,39.10745098039216,,,,
2024-09-06 12:21:58,40.48028011204482,,,,,,36.59411764705882,39.99450980392157,
2024-09-06 12:23:00,,,,39.339775910364146,39.40313725490197,,,40.29019607843138,
2024-09-06 12:24:01,,40.85468805704101,,39.2975350140056,,40.14235294117647,,,
2024-09-06 12:25:02,,,,39.42425770308124,,,,39.99450980392157,
2024-09-06 12:26:04,,,,39.360896358543414,,,,,
2024-09-06 12:27:05,40.490840336134454,,,,39.99450980392157,,,,
2024-09-06 12:29:07,40.483529411764714,,,,,,,,
2024-09-06 12:36:16,,,,39.25529411764706,,,,39.55098039215687,
2024-09-06 12:37:18,,,,,,,,39.99450980392157,
2024-09-06 12:38:19,40.487320261437915,,,,,,,,
2024-09-06 12:42:24,40.46491978609626,40.9850588235294,,,,,,,
2024-09-06 12:43:25,,,39.25529411764706,,,,,,
2024-09-06 12:44:27,40.449411764705886,,,,,,,,
2024-09-06 12:45:28,,,,,,,,,40.14235294117647
2024-09-06 12:46:29,40.49490196078432,40.940705882352944,,,,,,,
2024-09-06 12:47:30,,40.80092691622104,,,,,,,
2024-09-06 12:48:31,,,,,,40.05787114845939,,,
2024-09-06 12:49:33,,40.790588235294116,,,,,,,
2024-09-06 12:50:34,,40.88156862745099,,,,40.16347338935575,,,
2024-09-06 13:32:26,,41.00666666666667,,,,,,,
2024-09-06 13:34:28,40.60559477124183,,,,,,,,
2024-09-06 13:36:30,,,,,,,,,
2024-09-06 13:38:33,,,,,,40.56476190476191,,,
2024-09-06 13:39:34,,,,,,,38.22039215686274,,
2024-09-06 13:47:44,,,,,,40.43803921568628,,,
2024-09-06 13:57:57,,40.76657952069718,,,,,,,
2024-09-06 14:00:00,40.59573856209152,,,,,,,,
2024-09-06 14:01:01,40.54892156862745,,,,,,,,
2024-09-06 14:02:02,40.51688888888889,40.726333333333336,,,,,,,
2024-09-06 14:03:03,40.53660130718955,40.677404295051346,,,,,,,
2024-09-06 14:04:05,40.543641456582634,40.649243697478994,,39.05368983957219,,40.3000522875817,,,
2024-09-06 14:05:06,40.38117647058824,40.5647619047619,,39.058169934640524,,40.3000522875817,,,
2024-09-06 14:06:07,40.385238095238094,40.48732026143791,,,,40.18459383753501,,,
2024-09-06 14:07:08,,,,39.0212091503268,,,,,
2024-09-06 14:08:10,40.42747899159664,40.36059757236228,,39.07049019607843,,,,,
2024-09-06 14:09:11,,40.39579831932774,,,,,,,
2024-09-06 14:10:12,40.385238095238094,40.39099821746881,,39.09513071895425,,,,,
2024-09-06 14:11:13,,,,39.07049019607843,,,,,
2024-09-06 14:12:15,40.39579831932773,40.39947144075022,,39.04584967320262,,40.30005228758171,,,
2024-09-06 14:13:16,,,,39.058169934640524,,,,,
2024-09-06 14:14:17,40.39579831932773,40.39947144075022,,39.095130718954245,,40.39183823529412,,,
2024-09-06 14:15:19,,40.405899403239566,,38.98648841354724,,40.438039215686274,,,
2024-09-06 14:16:20,40.43803921568628,40.40723856209151,,,,40.45543252595156,,,
2024-09-06 14:17:21,,40.42029803921569,,,,40.44673587081892,,,
2024-09-06 14:18:22,,40.425718954248374,,38.854005602240896,,40.438039215686274,,,
2024-09-06 14:20:25,,40.39947144075022,,,,40.438039215686274,,,
2024-09-06 14:21:26,,40.384278074866316,,38.644209150326795,,,,,
2024-09-06 14:22:27,40.27171568627451,40.36059757236228,,,,,,,
2024-09-06 14:23:28,,40.371509803921576,,,,,,,
2024-09-06 14:24:29,,40.35672549019608,,,,40.2690756302521,,,
2024-09-06 14:25:30,40.26555555555556,40.352445820433445,,,,,,,
2024-09-06 14:26:32,,40.347690631808284,,,,,,,
2024-09-06 14:27:33,,40.324982698961946,,,,40.30075630252101,,,
2024-09-06 14:28:34,,,,,,40.29019607843138,,,
2024-09-06 14:29:35,,,,,,40.267450980392155,,,
2024-09-06 14:30:37,,,,,,40.401078431372554,,,
2024-09-06 14:32:39,,40.353557422969196,,,,40.31707664884136,,,
2024-09-06 14:34:42,,40.36980392156863,,38.055155709342564,,,,,
2024-09-06 14:35:43,,40.364117647058826,,38.0561220043573,,,,,
2024-09-06 14:36:44,,,,38.07254901960785,,,,,
2024-09-06 14:38:47,,,,38.08124567474049,,,,,
2024-09-06 14:39:48,,,,38.08124567474049,,,,,
2024-09-06 14:40:50,,,,38.05406862745098,,,,,
2024-09-06 14:41:51,,,,38.05406862745098,,,,,
2024-09-06 14:42:52,,,,38.06330882352941,,,,,
2024-09-06 14:43:54,,,,38.035588235294114,,,,,
2024-09-06 14:45:56,,,,38.06330882352941,,,,,
2024-09-06 14:46:57,,,,38.06330882352941,,,,,
2024-09-06 14:53:05,,,,38.00786764705882,,,,,
2024-09-06 14:54:07,,,,38.035588235294114,,,,,
2024-09-06 14:55:08,,,,38.02634803921569,,,,,
2024-09-06 14:56:09,,,,38.02634803921569,,,,,
2024-09-06 14:57:10,,,,38.02634803921569,,,,,
2024-09-06 14:58:12,,,,38.00355555555555,,,,,
2024-09-06 15:01:15,39.961655773420475,40.585882352941184,,,,,,,
2024-09-06 15:02:17,39.92880174291938,,40.21627450980392,,,,,,
2024-09-06 15:03:18,39.91237472766884,,,,,,,,
2024-09-06 15:04:19,,,40.21627450980392,,,,,,
2024-09-06 15:05:20,39.9501568627451,,40.22299465240641,,,,,,
2024-09-06 15:07:23,40.04827094474154,,,,,,,,
2024-09-06 15:38:00,,,40.1916339869281,,,,,,
2024-09-06 15:40:03,,,40.20395424836601,,,,,,
2024-09-06 15:41:04,,39.649542483660134,,,,,,,
2024-09-06 15:42:05,39.98218954248366,,40.17931372549019,,,,,,
2024-09-06 15:43:06,39.98218954248366,,40.1916339869281,,,,,,
2024-09-06 15:44:08,39.99450980392157,,40.1916339869281,,,,,,
2024-09-06 15:45:09,,39.20601307189543,,,,,,,
2024-09-06 16:02:30,39.99450980392157,,40.20395424836601,,,,,,
2024-09-06 16:03:31,,,40.1916339869281,,,,,,
2024-09-06 16:07:36,,39.18958605664488,,,,,,,
2024-09-06 16:22:55,,,,,,36.59411764705882,,,
2024-09-06 16:23:56,,,,38.811764705882354,,,,,
2024-09-06 16:24:57,,39.10745098039216,,,,37.629019607843134,,,
2024-09-06 16:25:59,39.858039215686276,39.1880926916221,40.093071895424835,,,,,,
2024-09-06 16:27:00,,,,,,,37.83230392156863,,
2024-09-06 16:31:05,,,,,,,,,
2024-09-06 16:33:07,,,,,,,37.94318627450981,,
2024-09-06 16:34:08,39.8572268907563,,,,,,37.96166666666667,,
2024-09-06 16:35:10,,39.292254901960796,,,,36.44627450980393,37.9986274509804,,
2024-09-06 16:36:11,,39.31689542483661,,,,36.88980392156863,37.906225490196086,,
2024-09-06 16:37:12,,39.40313725490197,,,,36.741960784313726,37.83230392156863,,
2024-09-06 16:38:13,,,,,,,37.88774509803922,,
2024-09-06 16:39:15,,,,,,,,,
2024-09-06 16:40:16,,,,,,,37.90622549019608,,
2024-09-06 16:55:34,40.3977183600713,,,,,,,,
2024-09-06 16:59:39,40.3977183600713,,,,,,,,
2024-09-06 17:00:41,40.3271568627451,39.308095238095234,,,,,,,
2024-09-06 17:01:42,40.31294117647058,39.308095238095234,,,,,,,
2024-09-06 17:02:43,,39.23417366946779,,,,,,,
2024-09-06 17:03:45,40.35179738562092,39.20249299719888,,,,,,,
2024-09-06 17:08:51,,39.215869281045755,,,,,,,
2024-09-06 17:11:55,40.34395721925134,,,,,,,,
2024-09-06 17:12:56,40.34395721925134,,,,,,,,
2024-09-06 18:09:05,,,,,,,,,
2024-09-06 18:10:06,40.21627450980392,,,,,,,,
2024-09-06 18:11:07,,,,,,,,,
2024-09-06 18:12:08,,39.329215686274516,,,,38.19575163398693,,,
2024-09-06 18:13:10,,,,37.18549019607843,,,,,
2024-09-06 18:14:11,,39.34400000000001,,36.88980392156863,,38.22039215686275,,,
2024-09-06 18:15:12,,39.382016806722696,,,,,,,
2024-09-06 18:16:14,,,,37.629019607843134,,,,,
2024-09-06 18:17:15,40.487320261437915,,,,,,,,
2024-09-06 18:18:16,40.49348039215686,,,,,38.5832798573975,,,
2024-09-06 18:19:18,,39.428849104859346,,,,38.466797385620914,,,
2024-09-06 18:20:19,,39.416577540106964,,,,,,,
2024-09-06 18:21:20,,39.41721755368815,,,,,,,
2024-09-06 18:22:21,,39.425313725490206,,,,,,,
2024-09-06 18:23:23,,39.425313725490206,,,,,,,
2024-09-06 18:24:24,,39.417921568627456,,,,,,,
2024-09-06 18:25:25,,39.417921568627456,,,,,,,
2024-09-06 18:26:26,,39.417921568627456,,,,38.56535947712418,,,
2024-09-06 18:27:27,,39.34400000000001,,,,,,,
2024-09-06 18:28:29,39.572100840336134,39.284862745098046,,,,,,,
2024-09-06 18:29:30,,39.269374416433244,,,,38.48919786096257,,,
2024-09-06 18:30:31,,39.23417366946779,,,,38.38301960784314,,,
2024-09-06 18:31:33,,39.240509803921576,,,,38.54893246187364,,,
2024-09-06 18:32:34,,,,,,38.756323529411766,,,
2024-09-06 18:33:35,,,,,,38.79533769063181,,,
2024-09-06 18:34:37,,39.321823529411766,,,,38.828191721132896,,,
2024-09-06 18:36:39,38.41751633986928,,,,,,,,
2024-09-06 18:39:43,38.36823529411765,,,,,,,,
2024-09-06 18:54:00,,,,38.22039215686274,38.42737254901961,,,,
2024-09-06 18:56:03,,,,38.66392156862745,,,,,
2024-09-06 18:57:04,38.52839869281046,,,,38.42737254901961,,,38.51607843137255,
2024-09-06 18:58:05,38.52839869281046,,,,38.30909803921569,,,38.66392156862745,
2024-09-06 18:59:07,,,,,38.39780392156863,,,,
2024-09-06 19:00:08,,39.44009803921569,,,38.30909803921569,,,,38.66392156862745
2024-09-06 19:01:09,,39.470338680926915,,,,,,38.66392156862745,
2024-09-06 19:02:10,38.95960784313726,39.491843137254904,,,38.48650980392157,,,38.36823529411765,
2024-09-06 19:03:12,38.95960784313726,39.48527233115468,,,,,,38.66392156862745,
2024-09-06 19:04:13,,,38.811764705882354,,,,,,
2024-09-06 19:05:14,38.50375816993465,,,,,,,,
2024-09-06 19:23:37,,39.20601307189543,,,,38.811764705882354,,,
2024-09-06 19:27:42,,,,,,38.22039215686274,,,
2024-09-06 19:29:44,38.60232026143791,,,,,,,,
2024-09-06 19:31:47,,,,,,,38.36823529411765,,
2024-09-06 19:32:48,38.2943137254902,,,,,,,,
2024-09-06 19:36:53,38.235176470588236,,,,,,,,
2024-09-06 20:26:54,38.35479500891266,,,,,,,,
2024-09-06 20:27:56,,,,,,,,,38.48439775910365
2024-09-06 20:28:57,,,,,,,,,
2024-09-06 20:29:58,,,,,,,,,38.47383753501401
2024-09-06 20:30:59,,,,,,,,,38.42509803921569
2024-09-06 20:32:00,,,,,,,,,38.33655462184874
2024-09-06 20:34:03,,,,,,,,,38.35767507002801
2024-09-06 20:35:04,39.08470588235295,,,,,,,,38.3879477124183
2024-09-06 20:36:05,,,,,,,,,38.39780392156863
2024-09-06 20:37:07,,,,,,,,,38.37809150326798
2024-09-06 20:38:08,,,,,,,,,38.38794771241831
2024-09-06 20:39:09,,,,,,,,,38.39780392156863
2024-09-06 20:40:11,,,,,,,,,38.37809150326798
2024-09-06 20:41:12,,,,,,,,,38.37809150326798
2024-09-06 20:42:13,,,,,,,,,38.38794771241831
2024-09-06 20:44:15,39.07266435986159,,,,,,,,
2024-09-06 20:45:17,39.10745098039216,,,,,,,,
2024-09-06 20:47:19,39.14030501089324,,,,,,,,
2024-09-06 20:48:20,39.14635706914345,,,,,,,,
2024-09-06 20:49:22,,,,,,,,,
2024-09-06 20:54:28,39.12153127917834,,,,,,,,
2024-09-06 20:55:29,39.14105169340463,,,,,,,,
2024-09-06 20:56:30,39.16530264279625,,,,,,,,38.38466230936819
2024-09-06 20:57:32,39.171730605285596,,,,,,,,
2024-09-06 20:58:33,39.1690522875817,,,,,,,,
2024-09-06 20:59:34,39.17250196078432,,,,,,,,
2024-09-06 21:01:37,39.17568627450981,,,,,,,,
2024-09-06 21:02:38,39.19506172839506,,,,,,,,
2024-09-06 21:03:39,39.19721288515406,,,,,,,,
2024-09-06 21:04:40,39.20941176470588,,,,,,,,
2024-09-06 21:05:42,39.225725490196076,,,,,,,,
2024-09-06 21:06:43,39.24050980392157,,,,,,,,
2024-09-06 21:07:44,39.24050980392157,,,,,,,,
2024-09-06 21:08:45,39.225725490196076,,,,,,,,
2024-09-06 21:09:47,39.24509803921569,,,,,,,,
2024-09-06 21:10:48,39.27113445378152,,,,,,,,
2024-09-06 21:11:49,39.292254901960796,,,,,,,,
2024-09-06 21:12:50,39.28814814814815,,,,,,,,
2024-09-06 21:13:52,39.32647785039943,,,,,,,,
2024-09-06 21:14:53,39.35933188090052,,,,,,,,
2024-09-06 21:15:54,39.35764705882354,,,,,,,,
2024-09-06 21:16:55,39.23254901960785,,,,,,,,
2024-09-06 21:17:56,39.23163921568628,,,,,,,,
2024-09-06 21:18:57,39.21833333333334,,,,,,,,
2024-09-06 21:19:59,39.223154305200346,,,,,,,,
2024-09-06 21:21:00,39.2082531194296,,,,,,,,
2024-09-06 21:23:03,39.206013071895434,,,,,,,,
2024-09-06 21:25:05,39.22572549019609,,,,,,,,
2024-09-06 21:26:06,39.26307533539732,38.959607843137256,,,,,,,
2024-09-06 21:28:09,,,,,,38.51607843137255,37.27419607843138,,
2024-09-06 21:29:10,,39.181372549019606,,,,,,,
2024-09-06 21:30:11,39.14441176470589,,,,,,,,
2024-09-06 21:33:15,,,,,,38.811764705882354,,,
2024-09-06 21:34:16,39.128571428571426,,,,,,,,
2024-09-06 21:35:17,39.09607843137255,39.587941176470586,,,,36.59411764705882,,,
2024-09-06 21:39:22,,,,,,,,,
2024-09-06 21:59:48,,,37.92470588235294,,38.959607843137256,,,,
2024-09-06 22:01:50,,,,,37.77686274509804,,37.30376470588236,,
2024-09-06 22:02:52,,,,,,,37.36290196078432,,
2024-09-06 22:11:01,,,,,,,37.18549019607843,,
2024-09-06 22:15:06,,,,,,,37.15592156862745,,
2024-09-07 00:51:17,,,,,,,,,
2024-09-07 00:54:20,,39.60316032295271,,,,,,,
2024-09-07 00:55:22,,39.59446366782007,,38.36823529411765,,,,,
2024-09-07 00:56:23,,39.55098039215686,,,,39.29225490196079,,,
2024-09-07 00:58:25,,39.634142156862744,,,,,,,
2024-09-07 01:01:29,,39.56083660130719,,,,,,,
2024-09-07 01:02:30,,39.53126797385621,,,,,,,
2024-09-07 01:03:31,,39.569460784313726,,,,,,,
2024-09-07 02:38:28,,39.69882352941177,,,,39.69882352941176,,,
2024-09-07 02:39:29,39.86778711484594,39.75426470588235,,,,40.349333333333334,,,
2024-09-07 02:40:31,39.86637908496732,39.72491349480969,,,,40.37890196078431,,,
2024-09-07 02:42:33,,,,,,,,,
2024-09-07 02:54:48,,,,,40.88156862745098,,,,
2024-09-07 02:55:50,40.08147635524798,,,,,,,,
2024-09-07 02:57:52,,,,,,,,,
2024-09-07 02:58:53,40.05675954592363,39.71898395721926,,,,,,,
2024-09-07 02:59:55,40.04625490196078,,,,,40.46760784313725,,,
2024-09-07 03:00:56,40.03675070028011,,,,,,,,
2024-09-07 03:01:57,40.04827094474153,,,,,,,,
2024-09-07 03:02:59,40.05236146632566,,,,,,,,
2024-09-07 03:04:00,40.06227124183007,,,,,,,,
2024-09-07 03:05:01,40.035905882352935,,,,,,,,
2024-09-07 03:06:02,40.051372549019604,39.7996256684492,,,,,,,
2024-09-07 03:07:03,40.03831517792301,39.7861853832442,,,,,,,
2024-09-07 03:08:05,40.02091036414566,39.77274509803922,,,,,,,
2024-09-07 03:09:06,40.01563025210084,39.77946524064172,,,,,,,
2024-09-07 03:10:07,39.989229691876744,39.76602495543673,,,,,,,
2024-09-07 03:11:08,39.95882352941175,39.6517825311943,,,,,,,
2024-09-07 03:12:10,39.925516339869276,39.68596760443309,,,,,,,
2024-09-07 03:13:11,39.88609150326796,39.66186274509804,,,,,,,
2024-09-07 03:14:12,39.85159477124182,39.6456,,,,,,,
2024-09-07 03:15:13,39.81709803921568,39.68108235294118,,,,,,,
2024-09-07 03:16:14,39.78260130718954,39.71065098039216,,,,,,,
2024-09-07 03:17:15,39.75796078431372,39.71019607843137,,,,,,,
2024-09-07 03:18:16,39.73824836601307,39.720726216412494,,,,,,,
2024-09-07 03:19:18,39.71853594771242,39.71466386554622,,,,,,,
2024-09-07 03:20:19,39.72839215686274,39.72941176470588,,,,,,,
2024-09-07 03:21:20,39.703751633986926,39.7333202614379,,,,,,,
2024-09-07 03:22:21,39.71360784313725,39.738248366013075,,,,,,,
2024-09-07 03:23:23,39.703751633986926,39.73824836601307,,,,,,,
2024-09-07 03:24:24,39.6791111111111,39.73332026143791,,,,,,,
2024-09-07 03:25:25,39.6938954248366,39.74317647058823,,,,,,,
2024-09-07 03:26:26,39.67911111111111,39.75303267973856,,,,,,,
2024-09-07 03:27:27,,39.7481045751634,,,,,,,
2024-09-07 03:28:28,39.66925490196079,39.76781699346405,,,,,,,
2024-09-07 03:29:30,39.64461437908497,39.77767320261437,,,,,,,
2024-09-07 03:30:31,39.6544705882353,39.757960784313724,,,,,,,
2024-09-07 03:31:32,39.649542483660134,,,,,,,,
2024-09-07 03:32:33,39.62490196078431,39.75303267973856,,,,,,,
2024-09-07 03:33:35,39.59533333333332,39.73824836601307,,,,,,,
2024-09-07 03:34:36,39.590405228758165,39.73332026143791,,,,,,,
2024-09-07 03:35:37,39.54112418300654,39.71360784313726,,,,,,,
2024-09-07 03:36:38,39.55590849673203,39.72346405228759,,,,,,,
2024-09-07 03:37:40,39.560836601307194,39.728392156862746,,,,,,,
2024-09-07 03:38:41,39.59040522875817,39.74317647058823,,,,,,,
2024-09-07 03:39:42,39.61997385620916,39.757960784313724,,,,,,,
2024-09-07 03:40:43,39.61997385620916,39.762888888888895,,,,,,,
2024-09-07 03:41:45,39.66432679738562,39.77274509803921,,,,,,,
2024-09-07 03:42:46,39.67911111111111,39.77274509803921,,,,,,,
2024-09-07 03:43:47,39.718535947712425,39.77274509803921,,,,,,,
2024-09-07 03:44:49,39.739607843137264,39.77767320261437,,,,,,,
2024-09-07 03:45:50,39.74106442577032,39.80724183006536,,,,,,,
2024-09-07 03:46:51,39.76218487394958,39.80588235294118,,,,,,,
2024-09-07 03:47:53,39.7938655462185,39.83082633053222,,,,,,,
2024-09-07 03:48:54,,39.835715323166305,,,,,,,
2024-09-07 03:49:55,39.80442577030812,39.830239651416115,,,,,,,
2024-09-07 03:50:56,,39.81381263616558,,,,,,,
2024-09-07 03:51:58,39.808336964415396,39.79549019607843,,,,,,,
2024-09-07 03:52:59,39.81928830791576,39.80686274509804,,,,,,,
2024-09-07 03:54:00,39.824763979665946,39.805270588235295,,,,,,,
2024-09-07 03:55:02,39.82476397966594,39.77570196078432,,,,,,,
2024-09-07 03:56:03,39.84119099491649,39.805270588235295,,,,,,,
2024-09-07 03:57:04,39.85235294117648,39.805270588235295,,,,,,,
2024-09-07 03:58:05,39.88806274509804,39.805270588235295,,,,,,,
2024-09-07 03:59:06,39.882149019607844,39.7875294117647,,,,,,,
2024-09-07 04:00:08,,39.78161568627451,,,,,,,
2024-09-07 06:10:46,,39.83483921568627,,,,,,,
2024-09-07 06:12:49,39.9412862745098,,,,,,,,
2024-09-07 06:13:50,39.92945882352941,,,,,,,,
2024-09-07 06:14:51,39.935372549019604,,,,,38.867205882352934,,,
2024-09-07 06:15:52,39.98859607843137,40.03590588235294,,,,,,,
2024-09-07 06:16:54,,40.03590588235294,,,,,,,
2024-09-07 06:17:55,40.02531045751633,,,,,,,,
2024-09-07 06:18:56,40.01299019607843,40.01225098039216,,,,,,,
2024-09-07 06:21:59,40.00683006535947,,,,,,,,
2024-09-07 06:23:01,40.01299019607843,40.059560784313724,,,,,,,
2024-09-07 06:25:03,40.00066993464052,40.01225098039215,,,,39.33977591036415,,,
2024-09-07 06:26:04,,40.04773333333333,,,,39.3045751633987,,,
2024-09-07 06:27:05,,40.04773333333333,,,,39.32921568627451,,,
2024-09-07 06:28:07,39.957549019607846,40.04773333333333,,,,,,,
2024-09-07 06:29:08,39.926748366013065,40.03590588235294,,,,,,,
2024-09-07 06:30:09,39.935372549019604,,,,,39.403137254901964,,,
2024-09-07 06:31:10,39.931960784313716,39.95902745098039,,,,39.44204334365325,,,
2024-09-07 06:32:11,39.92058823529411,,,,,39.4253137254902,,,
2024-09-07 06:33:12,39.90921568627451,,,,,39.410177404295055,,,
2024-09-07 06:34:14,39.88647058823529,40.02091036414566,,,,39.473538748832866,,,
2024-09-07 06:35:15,39.86941176470588,40.03147058823529,,,,,,,
2024-09-07 06:36:16,,40.03147058823529,,,,,,,
2024-09-07 06:37:17,39.8630936819172,40.04039215686275,,,,39.47705882352941,,,
2024-09-07 06:38:19,39.85214233841684,40.04549019607843,,,,39.48592941176471,,,
2024-09-07 06:39:20,39.84119099491648,40.048718954248365,,,,39.49411764705882,,,
2024-09-07 06:40:21,39.846666666666664,40.05857516339869,,,,39.490748002904866,,,
2024-09-07 06:41:22,39.84666666666666,40.01915032679738,,,,39.545504720406676,,,
2024-09-07 06:42:23,39.87509803921568,40.02407843137255,,,,39.5400290486565,,,
2024-09-07 06:43:24,39.863725490196074,40.024078431372544,,,,39.55645606390704,,,
2024-09-07 06:44:26,39.858494117647055,40.004366013071895,,,,39.55645606390704,,,
2024-09-07 06:45:27,39.8405065359477,39.9895816993464,,,,39.55626050420168,,,
2024-09-07 06:46:28,39.827382779198636,39.8959477124183,,,,39.598501400560224,,,
2024-09-07 06:47:30,,39.84173856209149,,,,39.66714285714285,,,
2024-09-07 06:48:31,39.827382779198636,39.767816993464045,,,,39.69882352941176,,,
2024-09-07 06:49:32,39.83322638146167,39.70867973856208,,,,39.69882352941176,,,
2024-09-07 06:50:33,39.68538324420678,39.69882352941175,,,,39.73294117647059,,,
2024-09-07 06:51:34,39.6450623885918,39.71411764705881,,,,39.72725490196079,,,
2024-09-07 06:52:36,39.66522281639929,39.698823529411754,,,,39.67516862745098,,,
2024-09-07 06:53:37,39.64250233426704,39.63546218487395,,,,39.6803431372549,,,
2024-09-07 06:54:38,39.62842203548086,39.62763979665941,,,,39.653827791986366,,,
2024-09-07 06:55:39,39.579140989729225,39.6878721859114,,,,39.65850267379679,,,
2024-09-07 06:56:40,,39.693347857661585,,,,39.642502334267036,,,
2024-09-07 06:57:41,,39.66596949891067,,,,39.61434173669468,,,
2024-09-07 06:58:42,,39.64954248366013,,,,39.55802054154996,,,
2024-09-07 06:59:44,,39.64406681190995,,,,,,,
2024-09-07 07:00:45,,39.633115468409585,,,,39.48057889822596,,,
2024-09-07 07:01:46,,39.64954248366013,,,,39.440098039215684,,,
2024-09-07 07:02:47,39.541740196078436,39.624901960784314,,,,39.41091847265222,,,
2024-09-07 07:03:48,39.560836601307194,39.61921568627451,,,,39.427777777777784,,,
2024-09-07 07:05:51,,39.57372549019608,,,,,,,
2024-09-07 07:06:52,,39.60215686274509,,,,,,,
2024-09-07 07:13:00,39.550980392156866,,,,,,,,
2024-09-07 07:42:35,,,37.629019607843134,,,,,,
2024-09-07 07:46:41,,,,,,,,,
2024-09-07 07:52:48,39.723464052287575,,,,,,,,
2024-09-07 07:54:51,39.76602495543671,,,,,,,,
2024-09-07 07:56:53,39.6396862745098,39.51117647058823,,,,,,,
2024-09-07 07:57:54,,39.54506666666666,,,,,,,
2024-09-07 07:58:56,,39.56330065359477,,,,39.45241830065359,,,
2024-09-07 07:59:57,39.595333333333336,39.576692242114234,,38.22039215686274,,39.366176470588236,,,
2024-09-07 08:00:58,,39.57786096256684,,,,39.384656862745096,,,
2024-09-07 08:03:00,,39.579140989729225,,,,,,,
2024-09-07 08:08:07,,,,,,,,40.29019607843138,
2024-09-07 08:09:08,,39.632294117647064,,,,,,,
2024-09-07 08:11:10,,39.66925490196078,39.55098039215687,,,,,,
2024-09-07 08:12:11,,39.6396862745098,,,,,,,
2024-09-07 08:15:15,,39.64435500515996,,,,,,,
2024-09-07 08:17:18,39.888907563025214,39.65991744066047,,,,,,,
2024-09-07 08:18:19,39.867787114845946,39.65213622291021,,,,,,,
2024-09-07 08:19:20,39.931148459383756,39.74551083591331,,,,,,,
2024-09-07 08:23:25,,39.784416924664605,,,,,,,
2024-09-07 08:24:26,,,,,,,,,
2024-09-07 08:26:29,,,,,,,42.064313725490194,,
2024-09-07 08:27:30,,,,,,,38.22039215686274,,
2024-09-07 08:29:33,,,,,37.99862745098039,,,,
2024-09-07 08:30:34,,,,38.47575757575757,37.98630718954248,,,,
2024-09-07 08:31:35,,,,,37.99294117647059,,,,
2024-09-07 08:32:36,,,,38.503758169934635,38.24151260504202,,,,37.53045751633987
2024-09-07 08:33:37,,39.69882352941176,,38.51607843137255,,,,,37.60437908496733
2024-09-07 08:34:39,39.55098039215687,39.685383244206776,,38.51607843137255,38.25981699346405,38.07254901960785,,,37.62901960784314
2024-09-07 08:35:40,,39.69882352941176,,38.51607843137255,,,,,
2024-09-07 08:36:41,,,,38.51607843137255,38.34051470588235,,,,
2024-09-07 08:37:43,,,,38.34549019607843,38.31279411764706,,,,
2024-09-07 08:38:44,,,,38.34549019607843,38.35953863898501,,,,
2024-09-07 08:39:45,,39.403137254901964,,38.34549019607843,38.35953863898501,,,,
2024-09-07 08:41:48,,,,,38.35953863898501,,,,
2024-09-07 08:42:49,,,,38.35686274509804,38.36823529411764,,,,
2024-09-07 08:43:50,,,,,38.376931949250285,,,,
2024-09-07 08:44:52,39.99450980392157,,,,38.376931949250285,,,,
2024-09-07 08:45:53,,,,38.34549019607843,,,,,38.166631016042786
2024-09-07 08:46:54,,,,38.334117647058825,,,,,38.15319073083779
2024-09-07 08:47:55,,,,38.33127450980392,38.41751633986928,,,,
2024-09-07 08:48:56,,,,,,,,,38.11690196078432
2024-09-07 08:49:58,,,,,,37.03764705882353,,,
2024-09-07 08:50:59,,,,,38.49333333333333,,37.18549019607843,,
2024-09-07 08:52:00,,,,,38.41751633986928,,,,38.15703081232493
2024-09-07 08:57:06,,,,,,,,38.28610021786493,
2024-09-07 08:59:09,,,,37.91126559714796,,,,38.253246187363835,
2024-09-07 09:00:10,,,,,38.589999999999996,,38.959607843137256,,
2024-09-07 09:01:11,,,,,,,38.66392156862745,38.20560784313726,
2024-09-07 09:02:13,,,,,,,38.51607843137255,,
2024-09-07 09:03:14,,,,,,,,38.22039215686275,38.199271708683476
2024-09-07 09:04:15,,,,,,,,,38.15703081232493
2024-09-07 09:05:17,,,,,,,,,38.135910364145666
2024-09-07 09:06:18,,,,,,,39.10745098039216,,38.05142857142857
2024-09-07 09:09:22,,,,,,,,38.327914438502674,
2024-09-07 09:10:23,,,,,,,,38.327914438502674,
2024-09-07 09:11:24,,,,,,,,38.35479500891266,
2024-09-07 09:17:32,,,,36.62368627450981,,,,,
2024-09-07 09:18:33,,,,36.62368627450981,,,,38.31447415329769,
2024-09-07 09:20:35,,,,,,,,38.274153297682716,
2024-09-07 09:21:36,,,,36.62368627450981,,,,,
2024-09-07 09:22:38,,,,36.62368627450981,,,,,
2024-09-07 09:23:39,,,,36.59411764705882,,,,,
2024-09-07 09:30:48,,,,,,,,38.235176470588236,
2024-09-07 09:34:53,,,,,,38.959607843137256,,38.08733333333333,
2024-09-07 09:35:54,,,,,,39.10745098039216,,,
2024-09-07 09:36:56,,39.550980392156866,,,,,,,
2024-09-07 09:37:57,,39.550980392156866,,,,,,,
2024-09-07 09:38:58,,39.550980392156866,,,,,,,
2024-09-07 09:41:01,,,,,,,,,
2024-09-07 09:42:02,,39.45857843137256,,,,,,,
2024-09-07 09:43:03,,39.38671023965142,,,,,,,
2024-09-07 09:44:05,,39.403137254901964,,,,,,,
2024-09-07 09:47:09,,,,,,,,,
2024-09-07 09:48:10,,,,,,39.84666666666667,,,
2024-09-07 09:49:11,,,,,,39.84666666666667,,,
2024-09-07 09:50:13,,,,,,,39.84666666666666,,
2024-09-07 09:51:14,,,,36.59411764705882,,,,,
2024-09-07 09:52:15,,,,,,,,,
2024-09-07 09:53:16,,,,,,,,38.17111111111111,
2024-09-07 09:54:18,,,,,,,,38.07254901960784,
2024-09-07 10:00:25,,,,,,,,,
2024-09-07 10:01:26,,,,36.741960784313726,,,,37.9838431372549,
2024-09-07 10:02:27,,,,,,,,37.9838431372549,
2024-09-07 10:03:29,,,,36.44627450980393,38.36823529411765,,,,
2024-09-07 10:04:30,40.14235294117647,39.31865546218488,,,,,37.90358543417367,,
2024-09-07 10:05:31,39.84666666666666,39.35385620915033,,,,40.88156862745098,,,
2024-09-07 10:06:33,,39.37356862745098,,,,40.585882352941184,,,
2024-09-07 10:07:34,39.55098039215687,39.25529411764706,,,,41.02941176470589,,,
2024-09-07 10:09:36,,,,,,,37.61259259259259,,
2024-09-07 10:10:37,,,39.304575163398695,,,,,,
2024-09-07 10:11:39,,,39.358784313725494,,,,,,
2024-09-07 10:12:40,,,39.376256684491985,,,,,,
2024-09-07 10:13:41,,,39.36281639928699,,,,,,
2024-09-07 10:14:43,,,39.329215686274516,,,,,,
2024-09-07 10:17:46,,,,,,,,,
2024-09-07 10:24:55,,,,,,,37.37365418894831,,
2024-09-07 10:25:56,,,39.29225490196078,,,,37.48117647058824,,
2024-09-07 10:26:58,,,39.26761437908497,,,,37.440855614973266,,
2024-09-07 10:27:59,,,,,,,37.6827807486631,,
2024-09-07 10:29:00,,,39.28941176470589,,,,,,
2024-09-07 10:31:03,,,,,,,37.271732026143795,39.84666666666666,
2024-09-07 10:32:04,,,,,,,,40.14235294117647,
2024-09-07 10:34:07,,,39.209803921568636,,,,37.49254901960784,,
2024-09-07 10:36:09,,,,,,,,,
2024-09-07 10:37:10,39.79738562091503,,,,,,,,
2024-09-07 10:39:13,,,39.23065359477125,,,,37.299215686274515,40.438039215686274,
2024-09-07 10:40:14,,,39.24185383244207,,,,37.53397759103642,,
2024-09-07 10:43:18,,,,,,39.99450980392157,,,
2024-09-07 10:44:19,,,39.37028322440088,,,,37.51074509803922,,
2024-09-07 10:45:20,39.886987522281636,,,,,,,,
2024-09-07 10:46:22,39.90042780748663,,,,,,,,
2024-09-07 10:47:23,39.90042780748663,,,,,,,,
2024-09-07 10:48:24,39.90042780748663,,,,,,,,
2024-09-07 10:49:26,39.886987522281636,,,,,,,,
2024-09-07 10:50:27,,,39.28486274509804,,,,37.555098039215686,,
2024-09-07 10:56:34,,,,,,,37.48117647058823,,
2024-09-07 11:08:49,,,,,,,37.62901960784314,,
2024-09-07 11:19:01,39.92730837789661,,,,,,,,
2024-09-07 11:20:02,39.886987522281636,,,,,38.51607843137255,,,
2024-09-07 11:29:13,39.96494117647059,,,,,,,,
2024-09-07 11:42:30,,,,,,,37.76454248366013,,
2024-09-07 11:44:32,,,,,,,37.739901960784316,,
2024-09-07 11:45:33,,,,,,,37.91126559714796,,
2024-09-07 11:46:35,39.961655773420475,40.29019607843138,,,,,,,
2024-09-07 11:52:42,,39.99450980392157,,,,,,,
2024-09-07 11:53:44,,,,,,40.73372549019608,,,
2024-09-07 11:55:46,,,,,,,,,
2024-09-07 12:03:57,,,,,39.25529411764706,,,,
2024-09-07 12:04:58,,,,39.84666666666666,39.69882352941177,,38.095294117647065,,
2024-09-07 12:05:59,,,,,40.14235294117647,,,,
2024-09-07 12:09:03,,,,,39.55098039215687,,,,
2024-09-07 12:26:25,,,,,,,37.913333333333334,,
2024-09-07 13:04:11,,,,39.84666666666666,,,,,
2024-09-07 13:06:14,,39.69882352941177,,,,,,,
2024-09-07 13:07:15,,,,39.40313725490197,,,,,
2024-09-07 13:25:38,,,,,,,37.98938725490196,,
2024-09-07 13:28:41,,,40.14235294117647,,,,37.99862745098039,,
2024-09-07 13:36:51,,,,,,38.33127450980392,,,
2024-09-07 13:37:53,,,,,,,37.90499346405228,,
2024-09-07 13:40:56,,,,,,38.05406862745098,37.88774509803922,,
2024-09-07 13:41:58,,,,,,38.220392156862744,,,
2024-09-07 13:44:00,,40.438039215686274,,,,,,,
2024-09-07 13:51:09,,,,,,37.77686274509805,,,
2024-09-07 13:59:20,,,,,,,38.07254901960785,,
2024-09-07 14:00:21,,,,,,37.69238095238096,38.06198879551821,,
2024-09-07 14:01:23,,,,,,,,,
2024-09-07 14:12:37,,,,,,37.84022408963586,,,
2024-09-07 14:13:38,,,,,,37.84022408963586,38.163529411764706,,
2024-09-07 14:14:40,,,,,,,38.10666666666667,,
2024-09-07 14:15:41,,,,,,,37.99294117647059,,
2024-09-07 14:16:42,,,,,,,38.0043137254902,,
2024-09-07 14:17:43,,,,,,,38.06022875816994,,
2024-09-07 14:18:45,,,,,,,,,39.99450980392157
2024-09-07 14:20:47,,,,,,,38.1397504456328,38.22039215686274,36.88980392156863
2024-09-07 14:32:00,,,,,,,38.146470588235296,,
2024-09-07 14:36:05,,40.3271568627451,,,,,,38.36823529411765,
2024-09-07 14:39:09,,,,37.333333333333336,38.811764705882354,,,,
2024-09-07 14:40:10,,40.35843137254902,,,,,,,
2024-09-07 14:41:11,40.14235294117647,,,,,,,38.66392156862745,
2024-09-07 14:42:12,39.99450980392157,40.39861437908496,,,,,,,
2024-09-07 14:43:14,,40.38259803921569,,,,,,,
2024-09-07 14:44:15,,40.38585928489042,,,,,,,
2024-09-07 14:46:17,,40.38585928489042,,,,,,,
2024-09-07 14:47:19,,40.368465974625146,,,,,,,
2024-09-07 14:49:21,,40.32498269896194,,,,,,,
2024-09-07 14:50:23,,,,,39.28486274509804,,,,
2024-09-07 14:51:24,,40.368465974625146,,39.10745098039216,,39.99450980392157,,38.75262745098039,
2024-09-07 14:52:25,40.88156862745098,,38.22039215686274,,,,,,38.959607843137256
2024-09-07 14:53:26,,40.3162860438293,,,,,,,
2024-09-07 14:54:27,,40.32498269896194,,,,,,,
2024-09-07 14:55:29,,40.333679354094585,,,,,,,
2024-09-07 14:56:30,,40.354877450980396,,,,,38.51607843137255,,
2024-09-07 14:57:31,,40.33639705882353,,,,,40.438039215686274,,
2024-09-07 14:58:33,,40.36904575163398,,,,,,,
2024-09-07 14:59:34,,40.36904575163398,,,,,,,
2024-09-07 15:00:35,,40.39861437908496,,,39.25529411764706,,,,
2024-09-07 15:01:37,,40.42747899159664,,,39.12593137254902,,,,
2024-09-07 15:03:39,38.811764705882354,,,,,,,,
2024-09-07 15:06:43,,,,,,,,39.12387799564271,
2024-09-07 15:09:47,,,,,39.06309803921569,,,,
2024-09-07 15:10:48,,,,38.51607843137255,39.06309803921569,,,,
2024-09-07 15:11:50,,,,,38.976034858387806,,,,
2024-09-07 15:12:51,,,,38.22039215686274,,,,,
2024-09-07 15:13:52,39.99450980392157,,,,38.943180827886714,,,,
2024-09-07 15:14:54,39.99450980392157,,,,,,38.811764705882354,,
2024-09-07 15:22:03,,,,,,,,39.033529411764704,
2024-09-07 15:23:04,,,,,,,,38.99246187363835,
2024-09-07 15:24:05,,,,,,,,38.95960784313726,
2024-09-07 15:25:06,,,,,,,,38.95960784313726,
2024-09-07 15:26:08,,,,,,,,38.95960784313726,
2024-09-07 15:30:13,,40.14235294117647,,,38.873366013071895,,,,
2024-09-07 15:31:14,,,,,38.811764705882354,,,,
2024-09-07 15:33:16,,,,,38.784884135472375,,,,
2024-09-07 15:34:18,,,,,38.84872549019608,,,,
2024-09-07 15:35:19,39.99450980392157,,,,,,,39.03352941176471,
2024-09-07 15:45:32,,,,,,38.604784313725496,,,
2024-09-07 15:48:36,,,,,,38.54564705882353,,,
2024-09-07 15:52:41,,,,,,38.63435294117647,38.589999999999996,,
2024-09-07 15:55:44,,,,,,,,,
2024-09-07 16:06:58,,,,,,38.42737254901961,,,
2024-09-07 16:13:06,,,,,,38.60478431372549,38.41751633986929,,
2024-09-07 16:14:07,,,,,39.021209150326804,,,39.04174291938998,37.77686274509804
2024-09-07 16:15:08,,,,,38.94728758169935,,,,
2024-09-07 16:16:10,,,,,39.04584967320262,,,,
2024-09-07 16:19:13,,,,,,,38.340514705882356,,
2024-09-07 16:22:17,,,,,,,38.359538638985015,,
2024-09-07 16:23:18,,,,,,,38.34359477124183,,
2024-09-07 16:24:19,,,,,38.989176470588234,,,,
2024-09-07 16:25:21,,,,,39.058169934640524,,,,
2024-09-07 16:26:22,,,,,39.144411764705886,,38.34359477124183,,
2024-09-07 16:27:23,,,,,39.10745098039216,,38.30598555211559,,
2024-09-07 16:28:24,,,,,39.0889705882353,,,,
2024-09-07 16:29:26,,,,,,,38.35345098039216,39.40313725490197,
2024-09-07 16:30:27,,,,,39.144411764705886,,38.35345098039216,39.40313725490197,
2024-09-07 16:35:34,,,,,,,,,
2024-09-07 16:36:35,,,,,,,38.17111111111112,,
2024-09-07 16:37:37,,,,,,,38.14999066293184,39.10745098039216,
2024-09-07 16:38:38,,,,39.40313725490197,,,38.06582887700535,,
2024-09-07 16:39:39,,,,,,,38.08540494458653,,
2024-09-07 16:40:41,,40.14235294117647,,,,,38.05406862745098,,
2024-09-07 16:42:43,40.14235294117647,,,,,,37.9308660130719,39.25529411764706,
2024-09-07 16:43:44,,,,,,,37.93702614379085,,
2024-09-07 16:44:45,40.14235294117647,40.14235294117647,,,,,,,
2024-09-07 16:45:47,40.14235294117647,39.55098039215687,,,,,,,
2024-09-07 16:46:48,40.29019607843138,39.69882352941177,,,,,,,
2024-09-07 16:47:49,,,,,,,37.78277647058824,,
2024-09-07 16:48:50,,,,,,,37.69407058823529,,
2024-09-07 16:49:52,,,,,,,37.65176470588236,,
2024-09-07 16:50:53,,,39.94522875816993,,,,37.606274509803924,,
2024-09-07 16:51:54,,,39.94522875816993,,,,37.59353725490196,,
2024-09-07 16:52:56,,,,,,,37.61669934640523,,
2024-09-07 16:53:57,,,39.94522875816993,,,,37.59045183290708,,
2024-09-07 16:54:58,,,39.99450980392157,,,,37.56853832442068,,
2024-09-07 16:55:59,,,,,,,37.467096171802055,,
2024-09-07 16:57:01,,,39.99450980392157,,,,37.47378431372549,,
2024-09-07 16:58:02,,,,,39.10745098039216,,37.46561403508772,,
2024-09-07 16:59:03,,,,,,,37.31690631808279,,
2024-09-07 17:00:04,,,39.99450980392157,,,,37.349760348583885,,
2024-09-07 17:01:06,,,39.99450980392157,,,,37.38780185758514,39.25529411764706,
2024-09-07 17:03:08,,,,,38.811764705882354,,37.36445820433437,,
2024-09-07 17:05:10,40.46760784313726,39.69882352941177,,,,,,,
2024-09-07 17:06:12,40.497176470588236,39.69882352941177,,,,,37.38780185758513,,
2024-09-07 17:07:13,40.497176470588236,39.40313725490197,,,,,37.36618736383442,,
2024-09-07 17:08:14,40.46760784313726,40.14235294117647,,,38.811764705882354,,37.32463667820069,,
2024-09-07 17:09:15,40.497176470588236,,,,,,,,
2024-09-07 17:10:16,40.497176470588236,,,,,,,,
2024-09-07 17:11:18,,,,,,,,39.36089635854342,
2024-09-07 17:12:19,,,,,,,,39.33977591036415,
2024-09-07 17:13:20,,,,,,,,39.25529411764706,
2024-09-07 17:16:24,,,,,,,,39.12857142857143,
2024-09-07 17:17:25,,38.40519607843137,,,,,,39.107450980392166,
2024-09-07 17:18:26,,,,,39.69882352941177,,,,
2024-09-07 17:20:29,,,,,,,37.148529411764706,39.21305322128852,
2024-09-07 17:21:30,,,,38.811764705882354,,,37.14324929971989,,
2024-09-07 17:23:32,,,,,,,,39.25529411764706,
2024-09-07 17:24:34,,,,,38.66392156862745,,,,
2024-09-07 17:29:39,,,,,,,37.09678431372549,,
2024-09-07 17:41:55,,,,,,37.89513725490196,,,
2024-09-07 17:43:58,,,,,,38.00786764705882,,,
2024-09-07 17:44:59,,,,,,37.961666666666666,,,
2024-09-07 17:46:00,,,,,,37.970906862745096,,,
2024-09-07 17:47:02,,,,,,37.943186274509806,,,
2024-09-07 17:48:03,,38.09366946778711,,,,37.91546568627451,,,
2024-09-07 17:49:04,,38.0303081232493,,,,38.04645905420992,,,
2024-09-07 17:50:05,,38.093669467787116,,,,38.04645905420992,,,
2024-09-07 17:51:06,,38.05142857142857,,,,38.029065743944635,,,
2024-09-07 17:52:07,,37.57973856209151,,,,38.04645905420992,,,
2024-09-07 17:53:09,,37.57973856209151,,,,38.04645905420992,,,
2024-09-07 17:54:10,,,,,,38.1073356401384,,,
2024-09-07 17:55:11,,,,,,38.05515570934256,,,
2024-09-07 17:56:13,,,,,,38.09863898500576,,,
2024-09-07 17:57:14,,,,,,38.1073356401384,,,
2024-09-07 17:58:15,,,,,,38.089942329873125,,,
2024-09-07 18:14:35,40.14235294117647,,,,,,,,
2024-09-07 18:15:36,,,,,,,,,
2024-09-07 18:17:38,,,,,38.323882352941176,,39.76218487394958,,
2024-09-07 18:18:40,,,,,,,39.71853594771241,,
2024-09-07 18:19:41,,,,,,,39.71730392156863,,
2024-09-07 18:21:43,,,,,,,,,
2024-09-07 18:23:46,,,,,38.2943137254902,,39.68143021914648,,
2024-09-07 18:24:47,,,,,38.323882352941176,,39.68143021914648,,
2024-09-07 18:27:51,,,,,,,39.672733564013846,,
2024-09-07 18:28:52,,,,,38.323882352941176,,39.68143021914648,,
2024-09-07 18:30:55,,,,,38.29431372549019,,39.6640369088812,,
2024-09-07 18:31:56,,,,,38.323882352941176,,,,
2024-09-07 18:32:58,,,,,38.33866666666667,,39.69882352941177,,
2024-09-07 18:33:59,,,,,,,39.67418300653595,,
2024-09-07 18:35:00,,,,,38.323882352941176,,39.691042311661505,,
2024-09-07 18:36:01,,,,,,,39.69882352941177,,
2024-09-07 18:37:03,,,,,38.318954248366005,,,,
2024-09-07 18:38:04,39.421617647058824,39.30905525846702,,,38.39287581699346,,39.7481045751634,,
2024-09-07 18:39:05,39.421617647058824,39.32921568627451,,,,,39.78579008073819,,
2024-09-07 18:40:07,39.384656862745096,39.304575163398695,,,,,39.79122549019608,,
2024-09-07 18:41:08,39.421617647058824,39.3168954248366,,,,,39.82695424836602,,
2024-09-07 18:42:09,39.32921568627451,39.29225490196079,,,,,,,
2024-09-07 18:43:10,39.29225490196079,,,,,39.55098039215687,,,
2024-09-07 18:44:12,39.31073529411765,,,,,39.69882352941177,,,
2024-09-07 18:45:13,39.31073529411765,39.37356862745098,,,,,,,
2024-09-07 18:46:14,,39.412377450980394,,,,,,,
2024-09-07 18:47:15,39.403137254901964,39.42053056516725,,,,39.25529411764706,,,
2024-09-07 18:50:19,,,,41.02941176470589,,40.14235294117647,39.74317647058824,34.6721568627451,
2024-09-07 18:51:20,,39.394440599769325,,,,,,,
2024-09-07 18:53:23,,,,40.88156862745098,,39.69882352941177,39.764531590413945,34.6721568627451,
2024-09-07 18:54:24,,39.38757481940144,,,39.304575163398695,,,,
2024-09-07 18:55:26,,39.417921568627456,,,39.304575163398695,,,,39.55098039215687
2024-09-07 18:56:27,,39.40313725490197,,,39.34769607843137,,,,39.69882352941177
2024-09-07 18:57:28,,39.41721755368814,,,39.445378151260506,,,,39.99450980392157
2024-09-07 18:58:29,,,,,39.29753501400561,,,,
2024-09-07 18:59:31,,,,,39.31865546218488,,,,
2024-09-07 19:00:32,,,,,39.255294117647054,,,,39.84666666666666
2024-09-07 19:01:33,,39.53619607843138,,,,,,,40.14235294117647
2024-09-07 19:03:36,,39.515779645191415,,,,,,,
2024-09-07 19:04:37,,39.5228197945845,,,,,,,
2024-09-07 19:05:38,,39.536196078431374,,,,,,,
2024-09-07 19:06:40,40.12891265597148,39.54319917440661,,,,,,,
2024-09-07 19:07:41,40.04827094474153,,,,,,,,
2024-09-07 19:08:42,39.96986928104575,,,,,,40.05787114845938,,
2024-09-07 19:09:43,,39.52141176470588,,,,,,,
2024-09-07 19:10:45,40.01915032679739,39.543940242763775,,,,,,,
2024-09-07 19:11:46,,39.52141176470589,,,,,,,
2024-09-07 19:12:47,,39.52141176470589,,,,,,,
2024-09-07 19:13:49,,39.514019607843146,,,,,,,
2024-09-07 19:14:50,39.994509803921574,,,,,,,,
2024-09-07 19:15:51,39.98394957983193,39.53619607843138,,,,,40.14235294117646,,
2024-09-07 19:16:52,,39.5298599439776,,,,,40.14235294117646,,
2024-09-07 19:17:54,39.962829131652654,,,,,,40.11771241830065,,
2024-09-07 19:18:55,40.00507002801121,39.51065953654189,,,,,,,
2024-09-07 19:19:56,39.99450980392157,,,,,,,,
2024-09-07 19:20:58,40.04379084967321,,,,,,,,
2024-09-07 19:21:59,,,,,38.811764705882354,,40.11771241830065,,
2024-09-07 19:23:00,40.07899159663866,39.473538748832866,,,38.51607843137255,,40.11771241830065,,
2024-09-07 19:24:01,40.04,39.47705882352941,,,,,,,
2024-09-07 19:25:03,,39.505984654731456,,,,,,,
2024-09-07 19:27:05,,39.49312872975277,,,,,,,
2024-09-07 19:28:06,40.01915032679739,,,,,,,,
2024-09-07 19:30:09,,39.52526854219949,,,,,,,
2024-09-07 19:31:10,,39.53081996434938,,,,,,,
2024-09-07 19:33:13,,39.510659536541894,,,,39.75796078431373,,,
2024-09-07 19:34:14,40.05364705882353,,,,,,,,
2024-09-07 19:35:15,,39.58312020460358,,,,39.49184313725491,,,
2024-09-07 19:36:16,,39.608832054560956,,,,39.37356862745098,,,
2024-09-07 19:38:19,,39.58954816709292,,,,,,,
2024-09-07 19:39:21,,39.608832054560956,,,,,,,
2024-09-07 19:42:25,39.846666666666664,,,,,,,,
2024-09-07 19:43:26,,39.6515137254902,,,,,,,
2024-09-07 19:45:28,,39.69313725490196,,,,,,,
2024-09-07 19:47:31,,39.71588235294118,,38.66392156862745,,,,,
2024-09-07 19:48:32,,39.71065098039216,,,,39.66925490196078,,,
2024-09-07 19:49:33,39.94522875816994,39.72247843137255,,,,,,,
2024-09-07 19:52:37,,39.72962418300654,,,,,,,
2024-09-07 19:53:38,,39.757960784313724,,,,,,39.99450980392157,
2024-09-07 19:54:39,,,,,,39.52141176470588,40.14235294117647,,
2024-09-07 19:59:46,,39.803545751634,,,,,,,
2024-09-07 20:02:49,,39.80167092924127,,,,,,,
2024-09-07 20:04:52,,39.76310315430521,,,,,,,
2024-09-07 20:05:53,,39.76953111679455,,,,,,40.14235294117647,
2024-09-07 20:07:55,,39.77274509803922,,,,,,,
2024-09-07 20:09:58,,39.790345471521945,,,,,,,
2024-09-07 20:10:59,,39.783305322128854,,,,,,,
2024-09-07 20:12:00,,39.77946524064171,,,,,,,
2024-09-07 20:14:03,,,,,,,,,
2024-09-07 20:20:10,39.83188235294118,39.80442577030813,,,,,,,
2024-09-07 20:21:11,39.94074866310161,,,,,,37.92470588235294,,
2024-09-07 20:24:15,39.98106951871658,39.83927450980393,,,,,,,
2024-09-07 20:26:17,,,,,,,,,
2024-09-07 20:27:18,,39.86884313725491,,,,,38.811764705882354,,
2024-09-07 20:28:20,,,,38.07254901960785,,,39.99450980392157,,
2024-09-07 20:29:21,39.84666666666667,39.95226890756304,,,,,,,
2024-09-07 20:30:22,39.83188235294118,,,,,,,,
2024-09-07 20:31:23,,,,39.10745098039216,,,,39.10745098039216,
2024-09-07 20:32:25,,40.03675070028011,,,,,,,
2024-09-07 20:33:26,39.84666666666667,,,,,,,,
2024-09-07 20:34:27,39.84666666666667,,,,,,,,
2024-09-07 20:35:28,,40.0437908496732,,,,,,,
2024-09-07 20:36:29,,40.03675070028011,,,,,,,
2024-09-07 20:37:31,39.817098039215686,40.0437908496732,,,,,,,
2024-09-07 20:38:32,39.772745098039216,,,,,,,,
2024-09-07 20:39:33,39.71525054466231,,,,,,,,
2024-09-07 20:40:34,,40.01467023172905,,,,,,,
2024-09-07 20:41:36,,40.02811051693404,,,,40.159746251441746,,,
2024-09-07 20:42:37,,40.02664961636828,,,,40.15877995642701,,,
2024-09-07 20:43:38,,40.02022165387894,,,,40.16569659442724,,,
2024-09-07 20:44:39,,40.056111111111115,,,,40.22366666666667,,,
2024-09-07 20:45:40,,40.056111111111115,,,,40.21979458450047,,,
2024-09-07 20:46:42,,40.07730196078432,,,,40.256595365418896,,,
2024-09-07 20:47:43,,40.07980392156863,,,,40.25805626598465,,,
2024-09-07 20:48:44,,40.12529411764706,,,,40.27171568627451,,,
2024-09-07 20:49:46,,40.1314015976761,,,,40.296109803921574,,,
2024-09-07 20:50:47,,40.14235294117647,,,,40.318627450980394,,,
2024-09-07 20:51:48,,40.16875350140056,,,,40.31757443718229,,,
2024-09-07 20:52:49,,40.20043417366947,,,,40.3271568627451,,,
2024-09-07 20:53:51,,40.205714285714286,,,,40.32078431372549,,,
2024-09-07 20:54:52,,40.2086274509804,,,,40.36156862745098,,,
2024-09-07 20:55:53,,40.2064183006536,,,,40.39725490196079,,,
2024-09-07 20:56:54,,40.22120261437909,,,,40.398614379084975,,,
2024-09-07 20:57:56,,40.206418300653596,,,,40.378901960784326,,,
2024-09-07 20:58:57,,40.186705882352946,,,,40.36411764705883,,,
2024-09-07 20:59:58,,40.17684967320262,,,,40.349333333333334,,,
2024-09-07 21:01:00,,40.18177777777779,,,,40.35918954248366,,,
2024-09-07 21:02:01,,,,,,,,,
2024-09-07 21:03:03,,40.18177777777779,,,,40.364117647058826,,,
2024-09-07 21:04:04,,40.16699346405229,,,,40.35647058823529,,,
2024-09-07 21:05:05,,40.1522091503268,,,,40.34627450980392,,,
2024-09-07 21:06:06,,40.147281045751626,,,,40.33607843137255,,,
2024-09-07 21:07:07,,40.147281045751626,,,,40.34827731092437,,,
2024-09-07 21:08:09,,40.14728104575163,,,,40.35042846768337,,,
2024-09-07 21:09:10,,40.171921568627454,,,,40.35843137254903,,,
2024-09-07 21:10:11,,40.16699346405229,,,,40.36707450980393,,,
2024-09-07 21:11:13,,40.162065359477126,,,,40.37643790849673,,,
2024-09-07 21:12:14,,40.16274509803922,,,,40.37375959079283,,,
2024-09-07 21:13:15,,40.17403361344538,,,,40.40443850267379,,,
2024-09-07 21:14:16,,40.169731299927385,,,,40.39579831932773,,,
2024-09-07 21:15:18,,40.17520697167756,,,,40.38875816993463,,,
2024-09-07 21:16:19,,40.18615831517792,,,,40.39579831932773,,,
2024-09-07 21:17:20,,40.18068264342774,,,,40.38171802054154,,,
2024-09-07 21:18:21,,40.180682643427744,,,,40.36059757236228,,,
2024-09-07 21:19:22,,40.18784313725491,,,,,,,
2024-09-07 21:20:24,,40.19921568627451,,,,40.318356676003745,,,
2024-09-07 21:21:25,,40.19921568627451,,,,40.31131652661064,,,
2024-09-07 21:22:26,,40.17647058823529,,,,,,,
2024-09-07 21:23:27,,40.15941176470589,,,,,,,
2024-09-07 21:24:29,,40.14803921568627,,,,,,,
2024-09-07 21:26:31,,40.15941176470588,,,,,,,
2024-09-07 21:30:36,,40.17192156862745,,,,,,,
2024-09-07 21:31:37,,,,38.51607843137255,,,,,
2024-09-07 21:32:39,,,,38.66392156862745,,,,,
2024-09-07 21:33:40,,,,38.07254901960785,,,,,
2024-09-07 21:34:41,,40.08691176470588,,,,40.29797729618164,,,
2024-09-07 21:35:42,,40.074591503267975,,,,40.29019607843138,,,
2024-09-07 21:36:44,,40.06227124183007,,,,40.30758938869666,,,
2024-09-07 21:37:45,,40.01299019607843,,,,40.29019607843137,,,
2024-09-07 21:38:46,,,,,,40.33947712418301,,,
2024-09-07 21:40:49,,39.96986928104575,,,,40.2994362745098,,,
2024-09-07 21:41:50,,39.94522875816994,,,,40.309908496732035,,,
2024-09-07 21:42:51,,39.96986928104575,,,,40.30075630252101,,,
2024-09-07 21:43:52,,39.9637091503268,,,,40.33243697478992,,,
2024-09-07 21:44:54,,39.95138888888889,,,,40.33243697478992,,,
2024-09-07 21:45:55,,39.939068627450986,,,,40.32187675070028,,,
2024-09-07 21:46:56,,,,,,,,,
2024-09-07 21:47:58,,,,,,40.35355742296919,,,
2024-09-07 21:48:59,,39.98859607843137,,,,,,,
2024-09-07 21:50:00,,39.98313725490197,,,,40.31131652661065,,,
2024-09-07 21:51:01,,39.9890341321714,,,,,,,
2024-09-07 21:52:03,,39.97808278867104,,,,,,,
2024-09-07 21:53:04,,39.978082788671024,,,,,,,
2024-09-07 21:54:05,,,,,,,,,
2024-09-07 21:55:06,,39.96165577342049,,,,,,,
2024-09-07 22:00:13,,39.946988795518216,,,,40.33947712418301,,,
2024-09-07 22:01:14,,39.957549019607846,,,,,,,
2024-09-07 22:02:15,,39.93642857142857,,,,,,,
2024-09-07 22:03:16,,39.941708683473394,,,,,,,
2024-09-07 22:04:17,,39.95226890756304,,,,,,,
2024-09-07 22:05:18,,39.96282913165267,,,,,,,
2024-09-07 22:06:20,,39.973389355742306,,,,,,,
2024-09-07 22:07:21,,39.97866946778712,,,,,,,
2024-09-07 22:08:23,,39.97866946778712,,,,,,,
2024-09-07 22:09:24,,39.99998547567175,,,,,,,
2024-09-07 22:10:25,,40.01156862745098,,,,,,,
2024-09-07 22:11:26,,40.045686274509805,,,,,,,
2024-09-07 22:12:27,,40.05364705882353,,,,,,,
2024-09-07 22:13:29,,40.07730196078432,,,,,,,
2024-09-07 22:14:30,,40.1115522875817,,,,,,,
2024-09-07 22:15:31,,,,37.629019607843134,,,,,
2024-09-07 22:16:33,,40.14851307189542,,,,,,,
2024-09-07 22:18:35,39.84666666666666,40.200204603580566,,,,,,,
2024-09-07 22:19:36,40.73372549019608,40.270912190963344,,,,,,,
2024-09-07 22:20:38,,40.32233589087809,,,,,,,
2024-09-07 22:26:46,,40.328763853367434,,,,,,,
2024-09-07 22:30:51,,40.34161977834612,,,,,,,
2024-09-07 22:48:11,40.585882352941184,,,,,,38.959607843137256,,
2024-09-07 22:53:18,,,,,,,39.10745098039216,,
2024-09-07 22:57:23,,,,,,,37.03764705882353,,
2024-09-07 22:59:25,,,,,,37.18549019607843,36.15058823529412,,
2024-09-07 23:09:38,,40.50231884057971,,,,,,,
2024-09-07 23:37:12,39.99450980392157,,,,,,,,
2024-09-07 23:38:13,,40.61159420289855,,,,,,,
2024-09-07 23:39:14,,,,,,38.811764705882354,,,
2024-09-08 00:12:55,,40.656589940323954,,,,,,,
2024-09-08 00:15:59,,40.70801364023871,,,,,,,
2024-09-08 00:18:02,40.14235294117647,,,,,,,,
2024-09-08 00:20:05,,40.688729752770676,,,,,,,
2024-09-08 00:21:06,,40.6630179028133,,,,,,,
2024-09-08 00:22:07,,40.66944586530265,,,,,,,
2024-09-08 00:23:08,,40.63730605285593,,,,,,,
2024-09-08 00:24:09,,40.61159420289856,,,,,,,
2024-09-08 00:25:11,,40.5550816993464,,,,,,,
2024-09-08 00:26:12,,40.53265882352942,,,,,,,
2024-09-08 00:27:14,,40.48921568627451,,,,,,,
2024-09-08 00:28:15,,40.5475526506899,,,,,,,
2024-09-08 00:29:16,,40.55850399419027,,,,,,,
2024-09-08 00:30:17,,40.50140056022409,,,,39.606421568627454,,,
2024-09-08 00:32:20,,40.543641456582634,,,,,,,
2024-09-08 00:33:21,,40.48392156862745,,,,,40.14235294117647,,
2024-09-08 00:34:22,,40.5043137254902,,,,,,,
2024-09-08 00:35:23,,40.45333333333333,,,,39.71730392156863,,,
2024-09-08 00:36:25,,40.45775163398694,,,,,,,
2024-09-08 00:37:26,,40.42818300653595,,,,,,,
2024-09-08 00:38:27,,40.373973856209155,,,,,,,
2024-09-08 00:39:28,,40.32469281045751,,,,39.891019607843134,,,
2024-09-08 00:40:29,,40.28033986928105,,,,39.68538324420677,,,
2024-09-08 00:41:31,,40.24091503267974,,,,,,,
2024-09-08 00:42:32,,40.162065359477126,,,,39.69882352941176,,,
2024-09-08 00:43:33,,40.11278431372549,,,,39.7604248366013,,,
2024-09-08 00:45:36,39.84666666666666,39.9895816993464,,,,,,,
2024-09-08 00:46:37,,39.94030065359477,,,,39.73578431372548,,,
2024-09-08 00:47:39,,39.93044444444444,,,,,,,
2024-09-08 00:48:40,,39.84173856209149,,,,,,,
2024-09-08 00:49:41,,39.81216993464052,,,,,,,
2024-09-08 00:50:42,39.82554621848739,39.75303267973856,,,,,,,
2024-09-08 00:51:43,,39.73332026143791,,,,39.79290552584669,,,
2024-09-08 00:52:45,,39.67911111111111,,,,39.7875294117647,,,
2024-09-08 00:53:46,,39.639686274509806,,,,,,,
2024-09-08 00:54:48,,39.62983006535948,,,,,,,
2024-09-08 00:55:49,,39.62983006535948,,,,39.81709803921568,,,
2024-09-08 00:56:50,,39.61504575163399,,,,39.96165577342047,,,
2024-09-08 00:57:51,,39.58547712418302,,,,39.865147058823524,,,
2024-09-08 00:58:53,39.92058823529412,39.56576470588236,,,,,,,
2024-09-08 00:59:54,39.92058823529412,39.516483660130724,,,,,,,
2024-09-08 01:00:55,39.905803921568626,39.496771241830075,,,,,,,
2024-09-08 01:01:56,,39.42284967320263,,,,,,,
2024-09-08 01:02:58,,39.363712418300665,,,,,,,
2024-09-08 01:03:59,39.954188948306594,39.33907189542484,,,,,,,
2024-09-08 01:05:00,39.92730837789661,39.30950326797385,,,,,,,
2024-09-08 01:06:01,39.92730837789661,39.27993464052288,,,,,,,
2024-09-08 01:07:02,39.90580392156862,39.24050980392157,,,,,,,
2024-09-08 01:08:04,,,,,,,,,
2024-09-08 01:09:06,,39.1961568627451,,,,,,,
2024-09-08 01:10:07,,39.171516339869285,,,,,,,
2024-09-08 01:11:09,39.92058823529412,39.13701960784314,,,,,,,
2024-09-08 01:12:10,39.92058823529412,39.12223529411765,,,,,,,
2024-09-08 01:14:13,,39.12223529411765,,,,,,,
2024-09-08 01:15:14,,39.10745098039216,,,,,,,
2024-09-08 01:16:15,,39.112379084967316,,,,,,,
2024-09-08 01:17:17,,39.102522875816994,,,,,,,
2024-09-08 01:18:18,,39.09759477124183,,,,,,,
2024-09-08 01:20:20,39.9733893557423,39.07788235294118,,,,,,,
2024-09-08 01:21:22,39.99450980392157,39.0877385620915,,,,,,,
2024-09-08 01:22:23,,39.08773856209151,,,,,,,
2024-09-08 01:23:24,,39.08281045751634,,,,39.66925490196079,,,
2024-09-08 01:24:26,,39.07788235294118,,,,39.84666666666667,,,
2024-09-08 01:25:27,,39.063098039215696,,,,,,,
2024-09-08 01:26:28,,39.04338562091504,,,,,,,
2024-09-08 01:27:29,,39.038457516339875,,,,,,,
2024-09-08 01:28:30,,,,,,,,,
2024-09-08 01:29:32,,39.02860130718954,,,,,,,
2024-09-08 01:30:33,,39.01381699346405,,,,,,,
2024-09-08 01:31:34,,39.013816993464054,,,,,,,
2024-09-08 01:32:35,,39.00888888888889,,,,39.932908496732026,,,
2024-09-08 01:33:36,,39.01874509803921,,,,,,,
2024-09-08 01:34:37,,39.02860130718954,,,,,,,
2024-09-08 01:35:39,,39.033529411764704,,,,,,,
2024-09-08 01:36:40,,39.01874509803921,,,,39.90352941176471,,,
2024-09-08 01:37:41,,39.01874509803921,,,,,,,
2024-09-08 01:38:43,,39.003960784313726,,,,39.8921568627451,,,
2024-09-08 01:39:44,,39.00888888888888,,,,39.88362745098039,,,
2024-09-08 01:40:45,,39.00888888888889,,,,39.908267973856205,,,
2024-09-08 01:41:46,,39.023673202614376,,,,39.94901960784314,,,
2024-09-08 01:42:48,,39.0335294117647,,,,,,,
2024-09-08 01:43:49,39.25529411764706,39.048313725490196,,,,39.92627450980392,,,
2024-09-08 01:44:50,39.25529411764706,39.068026143790846,,,,39.93764705882352,,,
2024-09-08 01:45:51,39.10745098039216,39.08281045751634,,,,39.93764705882352,,,
2024-09-08 01:46:53,39.10745098039216,39.08773856209151,,,,39.93764705882352,,,
2024-09-08 01:47:54,,39.102522875817,,,,,,,
2024-09-08 01:48:55,,39.09759477124183,,,,,,,
2024-09-08 01:49:56,,39.09759477124183,,,,39.98313725490196,,,
2024-09-08 01:50:57,,39.102522875817,,,,,,,
2024-09-08 01:51:59,,39.10745098039216,,,,,,,
2024-09-08 01:53:00,,39.09266666666667,,,,,,,
2024-09-08 01:54:01,,,,,,,,,
2024-09-08 01:55:02,,39.077882352941174,,,,,,,
2024-09-08 01:56:04,,39.0877385620915,,,,40.00683006535947,,,
2024-09-08 01:57:05,,39.08281045751633,,,,39.981069518716566,,,
2024-09-08 01:58:06,,39.092666666666666,,,,,,,
2024-09-08 01:59:07,,39.10745098039216,,,,,,,
2024-09-08 02:00:08,,39.12223529411765,,,,,,,
2024-09-08 02:01:10,39.40313725490197,39.15673202614379,,,,,,,
2024-09-08 02:02:11,,39.19615686274509,,,,,,,
2024-09-08 02:03:12,,39.210941176470584,,,,,,,
2024-09-08 02:04:14,,39.26515032679738,,,,,,,
2024-09-08 02:05:15,,39.29471895424836,,,,,,,
2024-09-08 02:06:16,,39.324287581699345,,,,39.99450980392157,,,
2024-09-08 02:07:17,,39.344000000000015,,,,39.86778711484594,,,
2024-09-08 02:08:18,,39.383424836601314,,,,39.93906862745098,,,
2024-09-08 02:09:20,,39.42284967320261,,,,,,,
2024-09-08 02:10:21,,39.447490196078434,,,,,,,
2024-09-08 02:11:22,,39.46720261437908,,,,,,,
2024-09-08 02:12:24,,39.49677124183006,,,,,,,
2024-09-08 02:13:25,,39.49999999999999,,,,,,,
2024-09-08 02:14:26,39.69882352941177,39.520392156862734,,,,,,,
2024-09-08 02:15:27,,39.52985994397759,,,,,,,
2024-09-08 02:16:29,,39.52360203340596,,,,,,,
2024-09-08 02:17:30,,39.539607843137254,,,,,,,
2024-09-08 02:18:31,,39.57372549019608,,,,,,,
2024-09-08 02:19:32,,39.585098039215694,,,,,,,
2024-09-08 02:22:36,,39.63627450980392,,,,,,,
2024-09-08 02:23:37,,39.676078431372545,,,,39.83845315904139,,,
2024-09-08 02:24:38,,39.7329411764706,,,,39.871307189542485,,,
2024-09-08 02:25:40,,39.77274509803921,,,,39.8384531590414,,,
2024-09-08 02:26:41,,39.81254901960785,,,,39.854880174291935,,,
2024-09-08 02:27:42,,39.86372549019608,,,,39.862229102167184,,,
2024-09-08 02:28:43,,39.8921568627451,,,,39.8836274509804,,,
2024-09-08 02:29:44,,39.93196078431372,,,,39.92798039215687,,,
2024-09-08 02:30:46,39.69882352941177,,,,,39.91706816059758,,,
2024-09-08 02:32:48,,39.98313725490196,,,,39.93114845938376,,,
2024-09-08 02:33:49,,,,,,,,,
2024-09-08 02:34:50,,,,,,39.952268907563024,,,
2024-09-08 02:35:51,,,,,,39.93818860877685,,,
2024-09-08 02:36:53,,39.99450980392157,,37.629019607843134,,39.895947712418305,,,
2024-09-08 02:38:55,,39.97745098039215,,,,39.90298786181139,,,
2024-09-08 02:39:56,,39.966078431372544,,,,39.90298786181139,,,
2024-09-08 02:40:57,,39.966078431372544,,,,39.95226890756304,,,
2024-09-08 02:41:58,,39.960392156862746,,,,39.92798039215686,,,
2024-09-08 02:43:00,,,,,,39.92447884416926,,,
2024-09-08 02:44:01,,39.95470588235294,,,,39.916697626419,,,
2024-09-08 02:45:02,,39.95470588235294,,,,39.90416122004358,,,
2024-09-08 02:46:04,,39.93196078431372,,,,39.87275663206459,,,
2024-09-08 02:47:05,,39.93196078431372,,,,,,,
2024-09-08 02:57:17,,39.943333333333335,,,,39.87623529411765,,,
2024-09-08 02:58:18,,39.9233260711692,,,,,,,
2024-09-08 02:59:19,,39.89594771241829,,,,,,,
2024-09-08 03:00:20,,39.87834733893557,,,,,,,
2024-09-08 03:01:22,,39.872156862745086,,,,,,,
2024-09-08 03:02:23,,39.881163398692806,,,,,,,
2024-09-08 03:03:24,,39.87130718954248,,,,,,,
2024-09-08 03:04:26,,39.83188235294117,,,,,,,
2024-09-08 03:05:27,,39.80724183006535,,,,,,,
2024-09-08 03:06:28,,39.80078431372549,,,,,,,
2024-09-08 03:07:30,,39.780392156862746,,,,,,,
2024-09-08 03:08:31,,39.73450980392157,,,,39.90210784313725,,,
2024-09-08 03:11:34,,39.70901960784313,,,,,,,
2024-09-08 03:12:36,,39.7243137254902,,,,,,,
2024-09-08 03:14:38,,39.68862745098039,,,,,,,
2024-09-08 03:15:39,,39.66823529411765,,,,,,,
2024-09-08 03:16:40,,39.66823529411765,,,,,,,
2024-09-08 03:17:42,,39.64274509803922,,,,39.624901960784314,,,
2024-09-08 03:18:43,,39.63254901960784,,,,39.649542483660134,,,
2024-09-08 03:20:46,,39.601960784313725,,,,,,,
2024-09-08 03:21:47,,39.581568627450984,,,,,,,
2024-09-08 03:22:48,,39.581568627450984,,,,,,,
2024-09-08 03:23:49,,39.5764705882353,,,,,,,
2024-09-08 03:24:51,,39.545882352941184,,,,,,,
2024-09-08 03:25:52,,,,,,39.723464052287575,,,
2024-09-08 03:27:54,,39.49490196078432,,,,,,,
2024-09-08 03:28:56,,39.49490196078432,,,,39.748104575163396,,,
2024-09-08 03:29:57,,39.47450980392157,,,,39.624901960784314,,,
2024-09-08 03:30:58,,39.449019607843134,,,,39.719943977591036,,,
2024-09-08 03:31:59,,39.44392156862745,,,,,,,
2024-09-08 03:33:01,,39.413333333333334,,,,,,,
2024-09-08 03:34:02,,39.39294117647059,,,,,,,
2024-09-08 03:35:03,,39.40313725490197,,,,,,,
2024-09-08 03:36:04,,39.387843137254904,,,,,,,
2024-09-08 03:37:05,,39.38274509803922,,,,,,,
2024-09-08 03:39:08,,39.357254901960786,,,,,,,
2024-09-08 03:40:09,,39.32666666666667,,,,,,,
2024-09-08 03:42:11,,39.306274509803934,,,,,,,
2024-09-08 03:43:12,,39.30117647058824,,,,,,,
2024-09-08 03:45:15,,39.28588235294117,,,,,,,
2024-09-08 03:46:16,,39.30627450980392,,,,,,,
2024-09-08 03:47:17,,39.28169467787115,,,,,,,
2024-09-08 03:48:19,,39.28814814814815,39.55098039215687,,,39.82554621848739,39.99450980392157,,
2024-09-08 03:49:20,,39.28941176470589,,,,39.82392156862745,,,
2024-09-08 03:50:21,,39.27894901960785,,,,39.880784313725485,,,
2024-09-08 03:51:23,,39.267614379084975,,,,39.84666666666667,,,
2024-09-08 03:52:24,,39.25529411764707,,,,39.76781699346405,,,
2024-09-08 03:53:25,,39.24857397504457,,,,39.7481045751634,,,
2024-09-08 03:54:26,,39.26233426704016,,,,,,,
2024-09-08 03:55:27,,39.25529411764707,,,,39.75970011534026,,,
2024-09-08 03:56:29,,39.239731682146555,,,,39.7481045751634,,,
2024-09-08 03:57:30,,39.23886710239652,,,,39.745510835913315,,,
2024-09-08 03:58:31,,39.23790080738178,,,,39.74317647058824,,,
2024-09-08 04:00:33,,39.22757352941177,,,,,,,
2024-09-08 04:04:39,,39.21586928104576,,,,39.69882352941177,,,
2024-09-08 04:05:40,,,,36.59411764705882,,,,,
2024-09-08 04:16:53,,,,,,39.75426470588235,39.25529411764707,,
2024-09-08 04:17:55,,,,,,,39.268734402852054,,
2024-09-08 04:18:56,,,,,,,39.21497326203209,,
2024-09-08 04:19:57,,,,,,39.723464052287575,39.23065359477125,,
2024-09-08 04:20:58,,,,,,39.723464052287575,39.23065359477125,,
2024-09-08 04:21:59,,,,,,,39.218333333333334,,
2024-09-08 04:23:00,,,,,,,39.242973856209154,,
2024-09-08 04:24:02,,,,,,39.6777030812325,,,
2024-09-08 04:25:03,,,,,,39.67066293183941,,,
2024-09-08 04:26:04,,,,,,39.6706629318394,,,
2024-09-08 04:27:05,,,,,,39.64707843137255,,,
2024-09-08 04:28:07,,,,,,39.61011764705883,,,
2024-09-08 04:29:08,,,,,,39.58794117647058,,,
2024-09-08 04:30:09,,,,,,39.57210084033613,39.20601307189543,,
2024-09-08 04:31:10,,,,,,39.501699346405225,39.20601307189543,,
2024-09-08 04:32:11,,,,,,39.50393939393939,39.21833333333334,,
2024-09-08 04:33:13,,,,,,39.51737967914438,39.22841354723709,,
2024-09-08 04:34:14,,,,,,,,,
2024-09-08 04:35:15,,,,,,39.53812446717818,39.25529411764706,,
2024-09-08 04:36:16,,,,,,39.518840579710144,,,
2024-09-08 04:39:20,,40.02407843137255,,,,,,,
2024-09-08 04:40:22,,40.05364705882353,,,,,,,
2024-09-08 04:41:23,,39.871307189542485,,,,,,,
2024-09-08 04:42:24,,39.82554621848739,,,,,,,
2024-09-08 04:43:25,,39.77274509803921,,,,,,,
2024-09-08 04:44:26,,,,37.629019607843134,,,,,
2024-09-08 04:46:29,,,,37.629019607843134,,39.45760577915377,,,
2024-09-08 04:47:30,,,,37.33333333333333,,39.48094943240454,,,
2024-09-08 04:48:31,,,,37.3924705882353,,39.49348583877996,,,
2024-09-08 04:49:33,,,,,,39.50749711649366,,,
2024-09-08 04:50:34,,,,,,39.46781862745098,,,
2024-09-08 04:51:35,,,,,,39.43085784313726,,,
2024-09-08 04:52:36,,,,37.3924705882353,,39.403137254901964,,,
2024-09-08 04:53:38,,,,,,39.35095732410611,,,
2024-09-08 04:54:39,,39.64602240896359,,,,39.35095732410611,,,
2024-09-08 04:55:40,,,,,,39.338455882352946,,,
2024-09-08 04:56:41,,,,,,39.34226066897347,,,
2024-09-08 04:57:43,,39.55098039215686,,,,,,,
2024-09-08 04:58:44,,39.47213071895424,,,,,,,
2024-09-08 04:59:45,,39.42284967320261,,,,,,,
2024-09-08 05:00:46,,39.39328104575164,,,,,,,
2024-09-08 05:01:48,,39.38342483660131,,,,,,,
2024-09-08 05:02:49,,,,37.03764705882353,,,,,
2024-09-08 05:03:50,,39.3248673587082,,,,,,,
2024-09-08 05:04:51,,39.35385620915033,,,,,,,
2024-09-08 05:05:53,,39.32532507739938,,,,,,,
2024-09-08 05:06:54,,,,,,39.44256209150327,39.10745098039216,,
2024-09-08 05:07:55,,,,,,39.43481792717087,39.25529411764706,,
2024-09-08 05:08:56,,,,,,39.48274509803922,38.811764705882354,,
2024-09-08 05:09:58,,,,,,39.440098039215684,,,
2024-09-08 05:15:04,,39.3560962566845,,,,,,,
2024-09-08 05:17:07,,39.3560962566845,,,,39.50662745098039,,,
2024-09-08 05:18:08,,39.39028132992328,,37.03764705882353,,,,,
2024-09-08 05:20:10,40.02407843137255,39.44813299232737,,,,,,,
2024-09-08 05:21:11,,39.480272804774096,,,,,,,
2024-09-08 05:22:13,,39.53169650468883,,,,,,,
2024-09-08 05:23:14,,,,,,39.46884531590413,,,
2024-09-08 05:24:15,,39.579140989729225,,,,39.485272331154675,,,
2024-09-08 05:25:17,40.38875816993465,39.54358823529412,,,,39.40313725490196,,,
2024-09-08 05:26:18,,39.580549019607844,,,,39.421617647058824,,,
2024-09-08 05:27:19,,39.6544705882353,,,,,,,
2024-09-08 05:30:23,,39.68403921568628,,,,,,,
2024-09-08 05:36:31,,39.654470588235306,,,,,,,
2024-09-08 05:44:41,,,39.69882352941177,,,,,,
2024-09-08 05:49:47,40.408470588235296,39.69178338001868,,,37.77686274509804,,,,
2024-09-08 05:54:53,,39.684743230625585,,,,,,,
2024-09-08 06:04:04,40.393686274509804,,,,,,,,
2024-09-08 06:07:08,40.36411764705882,39.706604747162025,,,,,,,
2024-09-08 06:08:09,,39.73167755991285,,,,,,,
2024-09-08 06:09:10,,39.777093425605536,,,,,,,
2024-09-08 06:16:19,40.40847058823529,39.791225490196084,,,39.25529411764706,,38.62168067226891,,
2024-09-08 06:17:20,40.42325490196078,,,,,,38.40519607843137,,
2024-09-08 06:18:21,40.393686274509804,,,,,,,,
2024-09-08 06:20:24,40.364117647058826,,,,,,38.04298039215686,,
2024-09-08 06:21:25,,39.92627450980392,,,,,,,
2024-09-08 06:23:27,,39.96986928104575,,,,,,,
2024-09-08 06:31:37,,40.075151515151525,,,,,,,
2024-09-08 06:33:40,40.604362745098044,,,,,,,,
2024-09-08 06:40:48,,40.20806100217865,38.51607843137255,,,,,,
2024-09-08 06:41:50,,,,,,36.741960784313726,,,
2024-09-08 06:46:56,,,,,,,37.86134453781512,,
2024-09-08 06:51:01,,,,,,37.03764705882353,,,
2024-09-08 06:54:05,,,40.14235294117647,,,,37.90499346405228,,
2024-09-08 07:00:13,40.852000000000004,,,,,38.36823529411765,,,
2024-09-08 07:01:14,,,,,,,38.00786764705883,,
2024-09-08 07:07:22,,,,,,,38.118750000000006,,
2024-09-08 07:10:25,,,,,,,38.22963235294118,,
2024-09-08 07:12:28,,,,,,,38.340514705882356,,
2024-09-08 07:14:30,,,,,,,38.429111880046136,,
2024-09-08 07:31:52,,,,,,,,,38.959607843137256
2024-09-08 07:35:57,,,,,,,38.18753812636166,,
2024-09-08 07:36:58,,,,,,,38.142579979360164,,
2024-09-08 07:37:59,,,,,,,38.05776470588235,,
2024-09-08 07:39:00,,,,,,,37.97398692810457,,
2024-09-08 07:41:03,,,,,,,,39.55098039215687,
2024-09-08 07:44:06,,39.08281045751634,,,,,,,
2024-09-08 07:45:08,,,,38.959607843137256,,,,,
2024-09-08 07:46:09,,,,,39.10745098039216,,37.72310160427807,,
2024-09-08 07:47:10,,,,,39.10745098039216,,,,
2024-09-08 07:51:16,,39.27377450980392,,,37.92470588235294,,,,
2024-09-08 07:52:17,,39.27377450980392,,,,,,,
2024-09-08 07:53:18,,39.38671023965142,38.22039215686274,,,,37.70294117647059,,
2024-09-08 07:55:21,,,,,,,37.65236326109391,,
2024-09-08 07:56:22,,,,,,,37.65366013071895,,
2024-09-08 07:58:25,,,,,,,37.80295271049596,,
2024-09-08 07:59:26,39.10745098039216,39.50662745098039,,,,,37.81164936562861,,
2024-09-08 08:00:27,39.25529411764706,,,,,,37.8230637254902,,
2024-09-08 08:01:28,,,,,,,37.92470588235294,,
2024-09-08 08:03:31,,,,,,,38.040868347338936,,
2024-09-08 08:04:32,,39.38039215686275,,,,,,,
2024-09-08 08:09:38,,,,,,,38.03843137254902,,
2024-09-08 08:11:41,,,,,,,38.04980392156863,,
2024-09-08 08:14:45,,,,,,,37.95882352941177,,
2024-09-08 08:18:50,,39.24543790849673,,,,,,,
2024-09-08 08:20:52,,39.16658823529412,,,,38.51607843137255,,,
2024-09-08 08:21:53,,,,,,,37.61557932263815,,
2024-09-08 08:24:57,,39.15673202614379,,,,,,,
2024-09-08 08:30:04,,,,38.51607843137255,,,,,
2024-09-08 08:31:05,,,41.02941176470589,,,,,,
2024-09-08 08:51:31,,,,,,37.03764705882353,,,
2024-09-08 09:05:49,,,,,,36.88980392156863,,,
2024-09-08 10:13:13,39.25529411764706,39.21422657952069,,,,,,,
2024-09-08 10:15:15,39.3045751633987,39.20082559339525,,,,,,,
2024-09-08 10:16:17,39.31865546218488,,,,,,,,
2024-09-08 10:17:18,39.29753501400561,39.18137254901961,,,,,,,
2024-09-08 10:18:19,,39.193044375645,,,,,,,
2024-09-08 10:20:22,,39.20860681114552,,,,,,,
2024-09-08 10:22:25,39.34400000000001,,,,,,,,
2024-09-08 10:26:30,,39.21638802889578,,,,,,,
2024-09-08 10:27:31,,39.189586056644885,,,,,,,
2024-09-08 10:28:33,,39.142237600922726,,,,,,,
2024-09-08 10:29:34,39.39081699346406,39.142237600922726,,,,,,,
2024-09-08 10:30:35,,39.185720876585926,,,,,,,
2024-09-08 10:31:36,,39.15963091118801,,,,,,,
2024-09-08 10:33:39,,39.2470806100218,,,,39.40313725490197,,,
2024-09-08 10:34:40,,39.2470806100218,,,,,,,
2024-09-08 10:35:41,,39.301981424148615,,,,,,,
2024-09-08 10:36:43,,39.325325077399384,,,,,,,
2024-09-08 10:37:44,39.624901960784314,39.403137254901964,,,,,,,
2024-09-08 10:42:50,,,,,,40.319764705882356,,,
2024-09-08 10:46:54,39.66186274509805,,,,,,,,
2024-09-08 10:47:56,39.68143021914649,,,,,,,,
2024-09-08 10:49:58,39.665969498910684,,,,,,,,
2024-09-08 10:50:59,39.66596949891068,,,,,,,,
2024-09-08 10:52:00,39.691042311661505,,,,,,,,
2024-09-08 11:05:18,,,,,,40.22299465240642,,,
2024-09-08 11:08:21,,,,,,40.22859477124183,,,
2024-09-08 11:09:23,39.70621568627451,39.729948400412795,,,,,,,
2024-09-08 11:10:24,39.70621568627451,39.823323013415894,,,,40.22859477124183,,,
2024-09-08 11:11:25,39.721,39.88557275541796,,,,40.24091503267974,,,
2024-09-08 11:12:26,39.70621568627451,,,,,40.2498752228164,,,
2024-09-08 11:13:28,39.70621568627451,40.00229102167183,,,,40.24091503267973,,,
2024-09-08 11:14:29,39.6777030812325,40.10128540305011,,,,40.253235294117644,,,
2024-09-08 11:15:30,,40.109498910675384,,,,,,,
2024-09-08 11:16:31,39.71360784313726,,,,,40.26555555555556,,,
2024-09-08 11:19:35,39.71360784313726,,,,,40.27675579322638,,,
2024-09-08 11:31:51,39.698823529411776,40.171921568627454,,,,,,,
2024-09-08 11:33:53,39.72346405228759,40.07899159663866,,,,,,,
2024-09-08 11:34:54,39.72491349480969,40.06843137254903,,,,,,,
2024-09-08 11:38:59,39.69882352941176,,,,,,,,
2024-09-08 11:41:02,39.728392156862746,40.0437908496732,,,,,,,
2024-09-08 11:42:03,39.728392156862746,40.095043137254905,,,,39.99450980392157,,,
2024-09-08 11:59:25,,40.06274509803922,,,,,,,
2024-09-08 12:00:26,,40.028627450980395,,,,,,,
2024-09-08 12:01:27,,40.01225098039215,,,,,,,
2024-09-08 12:04:31,,40.02407843137255,,,,,,,
2024-09-08 12:05:32,,40.02407843137255,,37.80643137254902,,39.846666666666664,,39.40313725490197,
2024-09-08 12:07:35,,,,,,,,,
2024-09-08 12:08:36,,40.083215686274514,,,,,,,
2024-09-08 12:15:45,,40.06843137254902,,,,,,,
2024-09-08 12:16:46,,40.1166410912191,,38.1781512605042,,,,,
2024-09-08 12:17:47,,40.136192810457516,,38.262633053221286,,39.40313725490197,,,
2024-09-08 12:18:49,,40.16699346405229,,,,,,,
2024-09-08 12:19:50,,40.142352941176476,,38.0303081232493,,,,,
2024-09-08 12:20:51,,,,38.00918767507003,,38.51607843137255,,39.10745098039216,
2024-09-08 12:22:54,,40.09092924126172,,,,,,,
2024-09-08 12:24:56,,40.06843137254902,,,,,,,
2024-09-08 12:25:57,,40.08603174603174,,,,,,,
2024-09-08 12:26:59,,40.068431372549014,,,,,,,
2024-09-08 12:28:00,40.14235294117647,,,,,,,,
2024-09-08 12:29:01,40.14235294117647,40.01915032679738,,,,,,,
2024-09-08 12:30:02,40.23105882352941,,,,,,,,
2024-09-08 12:31:03,,40.04071078431373,,,,,,,
2024-09-08 12:32:05,,40.049950980392154,,,38.07254901960785,,,,
2024-09-08 12:35:09,,,,37.75222222222222,,,,,
2024-09-08 12:36:10,,,,37.94934640522876,,40.29019607843138,,,
2024-09-08 12:37:11,40.14235294117647,40.06274509803922,,,,,40.29019607843137,,
2024-09-08 12:38:12,40.526745098039214,40.093071895424835,40.056111111111115,,,,40.314836601307185,,
2024-09-08 12:39:14,,39.920588235294126,,,,,40.26555555555556,,
2024-09-08 12:40:15,,,39.823921568627455,,,,,,
2024-09-08 12:42:17,,,39.83529411764706,,,,,,
2024-09-08 12:44:20,,,,,,,40.416918767507006,,
2024-09-08 12:45:21,,,,,,,40.35355742296919,,
2024-09-08 12:51:28,,,39.69882352941177,,,,,,
2024-09-08 12:52:29,,,39.68958333333333,,,,,,
2024-09-08 12:53:30,,,39.74502450980392,,,,,,
2024-09-08 12:54:32,,,39.69012687427912,,,,,,
2024-09-08 12:55:33,,,39.624901960784314,,,,,,
2024-09-08 12:56:34,,,39.55876160990712,,,,,,
2024-09-08 12:57:35,,,39.55876160990712,,,,,,
2024-09-08 12:59:38,,,,,,,40.71524509803922,,
2024-09-08 13:08:49,,,39.65658263305322,,,,,,
2024-09-08 13:10:52,40.53660130718955,,39.64250233426704,,,,,,
2024-09-08 13:16:59,,37.77686274509804,,,,37.77686274509804,,,
2024-09-08 13:19:02,40.53044117647059,,39.792905525846706,,,,40.3148366013072,,
2024-09-08 13:21:04,40.567401960784316,38.811764705882354,,,,37.92470588235294,,,
2024-09-08 13:23:07,40.339477124183006,,39.75056862745098,,,,,,
2024-09-08 13:24:08,,,39.74106442577031,,,,,,
2024-09-08 13:25:09,40.22299465240641,,39.70586367880486,,,,,,
2024-09-08 13:26:11,40.179313725490196,37.92470588235294,,,,40.585882352941184,,,
2024-09-08 13:28:13,,,39.683261093911256,,,,,,
2024-09-08 13:29:14,40.08955182072829,,39.59204793028322,,,,,,
2024-09-08 13:30:16,40.043790849673194,,39.559677047289505,,,,40.14235294117647,,
2024-09-08 13:31:17,40.06350326797386,,39.59446366782007,,,,,,
2024-09-08 13:35:22,,,,,,,40.585882352941184,,
2024-09-08 13:38:26,,,39.42284967320261,,,,,,
2024-09-08 13:40:28,,,39.29471895424836,,,,,,
2024-09-08 13:41:30,,,,,,,39.40313725490197,,
2024-09-08 13:43:32,,,39.33490196078432,,,,,,
2024-09-08 13:44:33,,,39.35764705882354,,,,,,
2024-09-08 13:45:34,,39.69882352941177,,,,40.438039215686274,,,
2024-09-08 13:46:36,,,,,,,,,
2024-09-08 13:47:37,39.9541889483066,,39.4972192513369,,,,,,
2024-09-08 13:49:39,39.91386809269162,,,,,,,,
2024-09-08 13:50:41,39.87623529411765,,,,,,,,
2024-09-08 13:51:42,39.81381263616558,,,,,,,,
2024-09-08 13:52:43,39.846666666666664,,,,,,,,
2024-09-08 13:53:45,39.754264705882356,,,,,,,,
2024-09-08 13:54:46,,,39.69882352941177,,,,,,
2024-09-08 13:55:47,,,,,,,,,39.55098039215687
2024-09-08 13:56:48,,,,,,,39.99450980392157,,
2024-09-08 13:59:52,,,,,,,,,39.69882352941177
2024-09-08 14:00:53,,,,,,,,,39.99450980392157
2024-09-08 14:19:16,,39.55098039215687,,,,,,,
2024-09-08 14:20:18,,39.69882352941177,,38.121830065359475,,,,,
2024-09-08 14:21:19,,,,38.220392156862744,,,,,
2024-09-08 14:22:20,,,,38.19575163398692,,,,,
2024-09-08 14:23:21,,,,38.19575163398692,,,,,
2024-09-08 14:24:23,,,,,39.16658823529412,,,,
2024-09-08 14:31:31,,,,,,,,39.978082788671024,
2024-09-08 14:32:32,,,,,,,,40.00929411764706,
2024-09-08 14:33:34,,,,,,,,39.99450980392157,
2024-09-08 14:35:36,,,,,,,,40.03886274509804,
2024-09-08 14:36:37,,,,,,,,,
2024-09-08 14:37:39,,,,,,,,,
2024-09-08 14:39:41,39.69882352941177,,,37.961666666666666,,,,,
2024-09-08 14:42:45,,,,38.253246187363835,,,,,
2024-09-08 14:43:47,39.79738562091504,,,,39.28814814814816,,,39.95015686274509,
2024-09-08 14:45:49,,,39.84666666666666,,,,,,
2024-09-08 14:46:50,39.825546218487396,,,,,,,,
2024-09-08 14:51:57,,,,,39.28814814814816,,,,
2024-09-08 14:52:58,,,,,39.3045751633987,,,39.96494117647059,
2024-09-08 14:53:59,,,,,39.27172113289761,,,39.95015686274509,
2024-09-08 14:55:01,,,,,39.25529411764707,,,39.935372549019604,
2024-09-08 14:56:02,,,,,39.27377450980393,,,39.935372549019604,
2024-09-08 14:57:03,,,,,39.27377450980393,,,39.978082788671024,
2024-09-08 15:02:10,,,,,,,,,
2024-09-08 15:03:11,,,,37.03764705882353,,,,,
2024-09-08 15:04:12,,,,37.48117647058824,,,,,
2024-09-08 15:05:13,40.240915032679744,,,,,,,,
2024-09-08 15:06:15,40.179313725490196,,,,,,,,
2024-09-08 15:07:16,,,39.72839215686274,39.55098039215687,39.25529411764706,,,,
2024-09-08 15:10:20,,,,,,,38.959607843137256,,
2024-09-08 15:14:24,,,,,,,,,
2024-09-08 15:18:29,40.38875816993464,,,,,,,,
2024-09-08 15:21:33,40.364117647058826,,,,,,38.99246187363835,,
2024-09-08 15:22:34,40.40518518518519,,,,,,,,
2024-09-08 15:30:44,,,,,,,38.90047058823531,,
2024-09-08 15:32:47,,,,,,,39.14777183600714,,
2024-09-08 15:34:50,,,39.41657754010694,,,,,,
2024-09-08 15:35:51,,40.585882352941184,,,,,,,
2024-09-08 15:36:52,40.38875816993464,40.88156862745098,,,,,,,
2024-09-08 15:39:55,40.42161220043573,,,,,,,,
2024-09-08 15:41:58,,,39.624901960784314,,,,38.97192810457516,,
2024-09-08 15:46:03,40.40518518518519,,,,,,,,
2024-09-08 15:55:14,40.56740196078432,,,,,,,,
2024-09-08 15:58:18,,,39.62983006535948,,,,38.870901960784316,,
2024-09-08 15:59:19,,,39.550980392156866,,,,38.811764705882354,,
2024-09-08 16:00:21,,,39.519299719887954,,,,38.71936274509804,,
2024-09-08 16:01:22,,,39.31865546218488,,,,38.756323529411766,,
2024-09-08 16:02:23,,,39.25529411764706,,,,38.837854671280276,,
2024-09-08 16:03:24,40.29019607843137,,,,,,,,
2024-09-08 16:04:26,,,39.30809523809524,,,,38.821004901960784,,
2024-09-08 16:05:27,,,39.28486274509804,,,,38.86720588235295,,
2024-09-08 16:06:28,,,39.35385620915032,,,,38.969464052287584,,
2024-09-08 16:08:31,,39.329215686274516,,,,,,,
2024-09-08 16:16:41,,,39.21305322128852,,,,,,
2024-09-08 16:18:43,,,39.21305322128852,,,,,,
2024-09-08 16:29:58,,,39.286974789915966,,,,,,
2024-09-08 16:32:01,,,39.42425770308124,,,,38.97016806722689,,
2024-09-08 16:33:02,,,,,,,38.949047619047626,,
2024-09-08 16:35:05,,,,,,,38.99128851540616,,
2024-09-08 16:36:06,,,,,,,39.00509803921569,,
2024-09-08 16:37:07,,,,,,,38.97192810457516,,
2024-09-08 17:00:36,,,39.61818181818182,,38.190823529411766,,,,
2024-09-08 17:07:45,,38.51607843137255,,,,,38.826549019607846,,
2024-09-08 17:08:46,39.403137254901964,38.64913725490196,,,,,,,
2024-09-08 17:09:47,,38.55639928698752,,,,,,,
2024-09-08 17:10:49,,38.650481283422465,39.6396862745098,,,,38.86104575163399,,
2024-09-08 17:13:53,,38.63704099821747,,,,38.51607843137255,,,
2024-09-08 17:14:54,,38.66392156862746,,,,38.51607843137255,,,
2024-09-08 17:15:56,,38.39780392156863,,,,,,,
2024-09-08 17:19:00,,38.412588235294116,,,,,,,
2024-09-08 17:20:01,,,,37.48117647058824,38.02326797385621,,,,
2024-09-08 17:21:02,,,39.360896358543414,,,,,,
2024-09-08 17:22:04,,,,36.15058823529412,37.85078431372549,,,,
2024-09-08 17:23:05,39.1880926916221,,,,,,,,
2024-09-08 17:24:06,39.31689542483661,,,,38.1147899159664,,,,
2024-09-08 17:25:07,,38.71768270944742,,36.00274509803921,38.1781512605042,,,,
2024-09-08 17:26:09,39.47705882352942,,,,38.00918767507003,,,,
2024-09-08 17:27:10,,,39.87623529411765,,,,,,
2024-09-08 17:30:14,39.624901960784314,,,,,,,,37.18549019607843
2024-09-08 17:31:15,39.69882352941177,38.74456327985741,,,,,,,
2024-09-08 17:33:17,,,39.7929055258467,,,,39.99450980392157,,
2024-09-08 17:35:20,,,,34.9678431372549,,,,38.36823529411765,
2024-09-08 17:36:21,39.48140715109574,,,,,,,,
2024-09-08 17:37:22,39.490103806228376,,,,,,,,
2024-09-08 17:38:24,39.48140715109574,,,,,,41.17725490196079,,
2024-09-08 17:43:30,39.516193771626305,,,,,,,,
2024-09-08 17:45:33,,,,,,,,,
2024-09-08 17:46:34,39.394440599769325,,,,,,,,
2024-09-08 17:52:42,,,39.78752941176471,,39.40313725490197,,41.32509803921569,,
2024-09-08 17:53:44,39.550980392156866,,39.75258467023173,,,,,,
2024-09-08 17:54:45,39.608474945533764,,39.723464052287575,,,,,,
2024-09-08 17:55:46,39.667698658410735,,39.6078431372549,,,,,,
2024-09-08 17:56:48,39.69882352941177,,39.63546218487395,,,,,,
2024-09-08 17:57:49,39.745510835913315,39.63058823529412,39.73050420168067,,,,,,
2024-09-08 17:58:50,,39.653333333333336,,,,,,,
2024-09-08 17:59:52,,39.69882352941176,,,,,,,
2024-09-08 18:00:53,39.93701525054467,39.69882352941176,,,,,,,
2024-09-08 18:01:54,,39.748104575163396,,,,,,,
2024-09-08 18:02:56,,39.71114379084967,,,,,,,
2024-09-08 18:03:57,,39.748104575163396,,,,,,,
2024-09-08 18:04:58,,39.748104575163396,,,,,,,
2024-09-08 18:05:59,,39.686503267973855,,,,,,,
2024-09-08 18:07:01,,39.564420677361845,,,,,,,
2024-09-08 18:08:02,39.87952069716776,,39.624901960784314,,,,,,
2024-09-08 18:09:03,39.87001031991745,39.55098039215686,39.43085784313726,,,,,,
2024-09-08 18:10:04,39.84666666666667,,39.319975490196086,,,,,,
2024-09-08 18:11:06,39.79219814241486,,39.29225490196079,,,,38.22039215686274,,
2024-09-08 18:14:10,,,39.04276960784314,,,,,,
2024-09-08 18:15:11,39.79219814241487,,38.89492647058823,,,,,,
2024-09-08 18:16:12,,,38.77480392156863,,,,,,
2024-09-08 18:17:13,,,38.707404844290664,,,,,,
2024-09-08 18:18:15,39.87482726423904,,38.63928104575164,,37.48117647058824,,,,
2024-09-08 18:22:20,39.99450980392157,,,,,,,,
2024-09-08 18:23:21,40.09307189542484,,,,,,,,
2024-09-08 18:24:23,40.11547237076649,,,,,,,,
2024-09-08 18:25:24,40.090929241261726,,,,,,,,
2024-09-08 18:29:29,40.08691176470589,,,,,,,,
2024-09-08 18:31:31,,,38.64376114081997,,,,,,
2024-09-08 18:32:33,40.07138823529412,39.949019607843134,38.66392156862746,,,,,,
2024-09-08 18:33:34,40.053647058823536,,38.74136321195145,,,,,,
2024-09-08 18:34:35,40.031470588235294,39.93290849673202,38.626960784313724,,,,,,
2024-09-08 18:35:36,40.026649616368296,39.92730837789661,38.53825490196079,,,,,,
2024-09-08 18:36:38,39.98106951871659,39.886987522281636,38.50129411764706,,,,,,
2024-09-08 18:37:39,39.98106951871659,39.886987522281636,38.47911764705883,,,,,,
2024-09-08 18:38:40,39.96634920634921,39.913868092691615,38.422703818369456,,,,,,
2024-09-08 18:39:41,39.95226890756303,39.82202614379084,38.39157894736842,,,,,,
2024-09-08 18:40:42,39.95930905695612,39.82202614379084,38.34359477124183,,,,,,
2024-09-08 18:41:43,39.950156862745104,39.82202614379084,38.28126874279124,,,,,,
2024-09-08 18:42:45,39.99450980392158,39.676078431372545,38.29866205305652,,,,,,
2024-09-08 18:43:46,40.019150326797394,,,,,,,,
2024-09-08 18:44:47,40.090173010380624,,38.16592363261094,,,,,,
2024-09-08 18:45:49,40.10539215686275,,,,,,,,
2024-09-08 18:47:51,40.152209150326804,,,,,,,,
2024-09-08 18:48:52,,39.60378151260504,,,,,,,
2024-09-08 18:49:53,40.20149019607843,,,,,,,,
2024-09-08 18:51:56,,,,,,,39.28486274509804,,
2024-09-08 18:52:57,,,38.43394335511982,,,,39.16658823529412,,
2024-09-08 18:53:58,,,38.68034858387799,,,,39.51065953654189,,
2024-09-08 18:56:01,,,38.61174163783161,,,,39.403137254901964,,
2024-09-08 18:58:03,,,,,,,39.26761437908497,,
2024-09-08 19:00:06,,39.58383442265795,38.762483660130705,,,,39.403137254901964,,
2024-09-08 19:01:07,,,,,,39.10745098039216,,,
2024-09-08 19:02:08,,,,,,39.10745098039216,39.403137254901964,,
2024-09-08 19:03:10,,,,,,39.0889705882353,39.39081699346406,,
2024-09-08 19:04:11,,39.31443137254902,39.152941176470584,,,39.162892156862746,39.11882352941176,,
2024-09-08 19:05:12,,,39.07333333333333,,,,,,
2024-09-08 19:06:13,,,39.08470588235294,,,,,,
2024-09-08 19:08:16,,,,,,,,,
2024-09-08 19:29:41,,,39.0088888888889,,,,,,
2024-09-08 20:41:09,40.438039215686274,40.29019607843138,,,,,,,
2024-09-08 20:43:11,,,39.07973039215686,,,,39.05058823529412,,
2024-09-08 20:44:13,40.88156862745098,39.55098039215687,,,,39.2717211328976,,,
2024-09-08 20:45:14,,,,,,,38.69080213903744,,
2024-09-08 20:46:15,,,,,,39.14030501089324,,,
2024-09-08 20:47:16,,,,,38.959607843137256,,38.9004705882353,,
2024-09-08 20:48:17,,,,,,39.210941176470584,,,
2024-09-08 20:49:19,,,39.34769607843137,,,39.1961568627451,,,
2024-09-08 20:50:20,,,,38.07254901960785,,,,,
2024-09-08 20:51:21,,,,38.959607843137256,,,,,
2024-09-08 20:52:22,,,,,,,38.91032679738562,,
2024-09-08 20:53:24,,,39.60544891640867,,,,,,
2024-09-08 20:54:25,,,39.69882352941176,,39.55098039215687,,,,
2024-09-08 20:55:27,,,39.789172113289766,39.10745098039216,,39.23065359477124,,,
2024-09-08 20:56:28,,,39.76453159041395,,,,,,
2024-09-08 20:58:30,,,39.85488017429194,,,,,,
2024-09-08 20:59:32,40.37890196078432,,,,,,,,
2024-09-08 21:01:34,,,39.96165577342047,,40.171921568627454,,,,
2024-09-08 21:02:36,,,,,40.231058823529416,,,,
2024-09-08 21:04:38,39.50169934640524,,,,,,,,
2024-09-08 21:05:39,,,39.83888544891641,,,39.3045751633987,39.40313725490197,,
2024-09-08 21:06:40,39.466498599439774,,39.87001031991744,,,,,,
2024-09-08 21:08:43,,,39.784416924664605,39.25529411764706,39.40313725490197,,,,
2024-09-08 21:12:48,,,39.80559912854031,,,,,,
2024-09-08 21:17:54,,,39.77663570691434,,,,,,
2024-09-08 21:18:55,,,39.78013725490196,,,,,,
2024-09-08 21:19:57,,,39.92058823529412,,,,,,
2024-09-08 21:20:58,,,39.9711661506708,,,,,,
2024-09-08 21:26:04,,,,,,,,,
2024-09-08 21:29:08,,,,,44.13411764705883,,,,
2024-09-08 21:30:09,,,,,,,,,
2024-09-08 21:31:10,39.624901960784314,,,,,,41.17725490196079,,
2024-09-08 21:32:11,39.7481045751634,,39.777093425605536,,,,,,
2024-09-08 21:33:13,39.81381263616558,,39.86405997693195,,,,,,
2024-09-08 21:34:14,,,,,,40.29019607843138,,,
2024-09-08 22:09:59,,,39.93226006191951,,,38.07254901960785,,,
2024-09-08 22:12:01,39.78752941176471,,,,,,,,
2024-09-08 22:20:11,,39.55098039215687,,,,,,,
2024-09-08 22:29:23,39.819786096256685,,,,,,,,
2024-09-08 22:30:24,,,39.98581314878893,,,,,,
2024-09-08 22:31:25,,,39.948308823529416,,,,,,
2024-09-08 22:32:26,,,39.92551633986929,,,,,,
2024-09-08 22:33:27,39.860106951871664,,,,,,,,
2024-09-08 22:34:29,,39.42777777777777,,,,,,,
2024-09-08 22:35:30,39.52141176470589,,,,,,,,
2024-09-08 22:36:31,,,,39.25529411764706,,,,,
2024-09-08 22:37:33,,,39.69882352941177,,,,,,
2024-09-08 22:38:34,,40.015630252100834,,,,,,,
2024-09-08 22:40:36,,,39.888907563025214,,,,,,
2024-09-08 22:41:37,39.867787114845946,,39.81254901960785,,,,,,
2024-09-08 22:44:41,,39.895947712418305,39.846666666666664,,,,,,
2024-09-08 22:57:57,39.82554621848739,,39.92058823529412,,,,,,
2024-09-08 23:00:00,39.93114845938375,,39.88362745098039,,,,,,
2024-09-08 23:01:01,39.783305322128854,,,,,,,,
2024-09-08 23:34:42,,39.684039215686276,,,,,,,
2024-09-08 23:56:08,,,,,,37.629019607843134,,,
2024-09-09 00:12:28,,,,,,37.48117647058824,,,
2024-09-09 00:14:31,,39.67194295900179,,33.78509803921568,,,,,
2024-09-09 00:15:32,,39.76602495543673,39.63546218487395,,,,39.99450980392157,,
2024-09-09 00:16:33,,,39.59322128851541,,,,,,
2024-09-09 00:18:36,,,,37.03764705882353,,,,,
2024-09-09 00:24:43,,,,,,,,,
2024-09-09 00:25:45,,,,,,,,,
2024-09-09 00:28:49,,,,,37.77686274509804,,,,
2024-09-09 00:31:52,,39.752584670231734,,,,,,39.99450980392157,
2024-09-09 00:43:06,,39.819786096256685,,,,,,,
2024-09-09 00:46:10,,39.87623529411764,,,,,,,
2024-09-09 00:55:21,39.83434640522875,39.87623529411764,,,,,,,
2024-09-09 00:56:22,,,39.755686274509806,,,,,,
2024-09-09 00:58:25,39.846666666666664,,39.71994397759103,,,,,,
2024-09-09 01:00:27,39.80970588235294,39.819786096256685,39.709383753501406,,,,,,
2024-09-09 01:02:30,39.84666666666666,,39.709383753501406,,,,,,
2024-09-09 01:04:32,,,39.709383753501406,,,,,,
2024-09-09 01:06:35,39.85803921568626,,,,,,,,
2024-09-09 01:07:36,,39.82202614379085,,,,,,,
2024-09-09 01:09:39,39.846666666666664,,,,,,37.48117647058824,,
2024-09-09 01:10:40,39.846666666666664,,39.67418300653595,,,,,,
2024-09-09 01:11:41,39.857226890756294,39.55098039215685,39.66186274509804,,,,,,
2024-09-09 01:12:43,,,39.32249554367202,,,,,,
2024-09-09 01:13:44,39.85652287581699,,39.32249554367202,,,,,,
2024-09-09 01:14:45,,,39.29561497326204,,,,,,
2024-09-09 01:17:48,39.82927335640138,,,,,,,,
2024-09-09 01:18:50,,,39.29561497326204,,,,,,
2024-09-09 01:19:51,,39.85898692810457,,,,,,,
2024-09-09 01:20:52,39.80970588235294,,39.34400000000001,,,,,,
2024-09-09 01:21:53,39.85652287581699,39.812549019607836,,,,,,,37.92470588235294
2024-09-09 01:22:55,,39.85803921568628,,,,,,,
2024-09-09 01:23:56,,39.667142857142856,,,,,,,
2024-09-09 01:25:58,,39.70867973856209,,,,,,,
2024-09-09 01:27:00,,,,,,,39.5932212885154,,
2024-09-09 01:29:02,,,,,,,39.59040522875817,,
2024-09-09 01:30:03,,,,,,,39.74106442577031,,
2024-09-09 01:31:05,39.7875294117647,39.60847494553377,,,,,39.76781699346405,,
2024-09-09 01:32:06,,39.57562091503268,,,,,39.75426470588235,,
2024-09-09 01:33:07,39.763504901960786,,,,,,39.78579008073818,,
2024-09-09 01:34:09,39.75426470588235,,,,,,39.81381263616558,,
2024-09-09 01:35:10,39.75426470588235,39.58618113912231,,,,,39.82202614379085,,
2024-09-09 01:36:11,,,,,,,39.862229102167184,,
2024-09-09 01:37:12,,,,,,,39.83927450980393,,
2024-09-09 01:38:13,,,,,,,39.85370681605976,,
2024-09-09 01:39:15,,39.52633986928105,,,,,,,
2024-09-09 01:40:16,39.698823529411776,39.49553921568628,,,,37.03764705882353,,,
2024-09-09 01:41:17,39.64132897603487,39.47705882352941,,,,,39.85338680926917,,
2024-09-09 01:42:18,39.66769865841074,39.42161764705883,,,,,39.878806479113386,,
2024-09-09 01:43:19,39.67664705882354,39.37233660130719,,,,,39.85952259164535,,
2024-09-09 01:44:21,39.67066293183941,39.36765490196078,,,,,39.90451832907076,,
2024-09-09 01:45:22,,39.34627450980392,,,39.25529411764706,,,,
2024-09-09 01:46:23,39.711679454390456,39.35933188090051,,,,39.40313725490197,39.934028520499105,,
2024-09-09 01:47:25,39.69882352941177,39.33742919389979,,,,39.40313725490197,39.95930905695611,,
2024-09-09 01:48:26,39.711143790849675,39.31005083514888,,,,,39.95015686274509,,
2024-09-09 01:49:27,39.72346405228759,39.26076978939724,,,,,39.95560371517028,,
2024-09-09 01:50:28,,39.20601307189542,,,,,,,
2024-09-09 01:51:29,39.71114379084968,39.222440087145976,,,,,,,
2024-09-09 01:52:30,,39.22361344537815,,,,39.10745098039216,40.084858387799564,,
2024-09-09 01:53:32,39.73430588235295,39.23490196078432,,,,,40.090173010380624,,
2024-09-09 01:54:33,,39.22470588235294,,,,,,,
2024-09-09 01:55:34,39.71588235294118,39.22470588235295,,,,,40.09615196078431,,
2024-09-09 01:56:35,39.71588235294118,39.20941176470589,,,,,,,
2024-09-09 01:57:37,39.71019607843137,39.17609243697479,,,,,40.10292810457516,,
2024-09-09 01:58:38,39.704509803921574,39.189586056644885,,,,,,,
2024-09-09 01:59:40,39.704509803921574,39.12935366739289,,,,,40.11067226890757,,
2024-09-09 02:00:41,39.68176470588235,39.0964996368918,,,,,40.108235294117655,,
2024-09-09 02:01:42,,39.074596949891074,,,,,,,
2024-09-09 02:02:43,39.69882352941177,39.0964996368918,,,,,,,
2024-09-09 02:03:45,39.686503267973855,39.091023965141616,,,,,,,
2024-09-09 02:04:46,39.67418300653595,39.069121278140884,,,,,,,
2024-09-09 02:05:47,39.685967604433074,39.04174291938998,,,,,,,
2024-09-09 02:06:49,39.692395566922414,39.01984023238926,,,,,40.06843137254902,,
2024-09-09 02:07:50,39.67194295900178,39.01984023238925,,,,,39.99450980392157,,
2024-09-09 02:08:51,,39.01984023238925,,,,,,,
2024-09-09 02:09:52,,,,,,37.92470588235294,,,
2024-09-09 02:10:54,39.70586367880486,,,,,,,,
2024-09-09 02:11:55,39.70586367880485,39.12387799564271,,,,38.36823529411765,,,
2024-09-09 02:12:56,39.69178338001867,,,,,,,,
2024-09-09 02:13:58,39.69882352941177,,,,,,,,
2024-09-09 02:14:59,39.691042311661505,,,,,,40.19779411764706,,
2024-09-09 02:16:00,39.68326109391125,,,,,38.16125490196079,,,
2024-09-09 02:17:01,,39.16768336964415,,,,,,,
2024-09-09 02:18:03,,39.162207697893976,,,,,,,
2024-09-09 02:19:04,,39.173159041394335,,,,,39.75426470588235,,
2024-09-09 02:20:05,39.72216718266254,39.19506172839506,,,,,,,
2024-09-09 02:21:06,,39.200537400145244,,,,,,,
2024-09-09 02:22:07,,39.189586056644885,,,,,,,
2024-09-09 02:23:09,,39.162207697893976,,,,,,,
2024-09-09 02:24:10,39.72994840041281,39.15673202614379,,,,38.07254901960785,,,
2024-09-09 02:25:11,39.72839215686275,39.14578068264343,,,,,,,
2024-09-09 02:26:13,,39.1496918767507,,,,,,,
2024-09-09 02:27:14,39.71360784313727,39.17609243697479,,,,,,,
2024-09-09 02:28:15,39.721000000000004,39.22889355742297,38.51607843137255,,,,39.41450980392157,,
2024-09-09 02:29:16,,39.22470588235294,,,,,39.43481792717086,,
2024-09-09 02:30:18,,39.260222222222225,,,,39.25529411764706,39.54112418300653,,
2024-09-09 02:31:19,39.75056862745098,39.3045751633987,,,,,39.59040522875817,,
2024-09-09 02:32:20,39.73578431372549,39.339071895424844,,,,,,,
2024-09-09 02:33:21,39.721,39.32156862745098,,,,,,,
2024-09-09 02:34:23,39.719943977591036,39.32666666666667,,,,,,,
2024-09-09 02:35:24,,39.32666666666667,,,,,,,
2024-09-09 02:36:25,39.72698412698413,39.34705882352941,,,,,,,
2024-09-09 02:37:27,39.73402427637722,39.37254901960785,,,,,,,
2024-09-09 02:38:28,39.75930481283422,,,,,,39.71438596491228,,
2024-09-09 02:39:29,39.84666666666667,39.39766158315179,,,,,40.00929411764706,,
2024-09-09 02:40:30,39.85952259164535,39.40882352941177,,,,,39.91706816059758,,
2024-09-09 02:41:31,,39.414964705882355,,,,,39.96762923351159,,
2024-09-09 02:42:32,39.93906862745098,39.403137254901964,,,,,39.981653878942886,,
2024-09-09 02:43:34,39.976029411764706,39.38385336743393,,,,,40.01915032679739,,
2024-09-09 02:44:35,40.02531045751633,39.376256684491985,,,,,40.04379084967321,,
2024-09-09 02:45:36,40.00633725490196,39.33273576097106,,,,,40.03763071895425,,
2024-09-09 02:46:38,40.02294117647058,39.35139215686275,,,,,40.056111111111115,,
2024-09-09 02:47:39,40.079803921568626,39.37201238390093,,,,,40.08691176470588,,
2024-09-09 02:48:40,,,,,,38.22039215686274,40.216274509803924,,
2024-09-09 02:49:41,40.06843137254902,39.359653979238765,,,,,40.2488,,
2024-09-09 02:50:42,40.06274509803921,39.35693627450981,,,,,40.25039215686275,,
2024-09-09 02:51:43,,39.35385620915033,,,,38.93848739495798,,,
2024-09-09 02:52:45,,39.33977591036415,,,,,,,
2024-09-09 02:53:46,40.09117647058823,,,,36.741960784313726,,40.34827731092436,,
2024-09-09 02:54:47,,,,,,,,,
2024-09-09 02:55:48,40.113921568627454,,,,,,40.49612044817927,,
2024-09-09 02:56:49,40.09117647058824,,,,,,40.496120448179276,,
2024-09-09 02:57:51,40.03831517792302,,,,,38.91032679738562,40.517240896358544,,
2024-09-09 02:58:52,40.02736383442266,,,,,,40.52017429193899,,
2024-09-09 02:59:53,40.005461147421926,,,,,,40.52333333333334,,
2024-09-09 03:00:55,40.02736383442266,,,,,,40.53857254901961,,
2024-09-09 03:01:56,39.978082788671024,,,,,,40.56124183006536,,
2024-09-09 03:02:57,39.97745098039216,,,,,38.99656862745098,40.579454390451836,,
2024-09-09 03:03:59,40.04,,,,,,40.62445012787724,,
2024-09-09 03:05:00,39.994509803921574,,,,,39.04024955436721,40.632923351158645,,
2024-09-09 03:06:01,40.02188816267248,,,,,39.06713012477719,40.67740429505136,,
2024-09-09 03:07:02,39.97260711692084,,,,,39.06713012477719,40.71154901960785,,
2024-09-09 03:08:03,39.96282913165266,,,,,39.15180392156863,40.726333333333336,,
2024-09-09 03:09:04,39.89254901960785,,,,,,40.71154901960785,,
2024-09-09 03:10:06,39.831372549019605,,39.10745098039216,,,,40.68703818369453,,
2024-09-09 03:11:07,39.71921568627452,,,,,,40.55302832244009,,
2024-09-09 03:12:08,39.68352941176471,,,,,,40.551095732410616,,
2024-09-09 03:13:10,39.63764705882353,,,,,,40.37716262975779,,
2024-09-09 03:14:11,39.566274509803925,,,,,,,,
2024-09-09 03:15:12,39.52039215686275,,,,,39.31073529411765,,,
2024-09-09 03:16:13,39.39294117647059,,,,,39.32921568627451,,,
2024-09-09 03:17:14,39.37764705882354,,,,,,,,
2024-09-09 03:18:16,,,,,,39.27377450980392,,,
2024-09-09 03:20:18,39.326666666666675,,,,,,40.39861437908497,,
2024-09-09 03:21:19,39.28588235294119,,,,,,,,
2024-09-09 03:22:21,39.20941176470589,39.84666666666666,,,,,,,
2024-09-09 03:23:22,39.153333333333336,39.40313725490197,38.22039215686274,,,,,,
2024-09-09 03:24:23,39.04117647058825,39.40313725490197,,,,,,,
2024-09-09 03:25:24,38.96980392156863,,,,,,,,
2024-09-09 03:26:26,38.89333333333333,,,,,,,,
2024-09-09 03:27:27,38.78627450980393,,,,,,,,
2024-09-09 03:28:28,38.776078431372554,,,,,,,,
2024-09-09 03:29:29,38.76078431372549,,,,,,,,
2024-09-09 03:30:31,38.765882352941176,,,,,,,,
2024-09-09 03:31:32,38.740392156862754,,,,,,40.43803921568628,,
2024-09-09 03:32:33,38.82705882352942,,,,,,40.45446623093682,,
2024-09-09 03:33:34,38.7607843137255,,,,,,40.497176470588236,,
2024-09-09 03:34:35,38.765882352941176,,,,,,,,
2024-09-09 03:35:37,38.767411764705884,,,,,,40.47500000000001,,
2024-09-09 03:36:38,38.831477124183,,,,,,,,
2024-09-09 03:37:39,38.83640522875817,,,,,,,,
2024-09-09 03:38:41,38.85118954248365,,,,,,,,
2024-09-09 03:39:42,38.875830065359466,,37.18549019607843,,,,,,
2024-09-09 03:40:43,38.89554248366013,,,,,,,,
2024-09-09 03:41:45,38.91032679738562,,,,,,,,
2024-09-09 03:42:46,38.98424836601308,,,,,,40.446252723311545,,
2024-09-09 03:43:47,38.95467973856209,,,,,,,,
2024-09-09 03:44:48,38.98000000000001,,,,,,40.445431372549024,,
2024-09-09 03:45:49,39.00549019607843,,,,,,,,
2024-09-09 03:46:51,39.06156862745098,,,,,,40.557721755368824,,
2024-09-09 03:47:52,39.08196078431372,,,,,,40.543641456582634,,
2024-09-09 03:48:53,39.1496918767507,,,,,,40.519352941176464,,
2024-09-09 03:49:54,39.13482933914307,,,,,,40.51585139318885,,
2024-09-09 03:50:56,39.113137254901964,,,,,,40.52363261093912,,
2024-09-09 03:51:57,39.06014117647059,,,,,,40.49553376906319,,
2024-09-09 03:52:58,39.0889705882353,,,,37.77686274509804,,40.50374727668845,,
2024-09-09 03:53:59,39.17521241830066,,,,37.333333333333336,,40.479106753812644,,
2024-09-09 03:55:01,39.24243819266838,,,,37.333333333333336,,40.479106753812644,,
2024-09-09 03:57:03,39.32921568627451,,,,,,,,
2024-09-09 03:58:05,39.47033868092692,,,,,,,,
2024-09-09 03:59:06,39.53690009337069,,,,,,40.40691434468524,,
2024-09-09 04:00:07,39.63968627450981,,,,,,40.38875816993464,,
2024-09-09 04:01:08,,,,,,,40.39697167755992,,
2024-09-09 04:02:10,39.65775599128541,,,,,,40.368465974625146,,
2024-09-09 04:03:11,39.64664359861592,,,,,,40.38585928489042,,
2024-09-09 04:04:12,39.65262254901961,,,,,,40.24671280276817,,
2024-09-09 04:06:14,,39.26515032679739,,,,,,,
2024-09-09 04:07:16,,39.31073529411765,,,,,,,
2024-09-09 04:08:17,,39.377047289504034,,,,,,,
2024-09-09 04:09:18,,39.377047289504034,,,,,,,
2024-09-09 04:10:19,,39.37028322440088,39.25529411764706,,,,,,
2024-09-09 04:11:21,39.880784313725485,39.44204334365325,,,,,,,
2024-09-09 04:12:22,,39.4400980392157,,,,,,,
2024-09-09 04:13:23,,39.4400980392157,,,,,,,
2024-09-09 04:14:24,39.94522875816994,39.410177404295055,,,,,,,
2024-09-09 04:15:25,,39.45689839572193,39.10745098039216,,,39.772745098039216,39.4837789661319,,
2024-09-09 04:16:27,,39.45456095481671,,,,,,,
2024-09-09 04:17:28,,39.4524183006536,,,,,,,
2024-09-09 04:18:29,,39.462274509803926,,,,,,,
2024-09-09 04:19:30,,39.43725490196078,,,,,,,
2024-09-09 04:20:32,,39.430515613652865,39.6396862745098,,,39.58794117647059,38.89624649859944,,
2024-09-09 04:21:33,40.14235294117647,39.43481792717087,39.624901960784314,,,39.61668845315904,38.688562091503265,,
2024-09-09 04:22:34,,39.45593837535015,,,,,,,
2024-09-09 04:24:36,,,,,,39.74317647058823,38.78712418300653,,
2024-09-09 04:25:38,,,,,,39.671942959001775,,,
2024-09-09 04:26:39,40.19163398692811,39.561540616246496,,,,,,,
2024-09-09 04:27:40,,,,,,39.7556862745098,38.72728291316526,,
2024-09-09 04:28:41,,39.60215686274509,,,,,38.97808823529412,,
2024-09-09 04:32:46,40.197794117647064,,,,,,,,
2024-09-09 04:34:49,40.17931372549019,39.63722222222222,,,,,,,
2024-09-09 04:35:50,40.18459383753502,39.64338235294118,,,,,,,
2024-09-09 04:36:52,40.22683473389356,39.64338235294118,,,,,,,
2024-09-09 04:37:53,40.22683473389356,39.63722222222222,,,,,,,
2024-09-09 04:38:54,,39.61258169934641,,,,,,,
2024-09-09 04:39:55,,39.649542483660134,39.69882352941176,,,39.817098039215686,39.041742919389975,,
2024-09-09 04:40:57,,39.63722222222223,39.69882352941176,,,39.76781699346405,,,
2024-09-09 04:41:58,,39.61874183006536,39.58054901960785,,,39.7093837535014,,,
2024-09-09 04:42:59,,39.61874183006536,,,,,,,
2024-09-09 04:44:00,,39.587941176470586,,,,39.641960784313724,,,
2024-09-09 04:45:01,,39.54482026143791,,,,39.649542483660134,,,
2024-09-09 04:46:03,,39.53915294117647,,,,39.59130124777184,,,
2024-09-09 04:47:04,,,39.403137254901964,,,39.56442067736185,39.38201680672269,,
2024-09-09 04:48:05,,,,,,39.59533333333333,39.31865546218488,,
2024-09-09 04:49:06,,,,,,39.7481045751634,39.47705882352941,,
2024-09-09 04:50:07,,,39.29225490196079,,,39.7481045751634,39.45241830065359,,
2024-09-09 04:51:09,,39.39722352941177,,,,,,,
2024-09-09 04:52:10,,39.45044705882353,,,,,,,
2024-09-09 04:53:11,,39.45044705882353,,,,,,,
2024-09-09 04:54:12,,39.46818823529412,,,,,,,
2024-09-09 04:55:14,,39.391309803921565,,,,,,,
2024-09-09 04:56:15,,39.39722352941177,,,,,,,
2024-09-09 04:57:16,,39.379482352941174,,,,,,,
2024-09-09 04:58:17,,39.403137254901964,,,,,,,
2024-09-09 04:59:18,,39.426792156862746,39.15180392156863,,,,,,
2024-09-09 05:00:20,,39.438619607843144,,,,,,,
2024-09-09 05:01:21,,39.45636078431373,,,,,,,
2024-09-09 05:02:22,,,39.27007843137255,,,,39.624901960784314,,
2024-09-09 05:04:25,,,,,,,,,
2024-09-09 05:05:26,,39.47705882352941,39.329215686274516,,,,,,
2024-09-09 05:06:27,,39.45636078431373,39.25529411764707,,,,,,
2024-09-09 05:07:29,,39.4543137254902,39.23886710239652,,,,,,
2024-09-09 05:08:30,,39.499803921568635,39.28814814814815,,,,,,
2024-09-09 05:09:31,,39.53323921568628,39.27172113289761,,,,,,
2024-09-09 05:10:32,,39.550980392156866,39.23886710239652,,,,,,
2024-09-09 05:11:34,39.4524183006536,39.62168797953965,39.33742919389979,,,,,,
2024-09-09 05:12:35,,39.54455242966752,,,,,,,
2024-09-09 05:13:36,,39.550980392156866,,,,,,,
2024-09-09 05:14:37,,39.522819794584514,,,,,,,
2024-09-09 05:15:38,,39.487619047619056,,,,,,,
2024-09-09 05:16:39,,39.42425770308124,,,,,,,
2024-09-09 05:17:41,,39.38201680672269,,,,,,,
2024-09-09 05:19:43,,,,,,,39.69882352941177,,
2024-09-09 05:21:45,,,39.27641456582633,,,39.52141176470589,,,
2024-09-09 05:22:47,39.55098039215687,,,,,,,,
2024-09-09 05:24:49,,39.46063180827887,,,,39.87623529411765,,,
2024-09-09 05:25:50,,39.464013840830454,,,,39.87623529411765,,,
2024-09-09 05:26:52,39.6692549019608,,,,,39.13701960784314,,,
2024-09-09 05:27:53,39.717303921568636,,,,,,,,
2024-09-09 05:28:54,39.7249134948097,,,,,,,,
2024-09-09 05:29:56,39.73167755991287,,,,,,,,
2024-09-09 05:39:07,,39.27377450980393,,,,39.43270588235295,,,
2024-09-09 05:41:09,,,,,,39.31443137254902,,,
2024-09-09 05:43:12,39.70621568627452,,,,,,,,
2024-09-09 05:44:13,39.66362278244631,39.22757352941177,,,,,,,
2024-09-09 05:45:14,39.69882352941176,39.199852941176474,,,,,,,
2024-09-09 05:46:15,39.69882352941177,39.135171568627456,,,,,,,
2024-09-09 05:47:17,39.686503267973855,,,,,,,,
2024-09-09 05:48:18,,,,,37.74729411764706,,,,
2024-09-09 05:57:30,39.704509803921574,,,,,,,,
2024-09-09 05:58:31,39.67607843137255,,,,,,,,
2024-09-09 05:59:32,,,,,,,,,
2024-09-09 06:00:34,,,,,,,,,
2024-09-09 06:01:35,39.660493827160494,38.96738906088752,,,37.629019607843134,,,,
2024-09-09 06:02:36,39.66596949891068,,,,37.776862745098036,,,,
2024-09-09 06:03:38,39.66596949891068,39.00184873949579,,,,,,,
2024-09-09 06:04:39,39.693347857661585,39.0402495543672,,,37.688156862745096,,,,
2024-09-09 06:05:40,39.69882352941176,39.02008912655972,,,,,,,
2024-09-09 06:06:41,39.69882352941176,39.04317135549872,,,37.688156862745096,,,,
2024-09-09 06:07:42,39.71019607843137,39.082810457516345,,,,,,,
2024-09-09 06:08:44,39.66470588235295,39.11361111111112,,,,,,,
2024-09-09 06:09:45,39.67516862745099,39.17521241830065,,,,,,,
2024-09-09 06:10:46,39.616031372549024,39.165302642796256,,,,,,,
2024-09-09 06:11:47,39.61258169934641,39.206013071895434,,,,38.07254901960785,,,
2024-09-09 06:12:48,39.61258169934641,39.19985294117648,,,,38.07254901960785,,,
2024-09-09 06:13:49,39.63722222222223,39.206013071895434,,,,38.07254901960785,,,
2024-09-09 06:14:50,39.621687979539644,39.24346666666667,,,,,,,
2024-09-09 06:15:52,39.58458110516934,39.22117647058824,,,,,,,
2024-09-09 06:16:53,39.55802054154996,39.2443427741467,,,,,,,
2024-09-09 06:17:54,39.52880392156864,39.16768336964415,,,,,,,
2024-09-09 06:18:55,39.33660784313726,39.20980392156863,,,,,,,
2024-09-09 06:19:56,39.34400000000001,39.21981176470588,,,,,,,
2024-09-09 06:20:58,,39.249380392156866,,38.51607843137255,,,,,
2024-09-09 06:21:59,,39.284862745098046,,,,,,,
2024-09-09 06:29:07,,39.27377450980392,,,,,,,
2024-09-09 06:30:09,39.394440599769325,39.304575163398695,,,,,,,
2024-09-09 06:31:10,,39.286094771241835,,,,,,,
2024-09-09 06:32:11,39.45857843137255,,,,,,,,
2024-09-09 06:34:13,,39.27377450980393,,,,,,,
2024-09-09 06:42:23,,,,,,,,39.84666666666666,
2024-09-09 06:56:40,39.170812324929976,,,,,,,,
2024-09-09 07:16:04,,39.218333333333334,,,,,,,
2024-09-09 07:20:08,,39.33537581699347,38.66392156862745,,,,,,
2024-09-09 07:24:14,,39.347696078431376,,,,,,,
2024-09-09 07:34:27,,,,,,37.18549019607843,,,
2024-09-09 07:35:28,,,,,,37.30869281045752,41.17725490196079,,
2024-09-09 07:36:29,38.90416666666666,,,,,,,,
2024-09-09 07:37:30,,39.53866013071896,,,,,,,
2024-09-09 07:38:32,38.76952380952382,39.42777777777778,,,,,,,
2024-09-09 07:42:37,,,39.4524183006536,,,,,,
2024-09-09 07:43:38,,39.48937908496732,39.50169934640523,,,,,,
2024-09-09 07:44:39,,39.50169934640523,,,,37.95755991285404,,,
2024-09-09 07:45:40,39.236813725490194,39.532500000000006,,,,,,,
2024-09-09 07:48:44,,39.574635294117655,,,,,,,
2024-09-09 07:49:45,,39.62194509803922,,,,37.89513725490197,,,
2024-09-09 07:53:50,39.879520697167756,39.687450980392164,,,,,,,
2024-09-09 07:54:52,,39.68239651416122,39.69882352941177,,,,,,
2024-09-09 07:55:53,,39.68239651416123,,,,38.37960784313726,,,
2024-09-09 07:56:54,,39.77548293391431,,,,,,,
2024-09-09 07:57:56,,39.808336964415396,,,,,,,
2024-09-09 07:58:57,,39.90921568627451,39.719943977591036,,,,,,
2024-09-09 08:00:59,,39.93196078431372,39.80442577030812,,,38.18007130124777,39.40313725490197,,
2024-09-09 08:02:01,,39.939753086419756,,,,,,,
2024-09-09 08:03:02,,,,,,,,,
2024-09-09 08:04:03,,39.96607843137255,,,,38.436470588235295,,,
2024-09-09 08:05:04,40.160833333333336,39.967131445170665,,,,38.653361344537814,,,
2024-09-09 08:06:06,,39.99450980392157,,,,,,,
2024-09-09 08:07:07,40.18670588235294,39.9835584604212,,,,38.85118954248366,,,
2024-09-09 08:08:08,40.18670588235294,40.00546114742193,,,,,,,
2024-09-09 08:09:09,40.06171122994652,40.01093681917212,,,,,,,
2024-09-09 08:10:11,,39.9890341321714,39.6396862745098,,,38.85524798154557,,,
2024-09-09 08:11:12,40.330516934046344,40.051372549019604,,,,39.09821078431373,,,
2024-09-09 08:12:13,40.1916339869281,40.00588235294118,,,,39.43270588235295,,,
2024-09-09 08:14:15,,39.982682352941175,,,,,,,
2024-09-09 08:15:17,,39.98834967320261,,,,,,,
2024-09-09 08:18:21,,,39.69882352941177,,,,37.03764705882353,,
2024-09-09 08:20:23,,,,,,,37.92470588235294,,
2024-09-09 08:22:26,,39.92058823529412,,,,,,,
2024-09-09 08:23:27,,,,,,39.48274509803922,,,
2024-09-09 08:24:28,,39.94522875816993,,,,39.471372549019605,,,
2024-09-09 08:25:29,40.22859477124184,39.93537254901961,,,,39.42777777777778,,,
2024-09-09 08:26:30,40.209554367201434,39.94782249742003,,,,39.59130124777183,,,
2024-09-09 08:27:32,40.18267379679145,39.961655773420475,,,,39.57786096256684,,,
2024-09-09 08:28:33,40.20149019607844,39.764531590413945,,,,39.772745098039216,,,
2024-09-09 08:29:34,40.224488017429195,39.75100346020762,,,,39.78752941176471,,,
2024-09-09 08:31:37,,39.763504901960786,,,,39.75796078431373,,,
2024-09-09 08:32:38,39.945228758169925,,,,,,,,
2024-09-09 08:38:45,,39.59322128851541,,,,,,,
2024-09-09 08:39:46,,,39.213053221288526,,,,,,
2024-09-09 08:43:51,,,,,36.59411764705882,,37.16084967320262,,
2024-09-09 08:47:56,,,,,37.18549019607843,,,,
2024-09-09 08:48:58,,,,,37.18549019607843,,,,
2024-09-09 08:49:59,,39.11730718954248,,,,,,,
2024-09-09 08:54:04,,39.0877385620915,,,,,,,
2024-09-09 08:55:06,,,,,,,38.959607843137256,,
2024-09-09 08:56:07,,,,,,,37.24462745098039,,
2024-09-09 08:57:08,,,,,,,37.08692810457517,,
2024-09-09 08:58:09,,,39.196156862745106,,,,37.08692810457517,,
2024-09-09 08:59:10,,,,38.22039215686274,,,,,
2024-09-09 09:00:12,,,39.095130718954245,,,,,,
2024-09-09 09:02:15,,,39.1643137254902,,,,,,
2024-09-09 09:04:17,39.748104575163396,,39.11882352941176,,,,,,
2024-09-09 09:05:19,,,39.10745098039216,,,,,,
2024-09-09 09:06:20,,,,,,,,,
2024-09-09 09:08:23,39.75796078431372,38.642801120448176,,,,,,,
2024-09-09 09:10:25,39.74317647058823,38.62168067226891,,,,,,,
2024-09-09 09:11:26,39.76602495543671,38.60056022408964,,,,,,,
2024-09-09 09:12:27,39.76602495543671,38.642801120448176,38.846551326412914,,,,,,
2024-09-09 09:14:30,39.74810457516339,38.49143790849673,,,,,,,
2024-09-09 09:15:31,39.767058823529396,,38.92070175438598,,,,,37.92470588235294,
2024-09-09 09:16:32,,,38.91525490196079,,,,37.22773109243697,,
2024-09-09 09:17:34,,,,,,,37.555098039215686,,
2024-09-09 09:18:35,,,38.973688141923446,,,,,,
2024-09-09 09:22:40,,,38.9817843137255,,,,,,
2024-09-09 09:23:41,39.72346405228759,,39.030009337068165,,,,,,
2024-09-09 09:24:43,39.675479876160985,,38.96664799253035,,,,,,
2024-09-09 09:25:44,39.65447058823529,,,,,,,,
2024-09-09 09:28:48,,,38.95960784313726,,,,38.07254901960785,,
2024-09-09 09:29:50,,,38.951394335511985,,,,37.18549019607843,,
2024-09-09 09:30:51,,,,,,,40.14235294117647,,
2024-09-09 09:32:53,,,38.89389978213508,,,,,,
2024-09-09 09:34:56,39.665969498910684,,,,,,,,
2024-09-09 09:35:57,,,,,,,,,
2024-09-09 09:36:58,39.6640369088812,,38.8973581011352,,,,,,
2024-09-09 09:38:00,39.63794694348327,,38.90513931888545,,,,,,
2024-09-09 09:39:01,39.65534025374856,,38.9185403050109,,,,,,
2024-09-09 09:40:02,39.66596949891068,,38.88133794694349,,,,,,
2024-09-09 09:41:03,39.6365737874097,,38.89003460207613,,,,,,
2024-09-09 09:42:05,39.61011764705883,,,,,,,,
2024-09-09 09:43:06,39.61434173669468,38.66392156862746,38.846551326412914,,,,,,
2024-09-09 09:48:13,,38.782196078431376,38.90742791234141,,,,,,
2024-09-09 09:49:14,39.59322128851541,38.7526274509804,,,,,,,
2024-09-09 09:50:15,,38.66392156862746,,,,38.959607843137256,,,
2024-09-09 09:51:17,,,,,,38.811764705882354,,,
2024-09-09 09:52:18,,38.66392156862746,,,,38.959607843137256,,,
2024-09-09 09:53:19,39.50169934640523,,,,,,,,
2024-09-09 09:56:23,39.53323921568628,,38.87090196078432,,,,,,
2024-09-09 09:57:24,39.50958431372549,,,,,,,,
2024-09-09 09:58:26,,,39.198431372549024,,,,40.88156862745098,,
2024-09-09 09:59:27,39.52254901960784,,,,,,,,
2024-09-09 10:00:29,39.49980392156863,,,,,,,,
2024-09-09 10:04:34,39.49980392156863,,,,,,,,
2024-09-09 10:07:37,39.49980392156863,,,,,,,,
2024-09-09 10:10:41,39.51117647058823,,39.13701960784314,,,,,,
2024-09-09 10:11:42,39.52254901960784,,39.12223529411765,,,,,,
2024-09-09 10:12:43,39.52141176470588,,39.074596949891074,,,,,,
2024-09-09 10:13:45,39.54482026143791,,39.052009803921564,,,,,,
2024-09-09 10:17:49,39.54455242966752,,,,,,,,
2024-09-09 10:19:52,39.563836317135554,,,,,,,,
2024-09-09 10:20:53,,,,,,,,,
2024-09-09 10:23:57,39.446258169934644,,,,,,,,
2024-09-09 10:24:59,39.40956521739131,,39.07049019607844,,,,,,
2024-09-09 10:39:17,39.436737967914446,,,,,,,,
2024-09-09 10:40:18,39.443458110516936,,,,,,,,
2024-09-09 10:41:20,39.423297682709446,,,,,,,,
2024-09-09 10:42:21,39.4524183006536,,,,,,,,
2024-09-09 10:43:22,39.4253137254902,,,,,,,,
2024-09-09 10:46:26,39.44204334365325,,39.35385620915033,,,,,,
2024-09-09 10:47:27,39.37849673202614,,39.417921568627456,,,,,,
2024-09-09 10:48:29,39.35965397923876,,,,,,,,
2024-09-09 10:50:31,,38.99992869875223,,,,,,,
2024-09-09 10:51:32,,38.98424836601308,,,,,,,
2024-09-09 10:52:34,,39.0164705882353,,,,38.473837535014006,,,
2024-09-09 10:54:36,,,,,,38.47911764705883,,,
2024-09-09 10:55:37,,,,,,,,,
2024-09-09 10:56:39,,39.10745098039216,,,,38.442156862745094,,,
2024-09-09 10:57:40,,39.13354094579008,,,,38.47911764705883,,,
2024-09-09 10:58:41,,39.173159041394335,,,,38.47911764705883,,,
2024-09-09 10:59:42,38.76627450980392,39.18526315789474,39.347696078431376,,,,,,
2024-09-09 11:00:44,,39.16658823529412,39.22244008714597,,,,,,
2024-09-09 11:01:45,,39.20354901960785,39.28486274509804,,,,,,
2024-09-09 11:02:46,,39.18137254901961,,,,,37.77686274509804,,
2024-09-09 11:03:48,,,,,,,,,
2024-09-09 11:04:49,,,39.329215686274516,,,,,,
2024-09-09 11:09:56,,,39.366176470588236,,,,,,
2024-09-09 11:10:57,,,39.366176470588236,,,,,,
2024-09-09 11:11:58,,39.18458653026428,,,,38.49759803921569,,,
2024-09-09 11:12:59,,39.184586530264276,,,,38.46063725490196,,,
2024-09-09 11:14:01,38.2875935828877,39.15449197860963,,,,38.473837535014006,,,
2024-09-09 11:15:02,,39.21305322128852,,,,,,,
2024-09-09 11:17:05,38.45447712418301,39.22009337068161,,,,,,,
2024-09-09 11:18:06,38.607058823529414,39.20354901960785,,,,,,,
2024-09-09 11:19:07,38.72728291316527,39.208606811145515,,,,,,,
2024-09-09 11:20:09,38.58507189542483,39.23065359477125,,,,,,,
2024-09-09 11:21:10,,39.24659746251442,39.491843137254904,,,,,,
2024-09-09 11:22:11,38.348522875817,,39.413697478991594,,,,34.82,,
2024-09-09 11:23:12,38.41751633986928,,39.46,,,,36.15058823529412,,
2024-09-09 11:24:14,,,39.46,,,,37.18549019607843,,
2024-09-09 11:25:15,38.220392156862744,,,,,,,,
2024-09-09 11:28:18,,39.40313725490197,39.40313725490196,,,,,,
2024-09-09 11:29:20,,39.304575163398695,,,,,,,
2024-09-09 11:33:25,,39.284862745098046,,,,,,,
2024-09-09 11:34:26,,,,,,,,,
2024-09-09 11:35:27,38.38671568627451,,39.300784313725494,,,,,,
2024-09-09 11:36:28,38.25981699346405,,39.312156862745105,,,,,,
2024-09-09 11:37:30,38.397803921568624,,39.28941176470589,,,,,,
2024-09-09 11:39:32,38.25207282913165,,,,,,,,
2024-09-09 11:40:34,38.265882352941176,,,,,,,,
2024-09-09 11:41:35,38.63928104575164,,39.550980392156866,,,,,,
2024-09-09 11:42:36,38.71768270944742,,,,,,,,
2024-09-09 11:45:40,,38.642801120448176,,,,,,,
2024-09-09 11:46:41,,,,,,39.40313725490197,,,
2024-09-09 11:48:43,,,,,,39.25529411764706,,,
2024-09-09 12:07:06,,,39.939068627450986,,,,,,
2024-09-09 12:08:07,,,,,,,,,
2024-09-09 12:13:13,,38.59434832756632,,,,36.00274509803921,,,
2024-09-09 12:22:25,,,39.72346405228759,,,,,,
2024-09-09 12:23:26,38.32599439775911,,,,,,,,
2024-09-09 12:25:28,,38.35837908496732,,,,,,,
2024-09-09 12:26:30,,38.368235294117646,,,,,,,
2024-09-09 12:30:35,,38.31895424836601,,,,,,,
2024-09-09 12:31:36,,38.32881045751633,,,,,,,
2024-09-09 12:32:37,,38.34852287581699,,,,,,,
2024-09-09 12:33:39,,38.34852287581699,,,,,,,
2024-09-09 12:34:40,,38.32881045751633,,,,,,,
2024-09-09 12:35:41,,38.32881045751633,,,,,,,
2024-09-09 12:36:42,,38.27319327731092,,,,,,,
2024-09-09 12:37:44,,38.2795294117647,,,,,,,
2024-09-09 12:40:48,,38.299241830065355,,,,,,,
2024-09-09 12:41:49,,38.32203431372549,,,,,,,
2024-09-09 12:42:50,,38.376931949250285,,,,,36.71732026143791,,
2024-09-09 12:43:52,,38.377475490196076,,,,,36.71732026143791,,
2024-09-09 12:44:53,,,,,,,36.65571895424837,,
2024-09-09 12:45:54,,,,,,,36.618758169934644,,
2024-09-09 12:46:55,,,,,,,36.643398692810464,,
2024-09-09 12:47:57,,,,,,,36.58179738562092,,
2024-09-09 12:53:03,,,,,,,36.6964705882353,,
2024-09-09 12:54:04,,,,,,,36.752521008403356,,
2024-09-09 12:55:06,,,,,,,36.74196078431373,,
2024-09-09 12:58:09,,,,,,,36.805322128851536,,
2024-09-09 12:59:10,,,,,,,36.79476190476191,,
2024-09-09 13:01:13,,,,,,,36.77364145658264,,
2024-09-09 13:07:21,,38.368235294117646,,,,,,,
2024-09-09 13:34:55,,,,,,,,,
2024-09-09 13:46:08,,38.30909803921569,,,,,,,
2024-09-09 13:49:12,,38.26967320261438,,,,,,,
2024-09-09 13:52:16,39.40313725490197,,,,,,,,
2024-09-09 13:55:20,,,39.550980392156866,,,,,,
2024-09-09 13:57:23,,,39.61011764705883,,,,,,
2024-09-09 13:58:24,,,39.52141176470589,,,,,,
2024-09-09 14:01:28,,38.1781512605042,,,,,,,
2024-09-09 14:03:30,,,39.46227450980392,,,,36.72717647058824,,
2024-09-09 14:04:31,,,39.37849673202614,,,,36.71239215686275,,
2024-09-09 14:05:33,,,,,,37.18549019607843,,,
2024-09-09 14:07:35,,,,,,37.20883384932921,,,
2024-09-09 14:08:36,,38.45271708683474,,,,37.29442724458205,,,
2024-09-09 14:09:38,,,,,,37.3259411764706,,,
2024-09-09 14:10:39,,38.46063725490197,,,,37.36290196078433,,,
2024-09-09 14:11:40,,38.41047619047619,,,,37.34811764705883,,,
2024-09-09 14:12:42,,,,,,37.30376470588236,,,
2024-09-09 14:13:43,,,,,,37.28898039215687,,,
2024-09-09 14:14:44,,,,,,37.28158823529412,,,
2024-09-09 14:15:45,,,,,,37.28898039215687,,,
2024-09-09 14:16:46,,,,,,37.29637254901961,,,
2024-09-09 14:17:48,,,,,,37.29637254901961,,,
2024-09-09 14:18:49,,,,,,37.26680392156864,37.229843137254896,,
2024-09-09 14:19:50,,,,,,37.16992776057791,37.27419607843137,,
2024-09-09 14:20:51,,,38.830245098039214,,,37.06228758169935,37.30047930283225,,
2024-09-09 14:21:53,,,38.68504201680672,,,36.91589388696656,37.29637254901961,,
2024-09-09 14:22:54,,,38.66392156862745,,,,37.03764705882354,,
2024-09-09 14:23:55,,,38.46063725490197,,,,36.840522875817,,
2024-09-09 14:24:57,,,,,,36.858123249299716,,,
2024-09-09 14:25:58,,38.811764705882354,,,,,,,
2024-09-09 14:26:59,,,38.69677559912854,,,,37.8507843137255,,
2024-09-09 14:28:01,,38.07254901960785,,,37.536617647058826,,,,
2024-09-09 14:29:02,,,38.569839572192514,,37.64750000000001,,,,
2024-09-09 14:30:03,,,38.49143790849673,,37.61053921568628,,,,
2024-09-09 14:31:04,,,,,,,38.02326797385622,,
2024-09-09 14:32:06,,,,,,,38.035588235294114,,
2024-09-09 14:33:07,,37.18549019607843,,,37.62901960784314,,,,
2024-09-09 14:34:08,,,38.68504201680672,,37.6475,,,,
2024-09-09 14:35:09,,,,,37.6475,,,,
2024-09-09 14:36:10,,,,,37.629019607843134,,,,
2024-09-09 14:37:12,,,,,,,,,
2024-09-09 14:38:13,,,,,37.555098039215686,,,,
2024-09-09 14:41:17,,,,,,,,,
2024-09-09 14:42:18,,,,,,,38.74277124183007,,
2024-09-09 14:43:19,,,,,,37.48117647058824,38.76248366013072,,
2024-09-09 14:49:27,38.910326797385615,,38.89492647058823,,,,38.703346405228764,,
2024-09-09 14:50:28,38.910326797385615,,39.0889705882353,,,,39.012408963585436,,
2024-09-09 14:51:29,38.959607843137256,,39.150934256055365,,,,38.98072829131653,,
2024-09-09 14:52:31,38.93496732026144,,39.22050749711649,,,,39.03352941176471,,
2024-09-09 14:53:32,,38.83640522875817,,,,,,,
2024-09-09 14:59:40,,39.058169934640524,,,,,39.13913165266107,,
2024-09-09 15:11:55,,,39.197799564270156,,,,39.232549019607845,,
2024-09-09 15:12:56,39.360896358543414,,39.22416924664603,,,,,,
2024-09-09 15:13:57,,39.00888888888889,,,,,,,
2024-09-09 15:14:59,,,,,,39.55098039215687,,,
2024-09-09 15:16:00,,,39.23886710239651,,,,38.99903267973856,,
2024-09-09 15:21:06,,,39.309762641898864,,,,39.06125,,
2024-09-09 15:22:08,39.6396862745098,,39.31443137254902,,,,39.09875432525952,,
2024-09-09 15:23:09,39.65850267379679,,39.46227450980393,,,,39.35095732410611,,
2024-09-09 15:24:10,,38.22039215686275,39.45241830065361,,,,,,
2024-09-09 15:25:11,,38.28375350140056,39.49721925133691,,,,,,
2024-09-09 15:26:12,,38.24151260504202,39.52409982174689,,,,,,
2024-09-09 15:27:14,,,39.598021390374335,,,,,,
2024-09-09 15:28:15,,,39.69882352941176,,,,,,
2024-09-09 15:29:17,,,,,,,39.46401384083045,,
2024-09-09 15:30:18,,,39.74381926683718,,,,,,
2024-09-09 15:31:19,39.77843137254902,,39.75667519181586,,,,,,
2024-09-09 15:32:21,,,39.71167945439045,,,,,,
2024-09-09 15:33:22,,38.693490196078436,,,,36.00274509803921,,,
2024-09-09 15:34:23,,35.85490196078432,,,,35.70705882352941,,,
2024-09-09 15:35:24,39.920588235294126,,,,,,39.350957324106105,,
2024-09-09 15:36:26,39.895947712418305,,39.69290980392157,,,,39.24605392156863,,
2024-09-09 15:37:27,39.90826797385621,,39.71065098039216,,,,39.20601307189543,,
2024-09-09 15:38:28,40.11547237076649,,39.716564705882355,,,,38.98917647058824,,
2024-09-09 15:39:29,40.29019607843138,,39.71065098039216,,,,38.906806722689076,,
2024-09-09 15:40:31,40.260627450980394,,39.69290980392157,,,,38.896246498599446,,
2024-09-09 15:41:32,40.18267379679145,,39.692663398692815,,,,38.896246498599446,,
2024-09-09 15:42:34,40.196114081996434,,39.6803431372549,,,,38.96946405228758,,
2024-09-09 15:43:35,40.196114081996434,,39.64338235294118,,,,38.92018300653594,,
2024-09-09 15:44:36,39.96986928104575,,39.66025575447571,,,,38.939895424836614,,
2024-09-09 15:47:40,,,39.66025575447571,,,,,,
2024-09-09 15:48:42,,,,,,,38.99128851540616,,
2024-09-09 15:49:43,,,,,,,39.05464985994398,,
2024-09-09 15:51:45,,,39.718107416879796,,,,,,
2024-09-09 15:53:48,,,39.74194444444444,,,,,,
2024-09-09 15:54:49,,,39.73430588235295,,,,,,
2024-09-09 15:55:51,,,,,,,,,
2024-09-09 15:56:52,,,39.71019607843137,,,,,,
2024-09-09 15:57:53,,,39.68176470588235,,,,,,
2024-09-09 15:58:55,,,39.69290980392157,,,,,,
2024-09-09 15:59:56,,39.5325,39.67418300653595,,,,,,
2024-09-09 16:00:57,39.836106442577034,,,,,,,,
2024-09-09 16:01:58,,39.47705882352942,39.64739982949702,,,,38.579439775910366,,
2024-09-09 16:04:01,,,39.6517825311943,,,,,,
2024-09-09 17:03:16,,,,,,,,,
2024-09-09 17:06:20,39.41657754010695,,,,,,,,
2024-09-09 17:07:21,39.44009803921569,,39.593221288515394,,,,,,
2024-09-09 17:08:22,39.49411764705882,,39.58618113912231,,,,,,
2024-09-09 17:09:23,39.505490196078426,,39.642502334267036,,,,,,
2024-09-09 17:10:25,39.48274509803922,39.39176470588235,39.64707843137255,,35.115686274509805,,,,
2024-09-09 17:11:26,39.51686274509804,39.43481792717087,39.69882352941176,,,,38.959607843137256,,
2024-09-09 17:12:27,39.49411764705882,39.4136974789916,39.69104231166151,,,,,,
2024-09-09 17:13:28,39.51686274509804,39.42425770308124,39.628792569659446,,,,,,
2024-09-09 17:14:30,,,39.60544891640867,,,,,,
2024-09-09 17:15:31,,39.35385620915033,,,,,,,
2024-09-09 17:16:32,,39.38342483660131,,,,,,,
2024-09-09 17:17:33,,39.35033613445379,39.54276688453158,,,,,,
2024-09-09 17:18:34,,39.339775910364146,,,,35.85490196078432,,,
2024-09-09 17:19:36,,39.32352941176472,,,,,,,
2024-09-09 17:20:37,39.73050420168067,39.312156862745105,39.558761609907116,,,,,,
2024-09-09 17:21:38,,39.33490196078432,,,,,,,
2024-09-09 17:23:41,39.78980392156863,,39.52281979458449,,,,,,
2024-09-09 17:24:42,39.69882352941177,,,,,39.55098039215687,,,
2024-09-09 17:31:51,,,39.4524183006536,,,,,,
2024-09-09 17:32:52,,,,,,35.70705882352941,,,
2024-09-09 17:33:53,,39.16121212121213,,,,41.02941176470589,,,
2024-09-09 17:34:55,,,39.382016806722696,,,,,,
2024-09-09 17:35:56,,,,,,,,,
2024-09-09 17:36:57,,,39.32569561157796,,,,,,
2024-09-09 17:37:58,,,,,,,,,
2024-09-09 17:40:01,,,39.36953654188948,,,,38.18343137254902,,
2024-09-09 17:41:02,,,39.376256684491985,,,,,,
2024-09-09 17:42:03,,,39.40985739750445,36.741960784313726,,,37.92470588235294,,
2024-09-09 17:43:05,39.649542483660134,,39.33242966751918,,,,,,
2024-09-09 17:44:06,39.74317647058824,,39.25529411764706,,,,,,
2024-09-09 17:45:07,39.92058823529412,,39.20601307189543,,,,,,
2024-09-09 17:46:08,,,39.19985294117648,,,,37.97398692810458,,
2024-09-09 17:47:09,,,39.21217320261439,,,,38.02326797385621,,
2024-09-09 17:48:11,,,39.22572549019608,,,,37.99041394335512,,
2024-09-09 17:49:12,,,39.23163921568627,,,,38.02326797385621,,
2024-09-09 17:50:13,39.86309368191721,,39.232549019607845,,,,,,
2024-09-09 17:51:15,,39.569460784313726,39.17315904139433,,,,,,
2024-09-09 17:52:16,,39.569460784313726,39.17,,,,,,
2024-09-09 17:53:17,,,39.19843137254902,,,,38.09942959001782,,
2024-09-09 17:55:20,,,,,,,,,
2024-09-09 17:56:21,,39.73578431372549,39.22117647058824,,,,,,
2024-09-09 17:57:22,,39.772745098039216,,,,,,,
2024-09-09 17:58:24,39.489379084967325,,39.071968627450985,,39.10745098039216,,,,38.07254901960785
2024-09-09 17:59:25,39.53866013071896,,39.17841568627452,,,,,,
2024-09-09 18:00:26,39.470338680926915,,39.09562352941177,,,,,,
2024-09-09 18:01:28,39.43270588235295,39.69882352941177,39.07788235294118,,,,,,
2024-09-09 18:03:30,,39.71730392156863,,,,,37.79960784313726,,
2024-09-09 18:07:35,,,38.94778039215687,,,,,,
2024-09-09 18:08:37,,,38.95369411764707,,,,,,
2024-09-09 18:09:38,39.417921568627456,,38.93496732026144,,,,,,
2024-09-09 18:10:39,,,38.93389599317988,,,,,,
2024-09-09 18:11:40,39.417921568627456,39.35878431372549,38.99992869875223,,,,38.36823529411764,,
2024-09-09 18:12:42,39.18137254901961,,,,,,,,
2024-09-09 18:14:44,,,38.88216619981327,,,39.25529411764706,38.61016042780748,,
2024-09-09 18:15:46,,,38.900470588235294,,,,,,
2024-09-09 18:16:47,,39.30457516339869,,,,,,,
2024-09-09 18:17:48,,,,,,,38.2039651416122,,
2024-09-09 18:21:53,,,38.88568627450981,,,,,,
2024-09-09 18:22:55,,,38.69870818915802,,,,38.856117647058824,,
2024-09-09 18:25:58,,,38.904166666666676,,,,38.64913725490196,,
2024-09-09 18:27:00,,,39.015049019607844,,,,38.61956862745099,,
2024-09-09 18:28:01,,,39.07788235294118,,,,,,
2024-09-09 18:29:02,,,39.21586928104576,,,,38.3518082788671,,
2024-09-09 18:31:05,,,39.07788235294118,,,,,,
2024-09-09 18:32:06,39.45241830065359,38.51607843137255,,38.22039215686274,,37.36290196078431,,,
2024-09-09 18:33:07,39.491843137254904,38.46063725490196,,,,,,,
2024-09-09 18:34:08,,,,37.03764705882353,,37.244627450980396,,,
2024-09-09 18:35:10,,,,37.18549019607843,,37.210130718954254,,,
2024-09-09 18:36:11,39.314431372549016,,39.30149509803922,,,,38.38055555555556,,
2024-09-09 18:37:12,,,,,36.741960784313726,36.963725490196076,,,
2024-09-09 18:38:14,39.501699346405225,38.24996078431373,,,,,,,
2024-09-09 18:40:16,39.47705882352941,38.190823529411766,,,,,,,
2024-09-09 18:41:17,39.42053056516724,,,,35.55921568627451,,38.176039215686274,,
2024-09-09 18:42:19,39.3620697167756,,,,,,,,
2024-09-09 18:43:20,39.42648090815274,,,,,,,,
2024-09-09 18:44:21,39.50429308565532,,,,,,,,
2024-09-09 18:45:23,39.403137254901964,,,,,,,,
2024-09-09 18:46:24,39.43426212590299,38.4421568627451,,,,,,,
2024-09-09 18:47:25,39.44204334365325,38.35591503267974,39.83529411764706,,,,38.84133333333333,,
2024-09-09 18:49:28,,38.392875816993474,39.957549019607846,,,37.333333333333336,,,
2024-09-09 18:50:29,39.42777777777778,,39.871307189542485,,,,,,
2024-09-09 18:51:31,,,39.76042483660131,,,,39.10745098039216,,
2024-09-09 18:52:32,,38.41258823529412,39.83529411764707,,,37.599450980392156,,,
2024-09-09 18:53:33,39.43792387543253,,39.783305322128854,,,37.77686274509804,38.959607843137256,,
2024-09-09 18:54:34,,38.3090980392157,39.68826330532213,,,,,,
2024-09-09 18:55:35,39.43085784313726,38.55639928698753,39.7086797385621,,,,,,
2024-09-09 18:56:37,39.45241830065359,38.52951871657754,39.67110294117648,,,,,,
2024-09-09 18:57:38,39.47705882352942,38.51607843137255,,,,,,,
2024-09-09 18:58:39,39.43725490196079,,39.756318082788674,,,,,,
2024-09-09 18:59:41,39.21833333333334,,,,,,,,
2024-09-09 19:01:43,,38.62696078431373,,,,,,,
2024-09-09 19:03:46,,,,,,39.55098039215687,,,
2024-09-09 19:05:48,,,39.55919389978213,,,,,,
2024-09-09 19:07:51,,,,38.22039215686274,,,,37.77686274509804,
2024-09-09 19:13:58,,,,,,,,,36.15058823529412
2024-09-09 19:14:59,,,,,,,,,36.15058823529412
2024-09-09 19:17:02,,,,,,,,,35.85490196078432
2024-09-09 19:19:04,,,39.498179271708686,,,,,,
2024-09-09 19:20:06,,,39.36089635854343,,,,,,
2024-09-09 19:22:08,,,39.339775910364146,,,36.88980392156863,,,
2024-09-09 19:23:09,,39.03921568627452,39.181372549019606,,,,,,
2024-09-09 19:24:11,,39.11882352941177,39.14156862745099,,,,,,35.41137254901961
2024-09-09 19:25:12,,39.25529411764706,38.94728758169935,,,,,,
2024-09-09 19:27:14,,,39.021209150326804,,,,,,
2024-09-09 19:28:16,,,39.107450980392166,37.03764705882353,,,,,
2024-09-09 19:34:23,,39.198431372549024,,,,,,,
2024-09-09 19:35:25,,39.218333333333334,,,,,,,
2024-09-09 19:41:32,39.67418300653595,39.25529411764706,,,,,,,
2024-09-09 19:42:34,39.719943977591036,,,,,,,,
2024-09-09 19:44:36,39.79122549019608,39.20601307189543,,,,,,,
2024-09-09 19:45:37,,,,,,,38.51607843137255,,
2024-09-09 19:46:39,,39.23065359477125,,,,,,,
2024-09-09 19:47:40,,39.20601307189543,,,,,,,
2024-09-09 19:49:42,,,,,,,,,
2024-09-09 19:50:44,,,38.746056644880184,,,,,,
2024-09-09 19:52:46,,,38.75632352941177,,,,,,
2024-09-09 19:53:47,,39.268734402852054,,,,,,,
2024-09-09 19:55:50,39.639686274509806,39.16658823529412,,,,37.92470588235294,,,
2024-09-09 19:56:51,,39.23886710239652,,,,37.03764705882353,,,
2024-09-09 21:04:12,,,,,,,,,38.51607843137255
2024-09-09 21:28:42,39.49411764705882,,,,,,,,
2024-09-09 21:46:04,39.48761904761905,,,,,,,,
2024-09-09 21:53:12,39.56083660130719,,,,,,,,
2024-09-09 21:54:13,39.53126797385621,,,,,,,,
2024-09-09 21:55:15,39.53126797385621,,,,,,,,
2024-09-09 21:57:17,,,37.03764705882353,,,,,,
2024-09-09 22:04:26,,,,,37.48117647058824,,,,
2024-09-09 22:06:28,,,,,39.69882352941177,,,,
2024-09-09 22:12:35,,,,,,39.84666666666666,,,
2024-09-09 22:14:38,,,,,,,,,38.811764705882354
2024-09-09 22:15:39,,,,,,,,,37.629019607843134
2024-09-09 22:19:44,39.647078431372556,,,,,,,,
2024-09-09 22:33:00,39.66186274509805,,,,,,,,
2024-09-09 22:34:01,39.65213622291022,,,,,,,,
2024-09-09 22:35:02,39.65213622291022,,,,,,,,
2024-09-09 22:37:05,39.644355005159966,,,,,,,,
2024-09-09 22:38:06,39.62490196078432,,,,,,,,
2024-09-09 22:39:08,39.56837370242215,,,,,,,,
2024-09-09 22:40:09,39.587941176470586,,,,,,,,
2024-09-09 22:44:14,39.580549019607844,39.334901960784315,,,,,,,
2024-09-09 22:45:15,39.550980392156866,39.339775910364146,,,,,,,
2024-09-09 22:47:18,39.52985994397759,39.324287581699345,,,,,,,
2024-09-09 22:48:19,,39.32921568627451,,,,,,,
2024-09-09 22:49:20,39.561540616246496,39.31617070357555,39.25529411764706,,,,,,
2024-09-09 22:50:21,39.52985994397759,39.31278867102397,39.99450980392157,,,,,,
2024-09-09 22:51:23,39.54042016806722,39.33310629514963,39.84666666666666,,,,,,
2024-09-09 22:52:24,39.55098039215686,,,,,,,,
2024-09-09 22:53:25,,39.35385620915032,,,,,,,
2024-09-09 22:54:26,,39.35385620915032,,,,,,,
2024-09-09 22:55:27,,39.367936507936506,,,,38.7378431372549,,,
2024-09-09 22:56:29,,39.367936507936506,,,,,,,
2024-09-09 22:57:30,,39.36089635854342,,,,38.66392156862745,,,
2024-09-09 22:58:31,,39.36089635854342,,,,38.793284313725486,,,
2024-09-09 23:01:35,,,,,,38.92264705882353,,,
2024-09-09 23:02:36,,39.39641711229946,,,,,,,
2024-09-09 23:04:39,,39.3749766573296,,,,,,,
2024-09-09 23:05:40,,39.35878431372549,39.81709803921568,,,,39.55098039215687,,
2024-09-09 23:06:41,,39.3408875128999,,,,,,,
2024-09-09 23:07:42,,39.32100217864924,,,,,,,
2024-09-09 23:08:44,,39.32100217864924,,,,38.978088235294116,,,
2024-09-09 23:09:45,,39.23065359477124,,,,,,,
2024-09-09 23:10:46,,39.34564270152506,,,,,,,
2024-09-09 23:11:47,,39.35385620915033,,,,,,,
2024-09-09 23:12:49,,,,,,39.015049019607844,,,
2024-09-09 23:43:26,,,,,,,,,
2024-09-09 23:49:34,,,,,,38.87512605042017,,,
2024-09-09 23:50:35,39.69882352941177,,,,,,,,
2024-09-09 23:52:37,,,,,,38.4421568627451,,,
2024-09-09 23:57:43,,39.4524183006536,40.29019607843138,,,,,,
2024-09-10 00:00:47,39.69882352941177,,,,,,,,
2024-09-10 00:01:48,39.84666666666666,,,,,,,,
2024-09-10 00:08:57,,,39.69882352941177,,,,38.22039215686274,,
2024-09-10 00:13:02,,,,,,,38.66392156862745,,
2024-09-10 00:21:12,,,39.84666666666666,,,,,,
2024-09-10 00:23:15,,39.624901960784314,,,,,,,
2024-09-10 00:28:21,,39.84666666666667,,,,,,,
2024-09-10 00:30:23,39.99450980392157,,,,,,,,
2024-09-10 00:36:31,,,,,,,,38.03222816399286,
2024-09-10 00:40:36,,,,,,,,38.04566844919786,
2024-09-10 00:43:39,,,,,,,,38.05910873440285,
2024-09-10 00:44:41,,,,,,,,38.08598930481283,
2024-09-10 00:48:46,,,,,,,,38.07254901960784,
2024-09-10 00:52:51,,,,,,,,38.05910873440285,
2024-09-10 00:54:53,,,,39.10745098039216,,,,,
2024-09-10 00:58:58,,,,,,,,38.10666666666666,
2024-09-10 00:59:59,,,,,,,,38.11478991596638,
2024-09-10 01:07:08,,,,,,,,,
2024-09-10 01:11:13,,,,,39.18137254901961,,,,
2024-09-10 01:19:24,,39.25529411764706,,,,,,38.16125490196078,
2024-09-10 01:20:25,,,,,,,,38.16125490196078,
2024-09-10 01:21:26,,,,,,,,38.16125490196078,
2024-09-10 01:26:32,,,,,39.21833333333334,,,,
2024-09-10 01:28:35,,,,,39.199852941176474,,,,
2024-09-10 01:29:36,,,,,39.18137254901961,,,,
2024-09-10 01:30:37,,,,,39.199852941176474,,,,
2024-09-10 01:31:38,,,,,39.16289215686275,,,,
2024-09-10 01:32:40,,,,,39.144411764705886,,,,
2024-09-10 01:33:41,,,,,39.144411764705886,,,,
2024-09-10 01:34:42,,,,,,,,38.138257080610025,
2024-09-10 01:44:55,,39.69882352941177,,,,,,38.17111111111111,
2024-09-10 01:45:56,,,,,,,,38.164950980392156,
2024-09-10 01:47:58,,,39.98106951871658,,,,,38.15703081232493,
2024-09-10 01:49:00,,,39.94522875816994,,,,,,
2024-09-10 02:00:14,,,39.957549019607846,,,,,,
2024-09-10 02:02:16,,,39.91490196078432,,,,,,
2024-09-10 02:07:22,,,,,,,,,
2024-09-10 02:08:24,,,39.807241830065365,,,,,,
2024-09-10 02:21:40,,,39.886091503267984,,,,,,
2024-09-10 02:27:48,39.40313725490197,,,,,,,,
2024-09-10 02:29:50,,39.40313725490197,,,,,,,
2024-09-10 02:33:55,39.34400000000001,,,,,,,,
2024-09-10 02:35:57,,,,,,,,,
2024-09-10 02:36:58,,,39.94782249742003,,,,,,
2024-09-10 02:45:08,,,39.97233333333334,,,,,,
2024-09-10 02:54:19,,,39.93114845938376,,,,,,
2024-09-10 02:55:20,,,39.96762923351159,,,,,,
2024-09-10 02:56:22,,,39.994509803921574,,,,,,
2024-09-10 02:57:23,,,39.981653878942886,,,,,,
2024-09-10 03:03:30,,,,,,39.40313725490197,,,
2024-09-10 03:07:35,,,40.01379369138961,,,,,,
2024-09-10 03:14:44,39.25529411764707,,40.039505541346976,38.959607843137256,,,39.69882352941177,,
2024-09-10 03:15:45,39.31443137254902,,39.96236999147485,,,,39.40313725490197,,
2024-09-10 03:16:46,,,,,,,38.66392156862745,,
2024-09-10 03:20:51,,,,,,,,,
2024-09-10 03:21:52,,,,,,,,,
2024-09-10 03:22:53,39.462274509803926,,,39.10745098039216,,,,,
2024-09-10 03:23:55,,,,,,,,,
2024-09-10 03:33:06,,,39.91737425404945,,,39.99450980392157,,,
2024-09-10 03:35:08,,,39.93402852049911,,,,,,
2024-09-10 03:36:10,,,39.959309056956116,,,,,,
2024-09-10 03:37:11,,,39.95754901960784,,,,,,
2024-09-10 03:40:15,,,39.96338493292053,,,,,,
2024-09-10 03:46:22,,,40.0437908496732,,,,,,
2024-09-10 03:48:25,,,40.046689734717404,,,,,,
2024-09-10 03:49:26,,,40.046689734717404,,,,,,
2024-09-10 03:50:27,,,40.040710784313724,,,,39.57562091503269,,
2024-09-10 03:51:29,,,40.0832156862745,,,,,,
2024-09-10 03:52:30,,,40.121232492997194,,,,,,
2024-09-10 03:53:31,,,40.121232492997194,,,,,,
2024-09-10 03:57:36,39.772745098039216,,,,,,,,
2024-09-10 04:05:46,,,,,,38.959607843137256,38.959607843137256,,38.36823529411765
2024-09-10 05:04:58,39.931148459383756,,,,,,,,
2024-09-10 05:05:59,39.9733893557423,,,,,,,,
2024-09-10 05:16:11,,,,,,,38.959607843137256,,
2024-09-10 05:20:16,,,,37.48117647058824,,,,,
2024-09-10 05:21:17,39.888907563025214,,,,,,,,
2024-09-10 05:22:19,39.867787114845946,,,,,,,,
2024-09-10 05:26:24,,,,,,39.46227450980392,,,
2024-09-10 05:36:36,,40.5563137254902,,,,,,,
2024-09-10 05:38:38,,40.52674509803922,,,,,,,
2024-09-10 05:40:41,,40.52674509803922,,,,,,,
2024-09-10 05:41:42,,40.497176470588236,,,,,,,
2024-09-10 05:43:45,39.809705882352944,,,,,,,,
2024-09-10 05:44:46,39.863093681917206,,,,,,,,
2024-09-10 05:45:47,,,,,,,,,
2024-09-10 05:46:48,,,,,,39.52633986928105,,,
2024-09-10 05:47:50,,40.40107843137255,,,,40.053647058823536,,,
2024-09-10 05:48:51,,,,,,40.02407843137256,,,
2024-09-10 05:50:53,,,,,,39.994509803921574,,,
2024-09-10 06:31:41,,,,,,,,,39.022969187675066
2024-09-10 06:32:43,,,,,,,,,38.95960784313725
2024-09-10 06:34:45,,,,,,,,,39.234173669467786
2024-09-10 06:35:46,,,,,,,,,39.255294117647054
2024-09-10 06:36:47,,,,,,,,,39.08633053221288
2024-09-10 06:37:48,,,,,,,,,39.234173669467786
2024-09-10 06:50:03,,,,,,,,,39.06521008403361
2024-09-10 06:51:04,,,,,,,,,39.0018487394958
2024-09-10 07:40:05,40.13179271708684,40.093071895424835,,,,,,,
2024-09-10 07:43:09,40.10011204481793,39.9733893557423,,,,,,,
2024-09-10 07:44:10,,40.031470588235294,,,,,,,
2024-09-10 07:46:12,,,,,,39.68034313725491,,,
2024-09-10 07:55:23,40.07411764705883,,,,,,,,
2024-09-10 08:00:30,40.16347338935574,,,,,,,,
2024-09-10 08:01:31,40.174033613445374,,,,,,,,
2024-09-10 08:07:38,,,,,,,39.10745098039216,,
2024-09-10 08:08:39,40.16347338935574,,,,,,,,
2024-09-10 08:09:41,40.08955182072829,40.09307189542484,,,,39.69882352941177,,,
2024-09-10 08:10:42,40.14235294117647,40.15713725490197,40.438039215686274,,,39.69882352941177,,,
2024-09-10 08:11:43,40.132496732026134,40.15713725490197,,,,,,,
2024-09-10 08:13:46,,,,,,39.427777777777784,,,
2024-09-10 08:14:47,40.12264052287581,,40.438039215686274,,,39.526339869281045,,,
2024-09-10 08:15:48,40.14235294117646,,,,,,,,
2024-09-10 08:16:50,40.14235294117646,,,,,,,,
2024-09-10 08:17:51,40.174033613445374,40.01725490196078,,,,,,,
2024-09-10 08:19:53,,39.94522875816994,,,,,,,
2024-09-10 08:20:54,,39.88362745098039,,,,,,,
2024-09-10 08:21:56,40.165098039215685,,,,,,,,
2024-09-10 08:23:58,,,,,,,,,
2024-09-10 08:26:01,,,39.87623529411765,,,,,,
2024-09-10 08:27:02,,,39.99450980392157,,,,39.40313725490197,,
2024-09-10 08:30:06,,,,,,39.284862745098046,,,
2024-09-10 08:34:11,,,,,,,,,
2024-09-10 08:40:18,40.29019607843137,39.6640369088812,,,,,,,
2024-09-10 08:43:22,,,40.29019607843138,,,,,,
2024-09-10 08:47:27,,39.64664359861592,,,,37.333333333333336,,37.333333333333336,
2024-09-10 08:48:28,,39.616688453159036,,,,,,37.92470588235294,
2024-09-10 08:49:29,,39.496511867905056,,,,,,,
2024-09-10 08:50:30,,39.48094943240454,,,,,,,
2024-09-10 08:51:32,,,,,,,,,38.959607843137256
2024-09-10 08:52:33,,,,,,,,,38.22039215686274
2024-09-10 08:53:34,,39.45531718569781,,,,,,,
2024-09-10 09:06:51,,39.4123774509804,,,,,,,
2024-09-10 09:07:52,,,39.47705882352941,,,,,,38.33866666666667
2024-09-10 09:08:53,,39.39389705882353,,,,,,,
2024-09-10 09:10:56,,39.39389705882353,,,,,,,
2024-09-10 09:12:58,,39.3846568627451,,,,,,,
2024-09-10 09:15:01,,39.4123774509804,,,,,,,
2024-09-10 09:16:02,,39.29225490196079,,,,,,,
2024-09-10 09:17:04,,39.23558169934642,,,,,,,
2024-09-10 09:18:05,,39.18137254901961,,,,,,,
2024-09-10 09:20:07,,39.25529411764706,,,,,,,
2024-09-10 09:27:16,,,,,,,,,
2024-09-10 09:29:18,,,,,,,,,38.245032679738564
2024-09-10 09:30:20,,,39.34769607843137,,,,,,38.31895424836601
2024-09-10 09:31:21,,,,,,,,,38.16125490196079
2024-09-10 09:33:23,,,,,,,,,
2024-09-10 09:34:25,,,,,,,,38.959607843137256,
2024-09-10 09:36:27,,,39.32921568627451,,,,,,
2024-09-10 09:37:28,,,39.35385620915034,,,,,,
2024-09-10 09:38:30,,,,,,,,37.92470588235294,
2024-09-10 09:39:31,,,,,,,,,37.77686274509804
2024-09-10 09:40:32,,,39.329215686274516,,,,,,
2024-09-10 09:42:34,39.69882352941177,39.25529411764706,39.24185383244207,35.70705882352941,,,,,
2024-09-10 09:43:36,39.99450980392157,,39.22841354723708,,,,,,
2024-09-10 09:44:37,,39.28301470588235,39.21497326203209,,,,,,
2024-09-10 09:45:38,,39.19061274509804,,37.03764705882353,,,,,
2024-09-10 09:46:40,,39.18137254901961,,35.70705882352941,,,,,
2024-09-10 09:47:41,,,,,,,36.741960784313726,,
2024-09-10 09:49:43,,39.4118339100346,,,38.51607843137255,,,,
2024-09-10 09:50:44,,,39.373568627450986,,,,,,
2024-09-10 09:54:50,,39.403137254901964,,,,38.36823529411765,,,
2024-09-10 09:55:51,,39.403137254901964,,,,,,,
2024-09-10 09:57:53,,39.41052941176471,39.189586056644885,35.70705882352941,,37.92470588235294,,,
2024-09-10 09:58:55,,39.39574509803923,,,,38.22039215686274,,,
2024-09-10 10:00:57,,,39.34769607843137,,,,,,
2024-09-10 10:03:00,39.96986928104575,39.38835294117648,,35.41137254901961,,,,,
2024-09-10 10:04:01,39.99450980392157,39.43270588235295,,,,,,,
2024-09-10 10:05:02,,39.40313725490198,,,,,,,
2024-09-10 10:06:04,,39.42648090815274,,,,,,,
2024-09-10 10:07:05,,39.44982456140351,,,,,,,
2024-09-10 10:08:06,,39.48527233115468,,,,,,,
2024-09-10 10:09:07,,,,,,,,,
2024-09-10 10:10:09,,,,,,38.22039215686274,,,
2024-09-10 10:11:10,40.88156862745098,,,,,,,,
2024-09-10 10:12:11,40.585882352941184,39.4123774509804,,,,,,,
2024-09-10 10:18:19,,39.45857843137256,,,,,,,
2024-09-10 10:19:20,,39.44256209150328,,,,,,,
2024-09-10 10:25:27,,,,,38.22039215686274,,,,38.30487394957983
2024-09-10 10:26:29,,,39.40313725490197,,,,,,38.262633053221286
2024-09-10 10:27:30,,,,,,,36.59411764705882,,
2024-09-10 10:28:31,,,,,,,36.88980392156863,,38.30487394957983
2024-09-10 10:29:32,,,,,,,,,38.262633053221286
2024-09-10 10:30:34,,,,,,,36.00274509803921,,
2024-09-10 10:31:35,,,39.48761904761905,,,,,,38.28375350140056
2024-09-10 10:33:38,,,,,,,,,38.30487394957983
2024-09-10 10:34:39,,,,,,,,,38.24151260504202
2024-09-10 10:35:40,,,39.419564270152506,,,,,,38.24151260504202
2024-09-10 10:36:41,,39.66186274509804,,,,38.07254901960785,,,
2024-09-10 10:37:43,,,,38.07254901960785,,,,38.51607843137255,
2024-09-10 10:40:46,,,,,,,37.09678431372549,,
2024-09-10 10:42:49,40.14235294117647,,,,,,,36.88980392156863,
2024-09-10 10:43:50,,,,,,37.77686274509804,,,
2024-09-10 10:44:51,,39.47705882352941,,,,,,,
2024-09-10 10:47:55,,,,,,,,,
2024-09-10 10:49:58,,,39.43001782531194,,,,,,
2024-09-10 10:50:59,,,39.43001782531194,37.77686274509804,,,,,
2024-09-10 10:52:00,,,39.35385620915033,,,,37.21505882352941,,
2024-09-10 10:53:02,,,,,,,,,
2024-09-10 10:57:07,,,39.392577030812326,,37.77686274509804,,,,
2024-09-10 10:58:08,,,39.50873949579833,,,,,,
2024-09-10 11:01:12,,,39.51929971988796,,,,37.92470588235294,,
2024-09-10 11:02:13,40.14235294117647,,,,,,,,
2024-09-10 11:15:30,40.14235294117647,39.40313725490196,39.49411764705883,,,,,,
2024-09-10 11:16:31,,39.41792156862745,,,,37.836,,,
2024-09-10 11:19:35,,,39.44256209150328,,,,,,
2024-09-10 11:20:36,40.160833333333336,39.37625668449198,,,,,,,
2024-09-10 11:21:38,,39.41545751633986,,,,37.836,,,
2024-09-10 11:22:39,,,39.411350762527235,,,,,,
2024-09-10 11:24:41,40.12592592592593,39.49411764705882,,,,,,,
2024-09-10 11:25:43,,,,,,37.629019607843134,38.75262745098039,,
2024-09-10 11:27:45,,,,,,37.333333333333336,38.69349019607843,,
2024-09-10 11:29:47,,,39.37201238390093,,,,,,
2024-09-10 11:30:48,,39.46,39.30198142414861,,,,,,
2024-09-10 11:31:50,,,39.239731682146555,,,37.629019607843134,,,
2024-09-10 11:32:51,,,,,,,,,
2024-09-10 11:35:55,40.04731092436975,,,,,,,,
2024-09-10 11:36:56,40.112784313725484,,,,,,,,
2024-09-10 11:38:59,40.100112044817934,39.37849673202614,,,,,,,
2024-09-10 11:40:00,,39.403137254901964,39.14030501089324,,,,39.69882352941177,,
2024-09-10 11:41:01,,39.47705882352941,39.13079463364293,,,,40.14235294117647,,
2024-09-10 11:42:03,,,39.09923747276688,,,,,,
2024-09-10 11:43:04,,39.43599128540305,39.10745098039216,,,,,,
2024-09-10 11:44:05,40.10539215686274,39.45857843137255,39.10745098039216,,,,,,
2024-09-10 11:45:07,40.13003267973857,39.45857843137255,39.116147635524804,,,,,,
2024-09-10 11:46:08,40.07515151515152,,39.10745098039216,,,,,,
2024-09-10 11:47:09,40.07515151515152,,,,,,,,
2024-09-10 11:48:10,40.08859180035651,,39.107450980392166,,,,,,
2024-09-10 11:49:12,40.1020320855615,,39.099237472766895,,,,,,
2024-09-10 11:50:13,40.08859180035651,,39.06396770472896,,,,,,
2024-09-10 11:51:14,,,39.06125,,,,,,
2024-09-10 11:54:18,,,,,,,,,
2024-09-10 11:55:19,40.00929411764706,,,,,,,,
2024-09-10 11:56:20,,,,,,,,,
2024-09-10 11:57:21,,,,,,,,,
2024-09-10 11:59:24,,,38.94904761904762,,,,,,
2024-09-10 12:00:26,,,,38.36823529411765,,,,38.2943137254902,37.48117647058824
2024-09-10 12:01:27,,,,37.74729411764706,38.66392156862745,,,,
2024-09-10 12:02:28,,,,37.599450980392156,,,,38.264745098039214,36.59411764705882
2024-09-10 12:04:31,,,,,,,,38.2795294117647,
2024-09-10 12:05:32,,,,,,,,38.235176470588236,
2024-09-10 12:06:33,,,,,,,,38.264745098039214,
2024-09-10 12:09:37,,,38.790644257703086,,,,,38.235176470588236,
2024-09-10 12:10:38,,,38.81176470588236,,,,,38.24996078431373,
2024-09-10 12:14:43,,,,,,,,38.24996078431373,
2024-09-10 12:15:44,,,,,,,,,
2024-09-10 12:18:48,,,,,39.25529411764706,,,,
2024-09-10 12:19:49,,,,37.865568627450976,39.25529411764706,,,38.220392156862744,36.59411764705882
2024-09-10 12:20:51,,,,,38.811764705882354,,,,
2024-09-10 12:21:52,,,,,,,,38.26474509803922,
2024-09-10 12:31:04,39.55098039215687,,,,,,,,
2024-09-10 12:32:05,,,38.870901960784316,,,,40.29019607843138,,
2024-09-10 12:33:06,,,38.85611764705883,37.599450980392156,,,39.55098039215687,,
2024-09-10 12:34:08,,,38.85611764705883,,,,38.811764705882354,,
2024-09-10 12:35:09,,,38.84133333333334,,,,39.25529411764706,,
2024-09-10 12:36:10,,,38.88568627450981,,,,38.51607843137255,,
2024-09-10 12:38:13,40.05787114845939,39.71360784313726,,,,,,,
2024-09-10 12:40:15,,,38.81176470588236,,,,,,
2024-09-10 12:41:17,39.95226890756303,39.90826797385621,38.77891067538127,,,38.811764705882354,,,
2024-09-10 12:42:18,,39.8921568627451,,,,,,,
2024-09-10 12:54:33,39.976029411764706,39.98394957983193,,,,,,,
2024-09-10 12:55:34,39.879520697167756,39.94522875816993,,,,,,,
2024-09-10 12:56:35,,39.96494117647058,,,,,,,
2024-09-10 13:03:44,,,38.756323529411766,,,,,,
2024-09-10 14:14:11,,,,38.51607843137255,,,,,
2024-09-10 14:23:23,,,38.830245098039214,,,,,,38.22039215686274
2024-09-10 14:24:24,39.98106951871658,,,,,,,,
2024-09-10 14:32:34,,39.89101960784314,,,,,,,
2024-09-10 14:33:36,,39.88186741363212,,,,,,,
2024-09-10 14:34:37,39.91002801120448,39.87354723707665,,,,,,,
2024-09-10 14:42:46,39.87834733893557,39.84666666666667,,,,,,,
2024-09-10 14:43:47,,,,,,,,,
2024-09-10 14:44:49,,,,,,,,,
2024-09-10 14:46:51,,39.793443137254904,,,,,,,
2024-09-10 14:47:52,,39.84666666666667,,,,39.99450980392157,,,
2024-09-10 14:48:54,39.8959477124183,39.82892549019608,,,,39.10745098039216,,,
2024-09-10 14:49:55,39.91386809269162,39.89397647058824,,,,38.22039215686274,,,
2024-09-10 14:52:58,,,,,,38.959607843137256,,,
2024-09-10 14:54:00,39.85898692810458,39.98218954248367,,,,,,,
2024-09-10 14:55:01,39.846666666666664,39.87032156862745,,,,,,,
2024-09-10 14:56:02,,39.88806274509805,,,,,,,
2024-09-10 14:57:03,39.8959477124183,39.90352941176471,,,,,,,
2024-09-10 14:58:05,39.900427807486636,39.863093681917206,,,,,,,
2024-09-10 14:59:06,39.886987522281636,39.85761801016702,,,,,,,
2024-09-10 15:00:07,39.90042780748663,39.84119099491649,,,,,,,
2024-09-10 15:01:09,,39.82476397966594,,,,,,,
2024-09-10 15:02:10,,39.85235294117648,,,,,,,
2024-09-10 15:03:11,,39.738627450980395,,,,,,,
2024-09-10 15:04:12,,39.6515137254902,,,,,,,
2024-09-10 15:05:13,,39.69290980392157,,,,,,,
2024-09-10 15:06:15,,39.6803431372549,,,,,,,
2024-09-10 15:07:16,,39.660255754475706,,,,,,,
2024-09-10 15:08:17,40.15579322638146,39.65850267379679,,,,,,,
2024-09-10 15:13:24,40.15579322638146,,39.40313725490197,,,,,,
2024-09-10 15:14:25,,39.64739982949701,39.84666666666666,,,,,,
2024-09-10 15:16:28,,,39.40313725490197,,,,,,
2024-09-10 15:18:30,,39.49312872975277,,,,,,,
2024-09-10 15:19:32,,39.48670076726343,,,,,,,
2024-09-10 15:22:35,,39.470338680926915,,,,,,,
2024-09-10 15:27:42,,39.477058823529404,,,,,,,
2024-09-10 15:29:45,,39.450178253119425,,,,,,,
2024-09-10 15:33:49,,,,,,39.40313725490197,,,
2024-09-10 15:34:51,,39.443458110516936,,,,,,,
2024-09-10 16:02:25,,,,,,39.55098039215687,,,
2024-09-10 16:44:15,,,,,,,,,
2024-09-10 16:48:21,40.419558823529414,,,,,,,,
2024-09-10 16:49:22,40.38259803921569,,,,,,,,
2024-09-10 16:50:23,40.401078431372554,,,,,,,,
2024-09-10 16:52:26,,39.31617070357555,,,,,,,
2024-09-10 16:53:27,,39.31617070357555,,,,39.10745098039216,,,
2024-09-10 16:54:28,40.33243697478992,39.329215686274516,,,,,,,
2024-09-10 16:55:29,,39.329215686274516,,,,,,,
2024-09-10 16:56:31,40.31131652661065,39.344,,,,,,,
2024-09-10 16:58:33,,,39.22572549019608,,,,,,
2024-09-10 17:00:36,,39.255294117647054,,,,,,,
2024-09-10 17:01:37,,39.24543790849675,,,,,,,
2024-09-10 17:02:38,,39.1961568627451,,37.333333333333336,,,,,
2024-09-10 17:03:39,,39.21586928104576,,,,39.25529411764706,39.55098039215687,,
2024-09-10 17:04:41,,39.196156862745106,,,,39.25529411764706,,,
2024-09-10 17:05:42,,,39.13209150326798,,,,,,
2024-09-10 17:06:43,,,,,,,,,
2024-09-10 17:08:46,,,,,,,,,38.36823529411765
2024-09-10 17:09:47,,,,,,,,,38.36823529411765
2024-09-10 17:11:50,39.55098039215687,,38.78712418300654,,,,39.40313725490197,,
2024-09-10 17:12:51,,,,,37.629019607843134,,,,38.66392156862745
2024-09-10 17:13:53,,,,,36.59411764705882,,,,
2024-09-10 17:15:55,,,38.78712418300654,,,,,,
2024-09-10 17:17:58,,,38.78712418300654,,,,,,
2024-09-10 17:31:14,,39.03352941176471,,,,38.66392156862745,,,
2024-09-10 17:32:15,,39.02296918767507,,,,,,,
2024-09-10 17:33:17,,39.05464985994398,,,,,,,
2024-09-10 17:34:18,,39.061960784313726,,,,,,,
2024-09-10 17:35:19,,,,,,,,,
2024-09-10 17:36:21,,39.095130718954245,,,,,,,
2024-09-10 17:37:22,,39.16905228758169,,,,,,,
2024-09-10 17:38:23,,39.20980392156862,38.811764705882354,,,,,,
2024-09-10 18:14:07,,,,,,,39.55098039215687,,
2024-09-10 18:15:09,,,,,,,39.84666666666666,,
2024-09-10 18:21:16,,,,,35.55921568627451,,,,38.66392156862745
2024-09-10 18:22:17,,,,,,,,,38.66392156862745
2024-09-10 18:28:25,,39.19843137254901,,,,,,,
2024-09-10 18:29:26,,,,,,,39.99450980392157,,
2024-09-10 18:30:27,39.99450980392157,39.176444444444435,,,,,40.14235294117647,,
2024-09-10 18:31:29,,39.172132352941176,,,,,,,
2024-09-10 18:32:30,39.69882352941177,,,,,,,,
2024-09-10 18:33:31,,,,,,,,,
2024-09-10 18:34:32,39.84666666666666,,,,,39.279934640522875,,,
2024-09-10 18:35:33,39.84666666666666,39.21305322128852,,,,39.23065359477124,,,
2024-09-10 18:36:35,,,,39.10745098039216,,39.20601307189543,,,
2024-09-10 18:37:36,,39.284862745098046,,,,39.304575163398695,,,
2024-09-10 18:38:37,,39.373568627450986,,,,39.42425770308124,,,
2024-09-10 18:39:39,,,,,,,,,38.51607843137255
2024-09-10 18:42:42,,,39.40313725490197,,,,,,
2024-09-10 18:43:44,,,,,,,,,
2024-09-10 18:48:50,,,,,,,,,38.811764705882354
2024-09-10 18:49:51,,,,,,,,,38.66392156862745
2024-09-10 18:53:56,,39.60316032295271,,,,,,,
2024-09-10 18:57:00,39.99450980392157,39.54276688453159,,,,,,,
2024-09-10 18:58:01,,39.58383442265795,,,,,,,
2024-09-10 19:00:04,,39.624901960784314,,,,,,,
2024-09-10 19:01:05,,39.60544891640867,,,,39.470338680926915,,,
2024-09-10 19:02:06,,,39.279934640522875,,,,,,
2024-09-10 19:04:09,,,39.3045751633987,,,,,,
2024-09-10 19:05:10,,39.51985552115583,39.279934640522875,,,,,,
2024-09-10 19:06:11,,39.512074303405576,39.339775910364146,,,,,,
2024-09-10 19:40:53,,39.47705882352941,,,,39.8959477124183,,,
2024-09-10 19:50:05,,39.44662053056517,,,,,,,
2024-09-10 19:51:06,,39.464013840830454,,,,,,,
2024-09-10 19:52:07,,39.411350762527235,,,,,,,
2024-09-10 20:25:48,,,,,,39.8959477124183,,,
2024-09-10 20:26:49,,,,,,39.92880174291938,,,
2024-09-10 20:27:50,,39.41792156862746,39.59130124777184,,,39.96494117647059,,,
2024-09-10 20:28:52,,39.447490196078434,,,,39.96494117647059,,,
2024-09-10 20:30:54,,39.43270588235295,,,,,,,
2024-09-10 20:31:55,,39.447490196078434,,,,,,,
2024-09-10 20:32:57,,39.4887306501548,,,,39.84666666666667,,,
2024-09-10 20:33:58,,39.5099128540305,,,,39.81381263616558,,,
2024-09-10 20:34:59,,39.518126361655774,,,,39.79738562091504,,,
2024-09-10 20:38:03,39.69882352941177,,,,,,,,38.66392156862745
2024-09-10 20:39:04,,,39.501699346405225,,,,,,
2024-09-10 20:40:05,,,39.4524183006536,,,,,,
2024-09-10 20:41:06,,,39.501699346405225,,,,,,
2024-09-10 20:42:07,,,,,,,,,
2024-09-10 20:45:11,,39.41299346405229,,,,39.92058823529412,,,
2024-09-10 20:46:13,,39.284862745098046,39.464738562091505,,,,,,
2024-09-10 20:47:14,,,39.4524183006536,,,,,,
2024-09-10 20:48:15,,39.29877739331027,39.4524183006536,,,39.445378151260506,,,
2024-09-10 20:49:17,,39.20311418685121,,,,,,,
2024-09-10 20:51:19,39.99450980392157,39.12484429065744,,,,,,,
2024-09-10 20:52:21,,38.994394463667824,,,,,,,
2024-09-10 20:54:24,,,39.497219251336894,,,,,,
2024-09-10 20:58:28,,,39.537540106951866,,,,,,
2024-09-10 20:59:30,,,39.537540106951866,,,,,,
2024-09-10 21:07:40,,,39.52409982174687,,,,,,
2024-09-10 21:13:47,,,,,,,40.73372549019608,,
2024-09-10 21:14:48,,,39.50662745098039,,,,,,
2024-09-10 21:15:50,,,,,,,,38.51607843137255,
2024-09-10 21:27:03,,38.86104575163399,,,,,,,
2024-09-10 21:30:07,39.99450980392157,38.865525846702326,,,,,,,
2024-09-10 21:36:14,39.69882352941177,38.910326797385615,,,,38.49495798319328,,,
2024-09-10 21:37:15,39.99450980392157,38.84133333333333,,,,,,,
2024-09-10 21:38:17,,38.863509803921566,,,,,,,
2024-09-10 21:39:18,,38.93743137254902,,,,,,,
2024-09-10 21:40:19,,38.952215686274506,,,,,,,
2024-09-10 21:42:22,,38.94482352941177,,,,,,,
2024-09-10 21:43:23,,38.88568627450981,,,,,,,
2024-09-10 21:45:25,,38.90328664799253,,,,,,,
2024-09-10 21:49:31,,38.846965452847805,,,,,,,
2024-09-10 21:51:33,,38.87896613190731,,,,39.15294117647059,38.51607843137255,,
2024-09-10 21:52:35,,38.82462063086104,,,,39.19193277310925,,,
2024-09-10 21:53:36,,38.86720588235294,,,,39.26515032679739,,,
2024-09-10 21:54:37,,38.870901960784316,,,,39.31073529411765,,,
2024-09-10 21:55:38,,38.88,,,,39.26453431372549,39.10745098039216,,
2024-09-10 21:56:40,,38.891372549019614,38.36823529411765,,,,,,
2024-09-10 21:57:41,,,,,,39.31617070357555,,,
2024-09-10 21:59:44,,,,,,39.45531718569781,,,
2024-09-10 22:11:58,,,,,,39.419564270152506,,,
2024-09-10 22:12:59,,38.86294117647059,,,,39.419564270152506,,,
2024-09-10 22:14:00,,38.90274509803922,,,,39.411350762527235,,,
2024-09-10 22:21:09,,38.97666666666667,,,,39.419564270152506,,,
2024-09-10 22:22:10,,39.03921568627452,,,,39.419564270152506,,,
2024-09-10 22:23:11,,39.06196078431373,,,,,,,
2024-09-10 22:24:12,,,,,,39.40313725490196,40.29019607843138,,
2024-09-10 22:25:13,,39.130196078431375,,,,,,,
2024-09-10 22:26:15,39.99450980392157,39.16067450980393,,,,39.589886480908156,,,
2024-09-10 22:30:19,,39.11977124183007,,,,39.714385964912275,,,
2024-09-10 22:31:21,,39.12030690537085,,,,39.81381263616558,,,
2024-09-10 22:36:27,,39.114171122994655,,,,,,,
2024-09-10 22:39:31,,39.06713012477719,,,,,,,
2024-09-10 22:40:32,,39.0792903828198,39.01874509803922,,,39.90754325259516,40.14235294117647,,
2024-09-10 22:41:33,,39.08633053221289,39.03352941176471,,,39.9760294117647,,,
2024-09-10 22:42:35,,39.093370681605975,39.048313725490196,,,40.06350326797386,,,
2024-09-10 22:43:36,,39.08633053221289,39.01874509803922,,,,,,
2024-09-10 22:44:37,,39.07225023342671,39.01874509803922,,,,,,
2024-09-10 22:45:38,,39.065210084033616,,,,,,,
2024-09-10 22:46:39,,39.07929038281979,39.03352941176471,,,,,,
2024-09-10 22:47:41,,39.10745098039216,39.06309803921569,,,,,,
2024-09-10 22:48:42,,39.09337068160598,39.048313725490196,,,,,,
2024-09-10 22:49:43,,39.08057040998219,39.01874509803922,,,39.98106951871657,,,
2024-09-10 23:06:03,,,,,,39.927308377896615,,,
2024-09-10 23:10:08,,,,,,,,,
2024-09-10 23:18:18,,,,,,,,,
2024-09-10 23:19:19,,,39.08057040998218,,,,,,
2024-09-10 23:20:21,,,,,,,,,
2024-09-10 23:33:37,,,,,,,,,
2024-09-10 23:43:49,,,,,,,40.73372549019608,,
2024-09-10 23:44:50,,,,,,,40.585882352941184,,
2024-09-10 23:45:51,,,,,,,40.438039215686274,,
2024-09-10 23:47:54,,39.13354094579008,,,,39.754264705882356,,,
2024-09-10 23:48:55,,39.15093425605537,,,,,,,
2024-09-10 23:50:58,,39.17702422145329,,,,,,,
2024-09-10 23:51:59,,39.19441753171857,,,,,,,
2024-09-10 23:53:01,,39.22920415224913,,,,39.76453159041395,,,
2024-09-10 23:54:02,,39.28138408304499,,,,,,,
2024-09-10 23:55:03,,39.31617070357555,,,,,,,
2024-09-10 23:58:07,40.14235294117647,,,,,39.5325,,,
2024-09-11 00:01:11,,39.37028322440088,,,,,,,
2024-09-11 00:02:12,,39.38757481940144,39.888907563025214,,,,,,
2024-09-11 00:06:17,,39.4253137254902,,,,,,,
2024-09-11 00:12:24,,,39.895947712418305,,,,39.99450980392157,,
2024-09-11 00:13:25,,,39.84666666666667,,39.40313725490197,,,,
2024-09-11 00:14:26,,,39.895947712418305,,,,,,
2024-09-11 00:21:35,,,39.96986928104576,,,39.318655462184886,,,
2024-09-11 00:22:36,,39.550980392156866,,,,39.44537815126051,,,
2024-09-11 01:34:55,40.19163398692811,39.61874183006536,,,,,,,
2024-09-11 01:35:56,,39.63722222222222,,,,,,,
2024-09-11 01:36:57,,39.67418300653595,,,,,,,
2024-09-11 01:37:58,,39.704983660130715,,,,39.058169934640524,,,
2024-09-11 01:38:59,,39.72346405228758,,,,39.15673202614379,,,
2024-09-11 01:41:02,,39.772745098039216,,,,,,,
2024-09-11 01:42:03,,39.80354575163399,,,,,,,
2024-09-11 01:44:06,,,39.87130718954249,,,,,,
2024-09-11 01:45:07,,39.83483921568628,,,,,,,
2024-09-11 01:46:08,40.19163398692811,39.846666666666664,,,,,,,
2024-09-11 01:47:09,40.142352941176476,39.84075294117647,,,,,,,
2024-09-11 01:48:11,40.127568627450984,39.80117647058824,,,,,,,
2024-09-11 01:49:12,40.14235294117647,39.81381263616558,,,,,,,
2024-09-11 01:50:13,40.127568627450984,39.81928830791576,,,,39.00888888888888,,,
2024-09-11 01:51:14,40.24091503267974,39.799145658263306,,,,,,,
2024-09-11 01:52:16,40.24091503267974,39.75162464985994,,,,39.08057040998217,,,
2024-09-11 01:53:17,,39.75162464985994,,,,39.14441176470588,,,
2024-09-11 01:54:18,,39.72522408963585,,,,,,,
2024-09-11 01:55:19,40.29019607843137,39.71994397759103,,,,39.181372549019606,,,
2024-09-11 01:56:21,,39.71466386554622,,,,39.07333333333333,,,
2024-09-11 01:57:22,,39.677703081232494,,,,,,,
2024-09-11 01:58:23,,39.66186274509803,,,,,,,
2024-09-11 01:59:24,,39.64074229691875,,,,39.17644444444444,,,
2024-09-11 02:00:26,,39.61725490196077,,,,,,,
2024-09-11 02:01:27,,39.61725490196078,,,,39.22920415224914,,,
2024-09-11 02:02:28,,39.612156862745096,,,,,,,
2024-09-11 02:03:30,39.974797385620924,39.5764705882353,,,,39.29420020639835,,,
2024-09-11 02:04:31,,39.51019607843137,,,,,,,
2024-09-11 02:05:32,,,,,,,,,
2024-09-11 02:06:33,,39.49490196078431,,,,,,,
2024-09-11 02:07:35,,39.48980392156863,,,,39.450178253119425,,,
2024-09-11 02:08:36,,39.469411764705896,,,,39.50393939393939,,,
2024-09-11 02:09:37,,39.48470588235295,,,,39.624901960784314,,,
2024-09-11 02:11:40,39.69882352941177,39.47960784313726,,,,39.64739982949701,,,
2024-09-11 02:12:41,39.687450980392164,39.454117647058816,,,,,,,
2024-09-11 02:13:42,39.66470588235295,39.433725490196075,,,,39.72453537936913,,,
2024-09-11 02:14:43,39.72156862745098,39.43882352941176,,,,39.73096334185848,,,
2024-09-11 02:15:45,39.72156862745098,39.42352941176471,,,,39.72453537936913,,,
2024-09-11 02:16:46,39.71019607843137,39.418431372549016,,,,39.74586452762923,,,
2024-09-11 02:17:47,39.69882352941177,39.433725490196075,,,,39.75258467023173,,,
2024-09-11 02:18:49,39.709383753501406,39.48980392156862,,,,39.79034547152194,,,
2024-09-11 02:19:50,,39.55607843137255,,,,39.76922502334268,,,
2024-09-11 02:20:51,39.69882352941177,39.58156862745098,,,,39.802313725490194,,,
2024-09-11 02:21:53,,39.612156862745096,,,,39.802313725490194,,,
2024-09-11 02:22:54,39.6777030812325,39.64954248366014,,,,39.8777915376677,,,
2024-09-11 02:23:55,39.728392156862746,39.66925490196079,,,,39.885572755417954,,,
2024-09-11 02:24:56,,39.6544705882353,,,,39.895947712418305,,,
2024-09-11 02:25:58,,39.65939869281046,,,,39.87952069716776,,,
2024-09-11 02:26:59,39.72654411764706,39.73332026143791,,,,39.85488017429194,,,
2024-09-11 02:28:00,,39.82202614379084,,,,39.88145328719723,,,
2024-09-11 02:29:01,,39.84156862745098,,,,39.846666666666664,,,
2024-09-11 02:30:03,,39.831372549019605,39.69882352941177,,,,,,
2024-09-11 02:33:06,,39.89254901960784,,,,,,,
2024-09-11 02:48:25,,39.920588235294126,,,,,,,
2024-09-11 02:55:33,39.79738562091502,39.91237472766885,,,,,,,
2024-09-11 02:56:35,,39.93196078431372,,,,,,,
2024-09-11 02:57:36,,39.93196078431372,,,,,,,
2024-09-11 02:58:37,,39.994509803921574,,,,,,,
2024-09-11 02:59:38,39.80970588235294,39.96986928104575,,,,,,,
2024-09-11 03:00:40,,40.00736572890026,,,,,,,
2024-09-11 03:07:48,,40.06843137254902,,,,,,,
2024-09-11 03:08:49,,,,,,,,,
2024-09-11 03:09:50,39.871307189542485,40.100112044817934,,,,39.25529411764707,,,
2024-09-11 03:11:53,,39.98746965452848,,,,39.29225490196079,,,
2024-09-11 03:12:54,39.90580392156862,39.94522875816994,39.55098039215687,,,,,,
2024-09-11 03:13:55,,,,,,39.128571428571426,,,
2024-09-11 03:16:59,,39.9804295051354,,,,39.07333333333334,,,
2024-09-11 03:18:01,39.90580392156862,39.93114845938376,,,,39.11882352941176,,,
2024-09-11 03:19:02,,,,,,39.03921568627451,,,
2024-09-11 03:20:03,,,,,,39.03921568627451,,,
2024-09-11 03:21:04,,,,,,39.01647058823529,,,
2024-09-11 03:22:05,,39.7481045751634,,,,,,,
2024-09-11 03:23:07,,,,,,39.10745098039216,,,
2024-09-11 03:24:08,,,,,,39.050588235294114,,,
2024-09-11 03:26:10,,,39.161212121212124,,,,38.51607843137255,,
2024-09-11 03:27:12,,,,,,39.084705882352935,,,
2024-09-11 03:28:13,,,,,,39.06196078431372,,,
2024-09-11 03:29:14,,39.396097105508865,,,,39.07333333333333,,,
2024-09-11 03:30:15,,39.367936507936506,39.05464985994398,,,,,,
2024-09-11 03:31:17,,39.262334267040146,39.075770308123246,,,,,,
2024-09-11 03:32:18,,39.15673202614379,39.03921568627451,,,,,,
2024-09-11 03:33:19,,39.13433155080214,,,,,,,
2024-09-11 03:34:20,,39.060409982174676,38.98072829131652,,,,,,
2024-09-11 03:35:21,,39.0335294117647,39.022969187675066,,,,,,
2024-09-11 03:36:23,,39.023887468030686,38.99128851540616,,,,,,
2024-09-11 03:37:24,,39.0212091503268,,,,,,,
2024-09-11 03:38:25,,39.01874509803922,39.01240896358543,,,,,,
2024-09-11 03:39:26,,38.93003921568628,38.99128851540616,,,,,,
2024-09-11 03:40:28,,38.874313725490204,38.99128851540616,,,,,,
2024-09-11 03:41:29,,38.85009440813363,39.0018487394958,,,,,,
2024-09-11 03:42:30,,38.817044817927176,39.01647058823529,,,,,,
2024-09-11 03:43:32,,38.80156862745098,,,,,,,
2024-09-11 03:44:33,,38.796470588235294,39.027843137254905,,,,,,
2024-09-11 03:45:34,,38.774803921568626,,,,38.51607843137255,,,
2024-09-11 03:48:37,,38.74605664488018,,,,,,,
2024-09-11 03:52:42,,38.7264705882353,,,,,,,
2024-09-11 03:53:44,,38.73488627450981,,,,,,,
2024-09-11 03:54:45,,38.71936274509804,39.033529411764704,,,,,,
2024-09-11 03:55:46,,38.67624183006536,,,,,,,
2024-09-11 03:56:47,,38.68856209150327,,,,,,,
2024-09-11 03:57:49,,38.70088235294118,,,,,,,
2024-09-11 03:58:50,,38.71936274509804,,,,,,,
2024-09-11 04:01:54,,,,,,,,,
2024-09-11 04:02:55,,,,,,39.25529411764706,,,
2024-09-11 04:03:56,,38.76864379084967,,,,,,,
2024-09-11 04:04:57,,38.79328431372549,,,,,,,
2024-09-11 04:05:59,39.728392156862746,38.78712418300654,,,,,,,
2024-09-11 04:09:03,,,,,,39.46884531590414,,,
2024-09-11 04:10:04,,,,,,39.41792156862745,,,
2024-09-11 04:13:08,39.7481045751634,,,,,39.53455337690631,,,
2024-09-11 04:14:09,39.80442577030812,,,,,39.47705882352941,,,
2024-09-11 04:18:14,39.762184873949586,,,,,,,,
2024-09-11 04:20:17,39.92058823529412,,,,,39.60026143790849,,,
2024-09-11 04:21:18,,38.87401444788443,,,,39.550980392156866,,,
2024-09-11 04:22:19,,38.819978213507625,,,,39.56154061624651,,,
2024-09-11 04:23:21,39.98106951871657,38.811764705882354,,,,,,,
2024-09-11 04:24:22,,38.79328431372549,,,,,,,
2024-09-11 04:25:23,,38.81176470588236,,,,,,,
2024-09-11 04:28:27,,38.88075816993465,,,,,,,
2024-09-11 04:29:28,,39.05816993464053,,,,,,,
2024-09-11 04:30:29,,39.18630065359478,,,,39.52763673890609,,,
2024-09-11 04:31:31,,39.31443137254903,,,,,,,
2024-09-11 04:32:32,40.01915032679738,39.39328104575164,,,,,,,
2024-09-11 04:33:33,,39.356936274509806,39.40313725490197,,,39.6777030812325,,,
2024-09-11 04:36:37,,,,,,,39.55098039215687,,
2024-09-11 04:37:38,40.01915032679738,,,,,39.77626517273576,,,
2024-09-11 04:39:41,,,,,,39.81146591970121,,,
2024-09-11 04:40:42,40.04827094474153,,,,,39.75930481283422,,,
2024-09-11 04:41:43,,,,,,39.819786096256685,,,
2024-09-11 04:42:44,40.15579322638146,,,,,39.84666666666667,,,
2024-09-11 04:43:46,40.14235294117647,,,,,39.817098039215686,,,
2024-09-11 04:44:47,,,,,,39.79034547152194,,,
2024-09-11 04:45:48,40.17647058823529,,,,,39.72570409982174,,,
2024-09-11 04:46:49,40.16347338935574,,,,,39.64739982949701,,,
2024-09-11 04:47:51,,39.53690009337068,,,,39.55098039215686,,,
2024-09-11 04:48:52,,,,,,39.52017973856209,,,
2024-09-11 04:49:53,,39.56576470588236,,,,39.4524183006536,,,
2024-09-11 04:50:54,,39.58210526315791,,,,39.45857843137255,,,
2024-09-11 04:51:56,,39.6002614379085,,,,39.446258169934644,,,
2024-09-11 04:52:57,,39.56837370242215,,,,39.42242114236999,,,
2024-09-11 04:53:58,,39.57707035755479,,,,39.42884910485933,,,
2024-09-11 04:54:59,40.15372549019607,39.550980392156866,,,,39.43001782531194,,,
2024-09-11 04:56:01,,39.585767012687434,,,,39.45945845004668,,,
2024-09-11 04:57:02,40.130032679738555,39.55967704728951,,,,39.41792156862745,,,
2024-09-11 04:58:03,,39.54228373702423,,,,,,,
2024-09-11 04:59:04,40.11278431372549,39.55967704728951,,,,,,,
2024-09-11 05:00:06,40.093071895424835,39.56837370242216,,,,39.42053056516724,,,
2024-09-11 05:01:07,40.093071895424835,39.56837370242216,,,,39.45857843137255,,,
2024-09-11 05:02:08,40.093071895424835,39.615661764705884,,,,39.53126797385621,,,
2024-09-11 05:03:09,40.10539215686274,39.597181372549024,,,,,,,
2024-09-11 05:06:13,,,,,,39.48274509803922,39.38835294117648,,
2024-09-11 05:07:14,,,,,,39.427777777777784,,,
2024-09-11 05:09:17,,,39.445378151260506,,,,39.28486274509804,,
2024-09-11 05:10:18,,,39.42425770308124,,,,39.240509803921576,,
2024-09-11 05:11:20,,,39.434817927170876,,,,39.33593582887701,,
2024-09-11 05:12:21,,,39.42425770308124,,,,39.349376114082,,
2024-09-11 05:13:22,,,39.434817927170876,,,,39.29561497326204,,
2024-09-11 05:14:24,,,39.434817927170876,,,,,,
2024-09-11 05:15:25,,,39.413697478991594,,,,39.456898395721936,,
2024-09-11 05:16:26,,,39.445378151260506,,,,39.50169934640523,,
2024-09-11 05:17:27,,,39.434817927170876,,,,39.50169934640523,,
2024-09-11 05:19:30,,,39.44537815126052,,,,39.34153594771242,,
2024-09-11 05:21:33,,,39.434817927170876,,,,39.47705882352941,,
2024-09-11 05:22:34,39.99450980392157,,,,,,,,
2024-09-11 05:23:35,,,39.41369747899161,,,,,,
2024-09-11 05:27:40,,,39.42425770308125,,,,,,
2024-09-11 05:28:41,,,39.42425770308125,,,,,,
2024-09-11 05:29:42,39.87623529411765,38.959607843137256,,,,,,,
2024-09-11 05:30:44,,38.97439215686275,,,,,,,
2024-09-11 05:36:51,,,,,,,39.32100217864924,,
2024-09-11 05:38:54,,,,,,38.31895424836602,,,
2024-09-11 05:41:57,,38.900470588235294,,,,,,,
2024-09-11 05:42:58,,38.944823529411764,,,,,,,
2024-09-11 05:45:01,,38.88568627450981,,,,,,,
2024-09-11 05:46:02,,,,,,,39.13701960784314,,
2024-09-11 05:55:13,,38.99992869875223,,,,,,,
2024-09-11 05:56:15,,38.97304812834224,,,,,,,
2024-09-11 05:57:16,,38.996568627450976,,,,,,,
2024-09-11 06:03:24,,39.07333333333333,,,,38.76248366013072,,,
2024-09-11 06:09:31,40.012990196078434,,,,,,,,
2024-09-11 06:10:33,,,,,,,,,
2024-09-11 06:12:35,39.99450980392157,,,,,39.022969187675066,,,
2024-09-11 06:13:36,39.99450980392157,,,,,,,,
2024-09-11 06:14:38,39.98526960784313,,,,,39.01240896358543,,,
2024-09-11 06:15:39,39.98581314878892,,,,,39.022969187675066,,,
2024-09-11 06:16:40,39.95344226579521,,,,,39.0018487394958,,,
2024-09-11 06:17:42,39.80776057791538,,,,,39.0278431372549,,,
2024-09-11 06:18:43,39.75796078431373,,,,,38.99372549019608,,,
2024-09-11 06:19:44,39.755144724556494,,,,,38.948235294117644,,,
2024-09-11 06:20:46,39.77626517273576,,,,,38.95960784313725,,,
2024-09-11 06:21:47,39.76218487394958,39.43085784313726,,,,,,,
2024-09-11 06:23:49,39.76922502334268,,,,,,,,
2024-09-11 06:24:51,39.74586452762924,39.42284967320261,,,,38.948235294117644,,,
2024-09-11 06:25:52,39.75024722932651,39.43270588235294,,,,38.91736694677871,,,
2024-09-11 06:26:53,39.75667519181586,39.52141176470589,,,,38.81176470588235,,,
2024-09-11 06:27:55,39.74586452762924,39.62983006535948,,,,38.82313725490196,,,
2024-09-11 06:35:03,,39.62983006535948,,,,,,,
2024-09-11 06:36:04,,,,,,,,,
2024-09-11 06:37:05,,39.611856978085356,,,,,,,
2024-09-11 06:58:32,39.72839215686275,,,,,,,,
2024-09-11 06:59:33,39.7299484004128,,,,,,,,
2024-09-11 08:22:15,,,36.59411764705882,,,,,,
2024-09-11 08:23:16,39.58383442265796,,37.03764705882353,,,,,,
2024-09-11 08:26:20,39.5099128540305,39.658502673796804,,,,,,,
2024-09-11 08:28:22,,39.64097186700768,,,,,,,
2024-09-11 08:30:25,,39.668022875816995,,,,,,,
2024-09-11 08:33:29,,39.65570261437909,,,,,,,
2024-09-11 08:34:30,39.43270588235294,,,,,,,,
2024-09-11 08:35:32,39.38201680672269,39.55098039215687,,,,37.838464052287584,,,
2024-09-11 08:36:33,,39.503670588235295,,,,,,,
2024-09-11 08:37:34,,39.55689411764706,,,,,,,
2024-09-11 08:39:36,,39.57562091503269,,,,,,,
2024-09-11 08:40:38,39.3121568627451,39.47384484228474,,,,,,,
2024-09-11 08:41:39,,39.3645694799659,,,,37.28784313725491,,,
2024-09-11 08:42:40,39.28941176470589,39.248866155157714,,,,37.23829131652661,,,
2024-09-11 08:43:41,,39.20601307189543,,,,,,,
2024-09-11 08:44:43,,39.15476078431373,,,,37.254483660130724,,,
2024-09-11 08:45:44,,39.14156862745098,,,,,,,
2024-09-11 08:46:45,39.518126361655774,39.129353667392884,,37.77686274509804,,37.18549019607843,,,
2024-09-11 08:47:46,,39.101975308641975,,,,,,,
2024-09-11 08:48:48,,39.091023965141616,,,,37.19327141382868,,,
2024-09-11 08:49:49,,39.074596949891074,,,,37.12635294117647,,,
2024-09-11 08:50:50,39.440098039215684,39.11292665214234,,,,37.122128851540616,,,
2024-09-11 08:51:52,,39.04936974789916,,,,37.12500891265598,,,
2024-09-11 08:52:53,,38.98072829131653,,,,37.06452762923352,,,
2024-09-11 08:53:54,,38.89096638655463,,,,37.044075021312885,,,
2024-09-11 08:54:56,39.42425770308124,,,,,,,,
2024-09-11 08:55:57,39.59322128851541,,,,,,,,
2024-09-11 08:56:58,,38.827605042016806,,,,37.15000784313726,,,
2024-09-11 08:57:59,,38.78536414565827,,,,37.10269803921569,,,
2024-09-11 08:59:01,,38.732563025210084,,,,,,,
2024-09-11 09:00:02,,38.669201680672266,,,,37.06607843137255,,,
2024-09-11 09:01:03,,38.605840336134456,,,,37.10019607843137,,,
2024-09-11 09:02:04,,38.55831932773109,,,,37.10019607843137,,,
2024-09-11 09:03:06,,38.48967787114846,,,,37.10269803921568,,,
2024-09-11 09:04:07,,38.43687675070028,,,,37.09087058823529,,,
2024-09-11 09:05:08,,38.421036414565826,,,,37.11772875816994,,,
2024-09-11 09:06:09,,38.3840756302521,,,,37.076214833759586,,,
2024-09-11 09:07:10,,38.41575630252101,,,,37.06452762923351,,,
2024-09-11 09:08:12,39.99450980392157,38.37879551820729,,,,37.044687208216615,,,
2024-09-11 09:09:13,,38.35767507002801,38.16125490196079,,,37.06580765639588,37.30376470588235,,
2024-09-11 09:10:14,,38.32599439775911,38.10211764705882,,,37.02286274509804,37.09678431372549,,
2024-09-11 09:11:16,,38.32599439775911,,,,36.95983488132095,37.21505882352941,,
2024-09-11 09:12:17,39.99450980392157,38.33655462184874,,,,36.95205366357069,37.27419607843137,,
2024-09-11 09:13:18,,38.34711484593837,38.2943137254902,,,37.04542827657378,37.09678431372549,,
2024-09-11 09:14:19,,38.368235294117646,38.31279411764706,,,37.070501089324615,37.27419607843138,,
2024-09-11 09:15:21,,38.378795518207276,,,,37.070501089324615,,,
2024-09-11 09:16:22,36.00274509803921,38.389355742296914,,,,,,,
2024-09-11 09:18:25,,38.40519607843138,,,,,,,
2024-09-11 09:19:26,,38.421036414565826,,,,,,,
2024-09-11 09:20:27,,38.421036414565826,,,,,,,
2024-09-11 09:21:28,,38.39561365286855,,,,,,,
2024-09-11 09:22:30,,38.42846768336964,38.220392156862744,,,,,,
2024-09-11 09:23:31,,38.42509803921568,,,,,,,
2024-09-11 09:24:32,,38.45102745098039,,,,,,,
2024-09-11 09:25:33,,38.43599673202615,38.634352941176466,,,37.616699346405234,,,
2024-09-11 09:26:35,,38.45822676896846,,,,,,,
2024-09-11 09:27:36,,,39.058169934640524,,,,,,
2024-09-11 09:29:38,,,39.15180392156863,,,,,,
2024-09-11 09:30:40,,38.696061381074166,39.15180392156863,,,38.02819607843137,,,
2024-09-11 09:31:41,,38.724402852049906,,,,,,,
2024-09-11 09:32:42,,38.79064425770308,,,,,,,
2024-09-11 09:34:45,,38.79698039215687,,,,,,,
2024-09-11 09:38:50,,38.79698039215687,,,,38.368235294117646,,,
2024-09-11 09:39:51,,38.83510835913313,,,,38.41751633986928,,,
2024-09-11 09:43:56,,38.86925925925926,,,,38.41751633986928,,,
2024-09-11 09:44:58,40.73372549019608,,,,,,,,
2024-09-11 09:45:59,,,,,,,,,
2024-09-11 09:48:02,38.9004705882353,,39.30078431372549,,,,39.40313725490197,,
2024-09-11 09:49:03,39.04831372549019,,,,,,,,
2024-09-11 09:50:04,,,39.289411764705875,,,,,,
2024-09-11 09:51:06,,,39.35385620915032,,,,39.69882352941177,,
2024-09-11 09:52:07,38.7526274509804,,,,,38.51607843137255,,,
2024-09-11 09:53:08,38.989176470588234,39.120891265597145,39.40313725490196,,,38.66392156862746,39.40313725490197,,
2024-09-11 09:54:10,,39.188092691622096,,,,,,,
2024-09-11 09:56:12,,,39.47705882352941,,,,,,
2024-09-11 09:57:13,,,39.48274509803922,,,,,,
2024-09-11 09:59:16,,,39.48274509803922,,,,,,
2024-09-11 10:01:18,,39.550980392156866,,,,,,,
2024-09-11 10:03:20,,,,,,,,,
2024-09-11 10:04:22,,,39.52823529411765,,,,,,
2024-09-11 10:06:24,,,39.49411764705883,,,,39.14969187675071,,
2024-09-11 10:07:26,,,,,,,,,
2024-09-11 10:08:27,39.653333333333336,,,,,,,,38.63106753812636
2024-09-11 10:09:28,,,,,,,,,38.598213507625275
2024-09-11 10:10:29,,,,,,,,,38.63106753812636
2024-09-11 10:11:31,,,,,,,,,38.61464052287582
2024-09-11 10:12:32,,,,,,,,,38.598213507625275
2024-09-11 10:14:35,,,39.32921568627451,,36.741960784313726,,,,
2024-09-11 10:15:36,40.01093681917211,,39.23886710239651,,,,39.84666666666666,,38.66392156862746
2024-09-11 10:16:37,39.99450980392157,,39.23886710239651,,,,39.99450980392157,,38.79832442067737
2024-09-11 10:17:39,40.01093681917211,,39.10745098039216,,,,39.55098039215687,,
2024-09-11 10:18:40,40.0437908496732,,,,,,,,38.84872549019608
2024-09-11 10:19:41,40.0437908496732,,,,,,,,38.8856862745098
2024-09-11 10:20:43,40.0437908496732,,,,,,,,
2024-09-11 10:22:45,,39.267614379084975,,,,38.51607843137254,,,
2024-09-11 10:23:46,40.093071895424835,39.242973856209154,,,,38.600560224089634,,,
2024-09-11 10:24:48,40.0437908496732,39.15294117647059,,,,38.537198879551816,,,
2024-09-11 10:25:49,40.0437908496732,39.07577030812325,,38.66392156862745,,38.55831932773109,,,
2024-09-11 10:26:50,,39.16658823529412,,,,38.57943977591036,,,
2024-09-11 10:27:52,,39.10745098039216,,,,38.51607843137254,,,
2024-09-11 10:28:53,,38.97700115340255,,,,,,,
2024-09-11 10:30:55,,38.85283224400872,,,,,,,
2024-09-11 10:31:57,,38.827327141382874,,,,38.28375350140056,,,
2024-09-11 10:46:14,,,,,,,,,39.20601307189543
2024-09-11 10:47:16,,,,,,,,,39.1961568627451
2024-09-11 10:48:17,,,,,,,,,39.69882352941177
2024-09-11 10:53:23,,38.78488413547238,,,,,,,
2024-09-11 10:54:25,,38.81176470588236,,,,,,,
2024-09-11 10:55:26,,38.82408496732026,,,,,,,
2024-09-11 10:59:31,,38.84724705882353,,,,,,,
2024-09-11 11:03:36,,,39.25529411764706,,,,,,
2024-09-11 11:05:39,,38.87681568627451,,,,,,,
2024-09-11 11:06:40,,38.84256535947713,,,,,,,
2024-09-11 11:07:42,,38.84872549019608,,,,,,,
2024-09-11 11:08:43,,38.9534477124183,,,,,,,
2024-09-11 11:09:44,,39.033529411764704,,,,,,,
2024-09-11 11:10:46,,39.04959931798806,,,,,,,
2024-09-11 11:12:48,,38.99174765558398,,,,,,,
2024-09-11 11:13:50,,38.952887700534774,,,,,,,
2024-09-11 11:14:51,,38.952887700534774,,,,,,,
2024-09-11 11:17:54,,,,,,40.29019607843138,40.29019607843138,,
2024-09-11 11:18:56,,38.9210400682012,,,,,,,
2024-09-11 11:19:57,,38.88568627450981,,,,,,,
2024-09-11 11:20:59,,38.87224598930482,,,,,,,
2024-09-11 11:22:00,,38.865525846702326,39.25529411764706,,,,,,
2024-09-11 11:24:03,,38.85208556149734,,,,,,,
2024-09-11 11:29:09,,38.83192513368985,,,,,,,
2024-09-11 11:36:18,,,,,,,,,
2024-09-11 11:52:39,,,,,,,,,
2024-09-11 11:54:41,,38.88957688338494,,,,39.21305322128852,,,
2024-09-11 11:55:42,,38.93496732026145,,,,39.21305322128852,,,
2024-09-11 12:01:50,39.79738562091504,,,,,,,,
2024-09-11 12:10:00,39.72346405228759,39.10745098039216,,,,39.36089635854342,,,
2024-09-11 12:12:03,39.7481045751634,,,,,,,,
2024-09-11 12:13:04,39.7481045751634,,,,,,,,
2024-09-11 12:14:06,39.7481045751634,,,,,,,,
2024-09-11 12:16:08,,39.34627450980392,,,,,,,
2024-09-11 12:19:12,,,39.99450980392157,,,,,,
2024-09-11 12:22:16,,39.403137254901964,38.959607843137256,,,39.18137254901961,,,
2024-09-11 12:23:17,,39.40313725490196,,,,39.25529411764706,,,
2024-09-11 12:24:19,,39.46884531590414,,,,39.35385620915033,,,
2024-09-11 13:54:12,,,,,40.14235294117647,,,,
2024-09-11 14:04:25,39.58383442265795,,,,,,,,
2024-09-11 14:05:26,39.501699346405225,,,,,,,,
2024-09-11 14:07:29,,,,,,,,,38.72728291316527
2024-09-11 14:08:30,,,,,,,,,38.68504201680672
2024-09-11 14:09:31,,,,,,,,,38.811764705882354
2024-09-11 14:10:32,,,,,,,,,38.830245098039214
2024-09-11 14:11:34,,,,,,,,,38.811764705882354
2024-09-11 14:12:35,,,,,,,,,38.830245098039214
2024-09-11 14:13:36,,,,,,,,,38.77480392156863
2024-09-11 14:14:38,,,,,,,,,38.79328431372549
2024-09-11 14:32:00,39.40313725490197,,39.7604248366013,,,,,,
2024-09-11 14:33:01,39.69882352941177,,39.712263814616755,,,,,,
2024-09-11 14:34:03,38.51607843137255,,39.86010695187165,,,,,,
2024-09-11 14:38:08,,,39.90042780748663,,,,,,
2024-09-11 14:41:12,,,39.69882352941176,,,,,,
2024-09-11 14:42:13,,,39.49411764705882,,,,,,
2024-09-11 14:43:14,,,39.47705882352941,,,,,,
2024-09-11 14:47:19,,,39.38342483660131,,,,,,
2024-09-11 14:49:22,,,39.37356862745098,,,,,,
2024-09-11 14:50:23,,,39.3846568627451,,,,,,
2024-09-11 14:51:24,,,39.3248673587082,,,,37.990413943355115,,
2024-09-11 15:00:36,,,,,,,38.006840958605665,,
2024-09-11 15:02:39,,,,,,,37.990413943355115,,
2024-09-11 15:17:58,,,,,,,37.895137254901954,,
2024-09-11 15:28:11,,,,,,,38.04566844919786,,
2024-09-11 15:32:16,,,,,,39.69882352941177,,,
2024-09-11 15:34:18,,,,,,,37.838464052287584,,
2024-09-11 16:17:12,,,38.80437254901961,,,,,,
2024-09-11 16:18:14,40.14235294117647,,,,,,,,
2024-09-11 16:19:15,,,38.959607843137256,,,,,,
2024-09-11 16:20:16,,,38.93003921568628,,,,37.67830065359477,,
2024-09-11 16:21:18,,,38.782196078431376,,,,,,
2024-09-11 16:22:19,,,38.77480392156863,,36.29843137254902,,,,
2024-09-11 16:23:20,,,,,,,37.690620915032675,,
2024-09-11 16:24:21,,,38.27486068111455,,,,37.715261437908495,,
2024-09-11 16:25:22,,,38.228605664488015,,,,,,
2024-09-11 16:26:23,,,37.9657734204793,,,,,,
2024-09-11 16:29:27,38.07254901960785,,38.10540305010893,,,,,,
2024-09-11 16:30:28,38.811764705882354,,38.06433551198257,,,,37.48117647058824,,
2024-09-11 16:31:30,,,38.14647058823529,,,,37.333333333333336,,
2024-09-11 16:32:31,,,,,,39.25529411764706,,,
2024-09-11 16:34:34,,39.28486274509804,38.176039215686274,,,,37.49760348583878,,
2024-09-11 16:35:35,39.40313725490197,,,,,38.22039215686274,,,
2024-09-11 16:37:37,,,37.91692466460269,,,,,,
2024-09-11 16:38:39,,,37.95583075335398,,,,,,
2024-09-11 16:40:41,,,37.98220043572985,,,,,,
2024-09-11 16:41:42,,,38.02906574394464,,,,,,
2024-09-11 16:42:43,,,37.92470588235294,,,,,,
2024-09-11 16:48:51,,,,,,,,,
2024-09-11 16:49:52,,39.16121212121213,,,,38.51607843137255,,,
2024-09-11 16:51:55,,38.922647058823536,,,,,,,
2024-09-11 16:54:59,,,38.05142857142857,,,,,,
2024-09-11 18:03:25,,,,,35.26352941176471,,,,
2024-09-11 18:31:00,,,,,,,37.244627450980396,,
2024-09-11 18:32:01,,39.021209150326804,,,,,,,
2024-09-11 18:33:03,,39.00509803921569,38.25450980392157,,,,38.07254901960785,,
2024-09-11 18:34:04,,,38.402352941176474,,,,,,
2024-09-11 18:36:06,38.66392156862745,39.0088888888889,,,37.18549019607843,,,,
2024-09-11 18:39:10,,39.12089126559715,,,,38.36823529411765,,,
2024-09-11 18:41:13,,39.13433155080214,,,,,,,
2024-09-11 18:42:14,,39.06713012477719,,,,,,,
2024-09-11 18:43:15,38.959607843137256,38.94616755793227,,,,,,,
2024-09-11 18:45:18,,39.16121212121213,,,,,,,
2024-09-11 18:49:23,39.69882352941177,,38.491437908496735,,,,38.811764705882354,,
2024-09-11 18:57:33,,,,,38.36823529411765,,,,
2024-09-11 19:02:39,,,,,,,,39.55098039215687,
2024-09-11 19:07:46,,,,38.51607843137255,,,,,
2024-09-11 19:11:51,,,39.22117647058823,,,,,,
2024-09-11 19:12:53,,,39.25529411764706,,,,,,
2024-09-11 19:13:54,,,39.35033613445378,,,,,,
2024-09-11 19:14:55,,38.54893246187365,,,,37.629019607843134,,,
2024-09-11 19:16:58,,,,39.55098039215687,38.811764705882354,38.51607843137255,,,
2024-09-11 19:23:05,,,,,,38.07254901960785,,,
2024-09-11 19:35:21,,,39.294718954248374,,,,,,
2024-09-11 19:36:22,,,39.319975490196086,,,,,,
2024-09-11 19:37:23,,,39.319975490196086,,,,,,
2024-09-11 19:38:24,,,,,,,38.07254901960785,,
2024-09-11 19:44:32,,,39.32921568627451,,,,,,
2024-09-11 19:46:34,,,39.29225490196079,,,,38.33866666666667,,
2024-09-11 19:47:35,,,39.324287581699345,,,,,,
2024-09-11 19:49:38,,,39.35385620915033,,,,,,
2024-09-11 19:50:39,,,,,,,40.29019607843138,,
2024-09-11 19:51:41,,,39.31443137254902,,,,,,
2024-09-11 20:02:54,38.811764705882354,,,,,,,,
2024-09-11 20:10:03,,,39.22117647058824,,,,,,
2024-09-11 20:11:04,,,38.97098039215687,,,,,,
2024-09-11 20:17:12,,,39.01647058823529,,,,,,
2024-09-11 20:19:14,,,,,,,38.456941176470586,,
2024-09-11 20:20:15,,,38.959607843137256,,,,38.456941176470586,,
2024-09-11 20:24:20,,,38.811764705882354,,,,,,
2024-09-11 20:25:22,41.32509803921569,,,,,,,,
2024-09-11 20:34:33,39.99450980392157,,,,,,,,
2024-09-11 20:36:35,40.585882352941184,,,,,37.4996568627451,,,
2024-09-11 20:37:37,,39.235581699346405,,,,,,,
2024-09-11 20:39:39,40.438039215686274,39.34769607843137,,,,37.30047930283225,,,
2024-09-11 20:40:41,,39.394440599769325,,,,,,,
2024-09-11 20:41:42,,,,,,37.00807843137255,,,
2024-09-11 20:42:43,,38.920701754385966,,,,37.12635294117648,,,
2024-09-11 21:20:31,,38.826549019607846,,,,37.03764705882354,,,
2024-09-11 21:21:32,,38.959607843137256,,,,37.158609625668454,,,
2024-09-11 21:29:42,,38.959607843137256,38.43159663865547,,,37.57973856209151,35.26352941176471,,
2024-09-11 21:30:43,,38.872245989304815,,,,37.8678431372549,,,
2024-09-11 21:33:47,,38.845365418894836,37.776862745098036,,,,,,
2024-09-11 21:34:48,,39.062455242966756,,,,,,,
2024-09-11 21:35:50,,38.84872549019608,39.10745098039216,,,,,,
2024-09-11 21:36:51,,38.86498823529412,37.03764705882353,,,,,,
2024-09-11 21:37:52,,,,,,,,,
2024-09-11 21:38:54,,38.823592156862745,,,,37.94582633053221,34.82,,
2024-09-11 21:39:55,,38.912298039215685,,,,37.77686274509804,34.82,,
2024-09-11 21:40:56,,38.70088235294117,,,,,34.08078431372549,,
2024-09-11 21:42:59,,38.72820119352089,,,,37.38613445378151,,,
2024-09-11 21:47:04,,,,,,,,,
2024-09-11 21:48:05,,38.85208556149733,,,,,,,
2024-09-11 21:49:07,,38.79160427807487,,,,,,,
2024-09-11 21:50:08,,38.62168067226891,,,,36.75428104575165,,,
2024-09-11 21:51:09,39.99450980392157,38.678001867413634,,,,36.66131907308378,,,
2024-09-11 21:54:13,,38.783604108309994,,,,,,,
2024-09-11 21:55:14,39.772745098039216,,,,,,,,
2024-09-11 21:56:15,,38.545647058823526,,,,,,,
2024-09-11 21:57:17,,38.774803921568626,,,,,,,
2024-09-11 21:58:18,,38.79698039215687,,,,37.266131907308385,,,
2024-09-11 22:03:24,,,31.419607843137257,,,,,,
2024-09-11 22:11:35,,,36.88980392156863,,,,,,
2024-09-11 22:17:42,,,,,,,37.629019607843134,,
2024-09-11 23:11:49,,,,,,,,,
2024-09-11 23:46:32,,,,,,38.56887955182073,,,
2024-09-11 23:54:42,39.8023137254902,,,,,,,,
2024-09-11 23:55:44,,,,,,,,,
2024-09-11 23:56:45,,39.12962745098039,,,,38.86720588235295,,,
2024-09-11 23:58:47,,,39.84666666666666,,,,,,
2024-09-12 00:12:04,,39.24790196078432,,,,,,,38.22039215686274
2024-09-12 00:13:05,39.780958605664495,39.358784313725494,,,,,,,
2024-09-12 00:14:07,39.780958605664495,,,,,,,,39.84666666666666
2024-09-12 00:17:11,,39.52141176470589,,,,,,,
2024-09-12 00:18:12,,39.51985552115584,,,,38.90513931888546,,,
2024-09-12 00:19:13,,39.60026143790851,,,,38.99656862745099,,,
2024-09-12 00:20:14,39.754264705882356,39.81381263616558,,,,39.085274509803924,,,
2024-09-12 00:21:16,39.754264705882356,39.764531590413945,,,,39.14265172735761,,,
2024-09-12 00:22:17,39.71730392156863,39.75329205366358,,,,39.065210084033616,,,
2024-09-12 00:23:18,39.754264705882356,39.765352941176474,,,,39.07225023342671,,,
2024-09-12 00:25:21,,39.78330532212886,,,,39.480578898225964,,,
2024-09-12 00:26:22,,39.73914438502675,,,,39.45945845004669,,,
2024-09-12 00:32:30,,,,,,39.47033868092692,39.40313725490197,,
2024-09-12 00:33:31,,39.70498366013072,,,,39.42329768270945,,,
2024-09-12 00:34:32,,39.7481045751634,,,,39.42425770308124,,,
2024-09-12 00:35:33,,39.77570196078432,,,,39.4972192513369,,,
2024-09-12 00:36:35,,39.72247843137256,,,,39.47033868092692,,,
2024-09-12 00:38:37,,39.740219607843144,,,,39.51884057971015,,,
2024-09-12 00:55:59,,,,,,39.48670076726343,,,
2024-09-12 00:57:00,,,,,,39.48670076726343,,,
2024-09-12 00:58:02,,,,,,39.456898395721936,,,
2024-09-12 00:59:03,,39.75,,,,,,,
2024-09-12 01:00:04,,,,,,,,,
2024-09-12 01:03:08,,39.72725490196078,,,,,,,
2024-09-12 01:04:09,,39.716564705882355,,,,,,,
2024-09-12 01:05:10,,39.68699607843137,,,,39.382976827094474,,,
2024-09-12 01:06:11,,39.69882352941176,,,,39.45945845004668,,,
2024-09-12 01:07:12,,39.67418300653595,,,,39.452418300653584,,,
2024-09-12 01:08:14,,,,,,,,,
2024-09-12 01:09:15,,39.67194295900178,,,,,,,
2024-09-12 01:10:16,,39.66362278244632,,,,39.484450980392154,,,
2024-09-12 01:11:17,,39.64707843137254,,,,,,,
2024-09-12 01:12:19,,39.636573787409695,,,,39.5431991744066,,,
2024-09-12 01:13:20,,39.5821052631579,,,,,,,
2024-09-12 01:14:21,,39.5821052631579,,,,,,,
2024-09-12 01:15:23,,39.55876160990712,,,,,,,
2024-09-12 01:16:24,,39.62101135190918,,,,39.72839215686274,,,
2024-09-12 01:17:25,,39.616688453159036,,,,39.63546218487396,,,
2024-09-12 01:18:27,,39.616688453159036,,,,39.471372549019605,,,
2024-09-12 01:19:28,,,,,,39.49411764705883,,,
2024-09-12 01:20:29,,39.54228373702423,,,,39.42588235294118,,,
2024-09-12 01:28:40,,39.49553921568628,,,,,,,
2024-09-12 01:30:42,,,,,,39.510659536541894,,,
2024-09-12 01:31:43,,,,,,39.49184313725491,,,
2024-09-12 02:39:07,,,,,,39.52409982174689,,,
2024-09-12 02:42:12,40.29019607843138,,,,,,,,
2024-09-12 02:43:13,,,,,,,,,34.08078431372549
2024-09-12 02:45:15,,,,,,39.61818181818182,,,
2024-09-12 02:48:19,40.27171568627451,39.41657754010695,39.456898395721936,,,,,,
2024-09-12 02:49:20,,,39.47705882352942,,,,,,
2024-09-12 02:50:22,,,39.50549019607843,,,,,,
2024-09-12 02:51:23,,,39.5298599439776,,,,,,
2024-09-12 02:52:25,,,39.541124183006545,,,,,,
2024-09-12 02:53:26,,,39.523259803921576,,37.629019607843134,,,,
2024-09-12 02:54:27,40.24795518207283,39.314431372549016,39.516193771626305,,37.48117647058824,,,,
2024-09-12 02:56:30,,,39.5427668845316,,39.10745098039216,,,,
2024-09-12 02:57:31,40.2373949579832,,,,,,,,
2024-09-12 02:58:32,40.2373949579832,,,,,,,,
2024-09-12 02:59:34,40.2373949579832,,,,,,,,
2024-09-12 03:00:35,,39.28486274509804,,,,39.84666666666666,,,
2024-09-12 03:01:36,,,,,,39.99450980392157,38.91032679738562,,
2024-09-12 03:02:37,,,39.56442067736186,,,,,,
2024-09-12 03:03:38,40.27882352941177,39.40313725490196,39.58458110516935,,,,,,
2024-09-12 03:05:41,40.327156862745106,,39.55770053475937,,37.48117647058824,,,,
2024-09-12 03:06:43,40.37083778966132,,39.53081996434939,,,,,,
2024-09-12 03:07:44,40.31707664884136,,39.522819794584514,,37.92470588235294,,,,
2024-09-12 03:08:45,40.277875816993465,,39.52141176470589,,,,,,
2024-09-12 03:09:46,40.302516339869285,,39.51401960784314,,,,,,
2024-09-12 03:10:48,40.29019607843137,,39.46966666666667,,,,,,
2024-09-12 03:11:49,40.30156862745098,,39.44982456140351,,,,38.748403361344536,,
2024-09-12 03:12:50,,39.90580392156863,39.42648090815273,,,,38.600560224089634,,
2024-09-12 03:13:51,,,39.411350762527235,,,,,,
2024-09-12 03:14:52,,39.88698752228164,39.411350762527235,,,,,,
2024-09-12 03:22:01,,,,,,,38.53719887955183,,
2024-09-12 03:23:02,,,39.40313725490197,,,,38.5583193277311,,
2024-09-12 03:24:04,,,39.48094943240454,,,,38.685042016806726,,
2024-09-12 03:27:07,,39.860106951871664,,,,,,,
2024-09-12 04:45:45,,39.860106951871664,,,,,,,
2024-09-12 04:49:50,,,,,,,,,
2024-09-12 04:51:52,,39.905803921568626,39.50429308565532,,,,,,
2024-09-12 04:52:54,,,,,,,,,
2024-09-12 04:54:56,,39.87623529411765,,,,,,,
2024-09-12 04:55:58,,,39.33310629514963,,,,,,
2024-09-12 04:56:59,,,,,,,,,
2024-09-12 05:46:01,40.438039215686274,39.87623529411765,,,,,,,
2024-09-12 05:48:04,,39.817098039215686,39.09923747276688,,,,,,
2024-09-12 05:49:05,,39.879520697167756,,,,,,,
2024-09-12 05:51:07,39.99450980392157,,,,,,,,
2024-09-12 05:53:10,,,38.74605664488018,,,,,,
2024-09-12 05:54:11,,,38.77891067538127,,,,,,
2024-09-12 06:06:27,,40.012990196078434,,,,,,,
2024-09-12 06:16:39,,,38.594348327566316,,,,,,
2024-09-12 06:17:41,39.88890756302521,,38.589999999999996,,,,,,
2024-09-12 06:18:42,,,38.57054695562435,,,39.84666666666666,,,
2024-09-12 06:22:47,,,,,,37.03764705882353,37.03764705882353,,
2024-09-12 06:56:29,,,38.5627657378741,,32.45450980392157,,,,
2024-09-12 06:58:32,,,38.582607843137254,,37.03764705882353,,,,39.55098039215687
2024-09-12 07:01:36,,,38.65688141923436,,,,,,
2024-09-12 07:02:37,,,,,,39.69882352941177,,,
2024-09-12 07:06:43,,,38.89624649859944,,,,,,
2024-09-12 07:08:45,,,38.85880570409982,,,,,,
2024-09-12 07:11:49,,,,,,,36.741960784313726,,
2024-09-12 07:14:52,,,38.959607843137256,,,,37.48117647058824,,
2024-09-12 07:16:54,,,38.83747655583973,,,,,,
2024-09-12 07:18:57,39.88362745098039,,,,,,,,
2024-09-12 07:19:59,39.88362745098039,,,,,,,,
2024-09-12 07:21:00,39.9760294117647,,38.95960784313726,,,,,,
2024-09-12 07:22:01,39.945228758169925,,38.94032395566923,,,,,,
2024-09-12 07:23:02,,,38.94675191815857,,,,,,
2024-09-12 07:24:04,,,38.978891730605284,,,,,,
2024-09-12 07:25:05,39.90210784313726,,,,,,,,
2024-09-12 07:30:12,,,38.98424836601307,,,,,,
2024-09-12 07:31:13,,,39.00888888888889,,,,,,
2024-09-12 07:32:14,39.8836274509804,,39.05200980392157,,,,,,
2024-09-12 07:33:16,,,39.08970980392157,,,,36.88980392156863,,
2024-09-12 07:34:17,,,39.1961568627451,,,,,,
2024-09-12 07:35:18,39.8836274509804,40.14235294117647,39.26712156862745,,,,,,
2024-09-12 07:37:21,,39.69882352941177,,,,,,,
2024-09-12 07:38:22,,,39.42161764705882,,,,,,
2024-09-12 07:42:27,,,,,,,,,
2024-09-12 07:43:28,,,39.32034509803921,,,,,,
2024-09-12 07:44:30,,,39.32921568627451,,,,,,
2024-09-12 07:45:31,39.93537254901961,,39.386078431372546,,,,,,
2024-09-12 07:46:32,,,39.44453333333333,,,,,,
2024-09-12 07:47:34,,,39.507859477124185,,,,39.69882352941176,,
2024-09-12 07:48:35,,,39.58312020460358,,,,,,
2024-09-12 07:49:36,,,39.58954816709292,,,,,,
2024-09-12 07:50:38,,,39.564420677361845,,,,,,
2024-09-12 07:51:39,,,39.5228197945845,,,,39.6803431372549,,
2024-09-12 07:52:40,,,39.50662745098039,,,,,,
2024-09-12 07:54:43,,39.639686274509806,39.40313725490196,,,,39.883627450980384,,
2024-09-12 07:55:44,,,39.3408875128999,,,,39.865147058823524,,
2024-09-12 07:57:47,,,,,,,,,
2024-09-12 08:00:51,,39.550980392156866,,,,,,,
2024-09-12 08:01:52,,39.550980392156866,,,,,,,
2024-09-12 08:03:55,,,39.368350634371396,,,,,,
2024-09-12 08:04:56,,,39.338455882352946,,,,39.71730392156863,,
2024-09-12 08:05:57,,,39.32428758169934,,,,39.75426470588235,,
2024-09-12 08:06:58,,,,,,,39.56946078431372,,
2024-09-12 08:08:00,,,,,,,,,
2024-09-12 08:11:03,,39.18137254901961,,,,,,,
2024-09-12 08:15:08,,39.05058823529412,,,,,,,
2024-09-12 08:16:10,,39.02296918767507,,,,,,,
2024-09-12 08:18:12,,38.9398954248366,,,,,,,
2024-09-12 08:23:18,,,,,,,,,
2024-09-12 08:26:22,,,38.97808823529412,,,37.92470588235294,,,
2024-09-12 08:27:23,,,,,,,,,39.10745098039216
2024-09-12 08:30:27,,,,,,,,38.36823529411765,
2024-09-12 08:31:28,,,,36.00274509803921,,,,,
2024-09-12 08:32:29,,,,,36.29843137254902,,,,
2024-09-12 08:33:31,,38.968848039215686,,,,,,,
2024-09-12 08:34:32,37.48117647058824,,,,,,,,
2024-09-12 08:35:33,,38.91612456747404,,40.73372549019608,,38.146470588235296,,,
2024-09-12 08:36:34,,38.90742791234141,,,,,,,
2024-09-12 08:38:37,38.870901960784316,38.92482122260669,,36.59411764705882,,,,,
2024-09-12 08:39:38,,38.84461873638344,,,,38.006840958605665,,,
2024-09-12 08:40:39,,38.85524798154557,,,,,,,
2024-09-12 08:42:42,,38.707404844290664,,,,38.08733333333333,,,
2024-09-12 08:43:43,,38.637831603229536,,35.70705882352941,,,,,
2024-09-12 08:44:44,,38.489988465974626,,,,38.08733333333333,,,
2024-09-12 08:46:47,,,38.756323529411766,,,,,34.37647058823529,
2024-09-12 08:47:48,,,38.854005602240896,,38.51607843137255,,,35.70705882352941,
2024-09-12 08:48:49,,,,,38.36823529411765,,,,
2024-09-12 08:49:50,39.21305322128851,38.56782352941177,,,,,,,
2024-09-12 08:50:52,39.18630065359477,38.55127917833801,,,,,,,
2024-09-12 08:51:53,39.153651960784316,,,,,,,,
2024-09-12 08:52:54,,38.54967914438503,38.811764705882354,,36.00274509803921,,,,
2024-09-12 08:53:56,,,38.811764705882354,,,37.80971677559913,,,
2024-09-12 08:54:57,,,,,,37.98014705882353,,,
2024-09-12 08:55:58,,,,,,37.99862745098039,,,
2024-09-12 08:57:00,,38.683205456095486,38.811764705882354,,,37.96166666666666,,,
2024-09-12 08:58:01,39.364231166150674,,38.790644257703086,,37.629019607843134,37.96694677871149,,,
2024-09-12 08:59:03,,38.683205456095486,38.81176470588236,,,,,,
2024-09-12 09:00:04,39.410177404295055,38.702489343563514,,,,,,,
2024-09-12 09:01:05,39.43673796791444,38.76034100596762,,,,,,,
2024-09-12 09:02:06,39.47384484228474,38.786052855924986,38.854005602240896,,,,,,
2024-09-12 09:03:08,39.45456095481671,38.79944444444445,,,,,,,
2024-09-12 09:04:09,39.47705882352941,38.793284313725486,,,,,,,
2024-09-12 09:05:11,39.53915294117647,38.76864379084967,,,,,,,
2024-09-12 09:06:12,39.580549019607844,38.78605285592498,,,,,,,
2024-09-12 09:07:13,39.627858823529415,38.79832442067736,,,,,,,
2024-09-12 09:08:14,39.639686274509806,38.69208216619981,,,,,,,
2024-09-12 09:10:17,,38.65652941176471,,,,,,,
2024-09-12 09:11:19,39.72725490196079,38.64913725490196,,,,,,,
2024-09-12 09:12:20,39.676920842411036,,,,,,,,
2024-09-12 09:13:21,39.667142857142856,,,,,,,,
2024-09-12 09:14:22,39.730504201680674,38.67170278637771,,,,,,,
2024-09-12 09:15:24,39.72522408963585,38.67948400412796,,,,,,,
2024-09-12 09:16:25,39.79386554621849,38.68034858387799,,,,,,,
2024-09-12 09:17:26,39.830826330532204,38.68131487889273,,,,,,,
2024-09-12 09:18:28,39.85194677871148,38.7101225490196,,,,,,,
2024-09-12 09:19:29,,38.742771241830056,,,,,,,
2024-09-12 09:20:30,39.862507002801124,,,,,,,,
2024-09-12 09:21:32,39.84666666666667,,,,,,,,
2024-09-12 09:22:33,39.906899055918664,,,,,,,,
2024-09-12 09:23:34,39.92058823529412,,,,,,,,
2024-09-12 09:24:36,40.01156862745098,,,,,,,,
2024-09-12 09:25:37,40.09117647058823,,,,,,,,
2024-09-12 09:27:39,40.16973129992738,,,,,,,,
2024-09-12 09:28:41,,,,,,,,,
2024-09-12 09:30:43,40.32305010893246,,,,,,,,
2024-09-12 09:31:45,40.33947712418301,,,,,,,,
2024-09-12 09:32:46,40.4325635439361,,,,,,,,
2024-09-12 09:33:47,40.470893246187366,,,,,,,,
2024-09-12 09:34:49,40.498271604938274,,,,,,,,
2024-09-12 09:35:50,40.56397966594045,,,,,,,,
2024-09-12 09:37:53,40.596833696441536,,,,,,,,
2024-09-12 09:38:54,,,,,,,,,
2024-09-12 09:51:09,,38.811764705882354,,,,,,,
2024-09-12 09:52:11,40.675644257703084,38.811764705882354,,,,,,,
2024-09-12 09:53:12,,,39.99450980392157,,,,,,
2024-09-12 09:54:13,40.700871459694994,,,,,,,,
2024-09-12 09:55:15,40.70529411764706,,,,,,40.438039215686274,,
2024-09-12 09:56:16,40.7041568627451,,,,,,,,
2024-09-12 09:57:17,40.73372549019608,,,,,,,,
2024-09-12 09:58:18,40.83657289002558,,,,,,,,
2024-09-12 09:59:20,40.92188948306596,,,,,,,,
2024-09-12 10:00:21,40.91516934046346,,,,,,,,
2024-09-12 10:01:22,40.94877005347593,,,,,,,,
2024-09-12 10:03:25,40.955490196078436,,,,,,,,
2024-09-12 10:04:26,40.94877005347594,,,,,,,,
2024-09-12 10:05:27,40.94877005347594,,,,,,,,
2024-09-12 10:06:29,40.90844919786096,,,,,,,,
2024-09-12 10:07:30,40.98909090909091,,,,,,,,
2024-09-12 10:08:31,40.96513213981245,,,,,,,,
2024-09-12 10:10:34,40.93299232736573,,,,,,,,
2024-09-12 10:13:38,,39.40313725490197,,,,40.438039215686274,,,
2024-09-12 10:14:39,,39.25529411764706,,,,,,,
2024-09-12 10:15:40,,38.959607843137256,,,,,,,
2024-09-12 10:16:41,,39.40313725490197,,,,40.438039215686274,40.438039215686274,,
2024-09-12 10:17:43,,,,,,,40.585882352941184,,
2024-09-12 10:22:50,,,,,,41.02941176470589,,,
2024-09-12 10:23:51,40.733725490196086,39.639686274509806,,,,,,,
2024-09-12 10:24:52,40.70801364023871,,,,,,,,
2024-09-12 10:25:53,40.675873827791996,,,,,,,,
2024-09-12 10:26:55,40.61276292335116,,,,,,,,
2024-09-12 10:27:56,40.592922502334275,,,,,,,,
2024-09-12 10:28:57,40.57109803921569,,,,,,,,
2024-09-12 10:29:58,40.531413828689374,,,,,,,,
2024-09-12 10:31:00,40.50028895768835,,,,,,,,
2024-09-12 10:32:01,40.487320261437915,,,,,,,,
2024-09-12 10:33:02,40.38875816993464,,,,,,,,
2024-09-12 10:34:04,,,,,,,,,
2024-09-12 10:35:05,40.35244582043343,,,,,,,,
2024-09-12 10:36:06,40.37578947368421,,,,,,,,
2024-09-12 10:37:08,40.35244582043343,,,,,,,,
2024-09-12 10:38:09,,,,,,39.867787114845946,,,
2024-09-12 10:39:10,40.37150980392157,,,,,,,,
2024-09-12 10:40:12,40.3271568627451,,,,,,,,
2024-09-12 10:41:13,40.329102167182654,39.81709803921569,,,,39.86778711484594,,,
2024-09-12 10:42:14,,39.95418894830661,40.585882352941184,,,,,,
2024-09-12 10:43:15,,39.99450980392158,40.438039215686274,,,,,,
2024-09-12 10:44:17,,39.482745098039224,,,,39.05816993464052,,,
2024-09-12 10:45:18,,39.19193277310925,40.438039215686274,,,39.25529411764706,,,
2024-09-12 10:46:19,40.30005228758171,,,,37.18549019607843,,,,
2024-09-12 10:47:20,,,,,36.88980392156863,,,,
2024-09-12 10:48:22,40.36980392156863,,,,,,,,
2024-09-12 10:52:27,40.327156862745106,,,,,,,,
2024-09-12 10:54:29,,,,,,38.93003921568628,,,
2024-09-12 10:56:32,,39.13701960784314,,,,38.95960784313725,,,
2024-09-12 10:58:34,,39.18630065359478,,,,,,,
2024-09-12 10:59:36,40.0437908496732,39.125931372549026,,,,38.95960784313725,,,
2024-09-12 11:01:38,,,,,,38.943180827886714,,,
2024-09-12 11:03:41,40.031470588235294,39.0088888888889,39.94522875816993,,,,,,
2024-09-12 11:06:45,,39.052009803921564,,,,,,,
2024-09-12 11:08:47,,38.87644607843137,,,,38.90416666666667,,,
2024-09-12 11:14:57,,38.82162091503268,,,,,,,
2024-09-12 11:19:02,39.719943977591036,,,,,,,,
2024-09-12 11:20:04,,,,,,39.04408963585434,,,
2024-09-12 11:23:08,,,39.10745098039216,,,,,,
2024-09-12 11:27:13,,,,38.737843137254906,,,,38.98917647058824,35.85490196078432
2024-09-12 11:28:14,,,,38.663921568627444,,,,,
2024-09-12 11:30:17,,,,,,,,38.93848739495799,36.44627450980393
2024-09-12 11:32:20,,38.801908496732025,,38.69080213903744,,,,,
2024-09-12 11:33:22,,,,,,,,38.94112745098039,
2024-09-12 11:34:23,,,,,39.25529411764706,,,,36.59411764705882
2024-09-12 11:35:25,39.462274509803926,38.69560224089637,39.84666666666666,,,,,38.900470588235294,37.48117647058824
2024-09-12 11:36:26,,,,38.78008403361345,,,,38.94616755793226,
2024-09-12 11:37:28,,,39.25529411764706,,38.811764705882354,,,,36.56454901960784
2024-09-12 11:39:31,38.07254901960785,38.45447712418301,,38.782196078431376,,,,,
2024-09-12 11:40:33,,38.42199643493762,,38.774803921568626,,,,,
2024-09-12 11:41:34,,,38.51607843137255,,,,38.07254901960785,,
2024-09-12 11:42:36,,,,38.784044117647056,,,,,
2024-09-12 11:43:37,,,,,,,,38.88568627450981,
2024-09-12 11:44:39,,39.015049019607844,,,,,,,
2024-09-12 11:45:40,,,,,39.07049019607844,,,,
2024-09-12 11:46:42,,,,38.570546955624366,39.10745098039216,,,38.82162091503268,
2024-09-12 11:47:43,,39.015049019607844,,38.516078431372556,,,,38.82162091503268,
2024-09-12 11:48:45,,38.99656862745098,,38.585651672433684,,,,,
2024-09-12 11:49:46,,,,38.59,,,,38.76952380952381,
2024-09-12 11:50:48,,39.015049019607844,,,,,,38.77764705882353,
2024-09-12 11:51:50,39.55098039215687,,,,,,,38.7321568627451,
2024-09-12 11:56:58,,,,38.466797385620914,,,,38.688562091503265,36.44627450980393
2024-09-12 12:00:02,,,,,38.99656862745098,,,38.69080213903744,
2024-09-12 12:01:05,,,,38.42103641456582,38.98072829131653,,,38.66392156862745,
2024-09-12 12:02:07,,,,38.41372549019607,,,,38.717682709447416,
2024-09-12 12:03:08,,,38.87747276688454,,39.107450980392166,,,,
2024-09-12 12:04:10,,39.048313725490196,,,39.04408963585435,,,38.73112299465241,
2024-09-12 12:05:11,,,,38.52951871657754,,,,38.73112299465241,
2024-09-12 12:06:13,,,,38.44887700534759,38.98072829131653,,,,
2024-09-12 12:07:15,,,,38.52951871657754,,,,,
2024-09-12 12:08:16,,,,38.46231729055258,,,,,
2024-09-12 12:09:18,,,38.99656862745098,,,,,,
2024-09-12 12:12:23,,,39.05058823529412,,,,,,
2024-09-12 12:15:28,,,,,39.07788235294118,,,,
2024-09-12 12:17:31,,38.959607843137256,,,,,,,
2024-09-12 12:22:39,,,39.116691176470596,,,,,,
2024-09-12 12:24:42,,,39.142237600922726,,,,,,
2024-09-12 12:25:44,,,39.18137254901961,,,,,,
2024-09-12 12:26:45,,,39.23973168214655,,,,,,
2024-09-12 12:27:47,,,39.231950464396284,,,,,,
2024-09-12 12:29:50,,,39.23973168214655,,,,,,
2024-09-12 12:32:55,,,,,,38.66392156862745,,,
2024-09-12 12:37:01,,,39.154138286893705,,,,,,
2024-09-12 12:38:02,,,39.16191950464397,,,,38.01341176470588,,
2024-09-12 12:39:04,,,,,,,,,
2024-09-12 12:41:09,40.438039215686274,,39.154138286893705,,,,,,
2024-09-12 12:44:13,,,39.07049019607844,,,,37.97398692810457,,
2024-09-12 12:45:15,40.29019607843138,,39.04520123839009,,,,37.92470588235294,,
2024-09-12 12:46:17,39.99450980392157,,39.049956427015246,,,,,,
2024-09-12 12:47:18,40.438039215686274,,39.049956427015246,,,,,,
2024-09-12 12:48:20,,,39.058169934640524,,,,,,
2024-09-12 13:07:50,,,38.86925925925926,,,,,,
2024-09-12 13:08:51,,,38.74605664488018,,,,,,
2024-09-12 13:09:53,,,38.57357298474946,,,,,,
2024-09-12 13:11:56,,,,,,,37.78918300653596,,
2024-09-12 13:12:58,,39.99450980392157,,,,39.84666666666666,,,
2024-09-12 13:15:01,,38.66392156862745,,,,36.00274509803921,,,
2024-09-12 13:20:10,,,38.63928104575163,,,,,,
2024-09-12 13:21:12,,,,,,,37.66598039215687,,
2024-09-12 13:25:18,,39.55098039215687,,,,,,,
2024-09-12 13:26:20,,38.39780392156863,,,,,,,
2024-09-12 13:34:35,,,38.617234262125905,,,,37.8631045751634,,
2024-09-12 13:35:37,,,,,,,37.77686274509804,,
2024-09-12 13:36:39,,,,,,,37.76342245989305,,
2024-09-12 13:39:44,,,,,,,37.900065359477125,,
2024-09-12 13:42:50,,,,,,,37.77686274509804,,
2024-09-12 13:44:54,,,,,,,38.015686274509804,,
2024-09-12 13:45:55,,,38.48835784313726,,,,,,
2024-09-12 13:46:57,,,,,,,37.977507002801126,,
2024-09-12 13:49:00,,,38.36823529411765,,,,,,
2024-09-12 13:51:04,,,38.25981699346406,,,,,,
2024-09-12 13:52:06,,,38.23024836601308,,,,,,
2024-09-12 13:53:08,,,,,,,,,
2024-09-12 13:54:09,,,38.252072829131656,,,,,,
2024-09-12 13:55:11,,,38.28375350140056,,36.88980392156862,,,,
2024-09-12 13:56:13,,38.57151960784314,38.2943137254902,,37.18549019607843,,37.81382352941177,,
2024-09-12 13:57:15,39.55098039215687,,38.2943137254902,,37.21013071895425,,37.81382352941177,,
2024-09-12 13:58:17,,38.34711484593838,,,36.91444444444445,38.26967320261438,,,
2024-09-12 13:59:19,39.40313725490197,,38.35686274509804,,37.037647058823524,,37.836000000000006,,
2024-09-12 14:00:21,,,,36.59411764705882,36.88980392156862,,37.77686274509804,35.85490196078432,38.51607843137255
2024-09-12 14:01:22,40.14235294117647,38.41047619047619,38.27725490196079,,,,37.943186274509806,,
2024-09-12 14:02:24,,,38.27725490196079,,,,,,
2024-09-12 14:03:26,,,,,,38.17111111111112,,,
2024-09-12 14:06:31,39.10745098039216,38.26263305322129,38.610160427807486,,,38.22039215686275,38.17111111111111,,
2024-09-12 14:07:33,,38.473837535014006,,,,,,,
2024-09-12 14:11:41,,38.41047619047619,,,,38.26967320261438,,,
2024-09-12 14:12:43,,,,,,38.49143790849673,,,
2024-09-12 14:16:50,,,,,37.284052287581694,,,,
2024-09-12 14:17:51,,,,,,,,,38.36823529411765
2024-09-12 14:18:53,,38.86104575163399,,,,38.097189542483655,,,
