timestamp,Zona1,codo_izq,codo_drc,rodilla_izq,rodilla_drc,mano_izq,mano_drc,pie_izq,pie_drc
2024-12-09 16:40:52,,,,37.333333333333336,,,,,
2024-12-09 16:58:13,,,,36.88980392156863,,,,,
2024-12-09 17:02:18,,,36.52019607843137,,,,,,
2024-12-09 17:03:19,,36.88980392156863,,,,,,,
2024-12-09 17:04:21,,37.03764705882353,,,,,,,
2024-12-09 17:05:22,37.954274509803916,36.741960784313726,,,,,,,
2024-12-09 17:10:28,,,,,,,,,
2024-12-09 17:11:30,,,36.9883660130719,,,,,,
2024-12-09 17:12:31,,,36.92265795206972,,,,,,
2024-12-09 17:13:32,,,36.87337690631808,,,,,,
2024-12-09 17:27:50,37.85899782135076,,,,,,,,
2024-12-09 17:31:55,,,,36.44627450980393,,36.15058823529412,,,37.629019607843134
2024-12-09 17:33:57,,,,,,,,36.15058823529412,
2024-12-09 17:46:13,,,36.72553376906318,,,,,,
2024-12-09 17:47:14,,,36.9341568627451,36.59411764705882,,,,,
2024-12-09 17:48:16,,,37.010766488413545,36.59411764705882,,,,,
2024-12-09 17:49:17,,,37.111568627450986,,,,36.15058823529412,,
2024-12-09 18:02:33,,,,,,,29.793333333333333,,
2024-12-09 18:07:39,37.81164936562861,,,,,,,,
2024-12-09 18:12:46,37.837739331026526,,,,,,,,
2024-12-09 18:15:49,37.78555940023068,,,,,,,,
2024-12-09 18:25:01,37.80458333333334,,,,,,,,
2024-12-09 18:28:05,,,37.03764705882354,,,,37.18549019607843,,
2024-12-09 18:58:43,37.730661764705886,,,,,,,,
2024-12-09 19:05:52,37.73337946943484,,,,,,,,
2024-12-09 19:06:53,37.72468281430219,,,,,,,,
2024-12-09 19:07:54,37.74207612456748,,,,,,,,
2024-12-09 19:08:55,37.73579520697168,,,,,,,,
2024-12-09 19:10:58,37.73579520697168,,,,,,,,
2024-12-09 19:13:01,37.72758169934641,,37.23829131652661,,,,,,
2024-12-09 19:14:02,37.73579520697168,,37.25372549019608,,,,,,
2024-12-09 19:15:03,37.75222222222222,,37.25941176470588,,,,,,
2024-12-09 19:16:05,37.74400871459696,,37.31989304812834,,,,,,
2024-12-09 19:17:06,37.74400871459696,,37.67337254901961,,,,,,
2024-12-09 19:18:07,,,37.64380392156863,,,,,,
2024-12-09 19:19:08,,,,,,,,,
2024-12-09 19:20:10,,,37.67337254901961,,,,,,
2024-12-09 19:22:13,,,37.61423529411765,,,,,,
2024-12-09 19:25:16,,,,,,,,,
2024-12-09 19:32:25,37.724061624649856,,37.49760348583878,,,,,,
2024-12-09 19:33:26,,,,,,,,33.63725490196079,
2024-12-09 23:52:48,37.653660130718954,,,,,,,,
2024-12-09 23:53:50,37.69622103386809,,,,,,,,
2024-12-10 04:36:38,,,,,35.41137254901961,,,,
2024-12-10 05:46:04,,,,,,,,36.44627450980393,
2024-12-10 06:14:39,,,,,35.85490196078432,,,,
2024-12-10 08:55:01,,,,,,,,,34.2286274509804
2024-12-10 08:59:06,,,,,,,,35.26352941176471,
2024-12-10 09:00:07,,,,,,,,35.70705882352941,
2024-12-10 09:09:18,,37.03764705882353,,,,,,,
2024-12-10 09:13:23,,36.741960784313726,,,,,,,
2024-12-10 09:29:43,,36.741960784313726,,,,,,,
2024-12-10 09:33:48,,,,,35.85490196078432,,,,34.5243137254902
2024-12-10 09:35:51,,,,,34.5243137254902,,,,
2024-12-10 09:36:52,,,,,34.6721568627451,,,,
2024-12-10 09:38:55,,,35.55921568627451,,,,,,
2024-12-10 09:44:01,,,36.44627450980393,,,,,,
2024-12-10 09:48:06,,,36.44627450980393,,,,,,
2024-12-10 09:51:10,,,,,,,,,
2024-12-10 10:04:27,,,36.59411764705882,,,,,,
2024-12-10 10:05:28,37.342573529411766,,,,,,,,
2024-12-10 10:06:30,37.34202998846598,,,,,,,,
2024-12-10 10:12:38,37.35072664359862,,,,,,,,
2024-12-10 10:13:39,37.35072664359862,,,,,,,,
2024-12-10 10:14:41,37.35072664359862,,,,,,,,
2024-12-10 10:15:42,37.39801470588235,,,,,,,,
2024-12-10 10:16:43,37.39801470588235,,,,,,,,
2024-12-10 10:17:44,37.40725490196078,,,,,,,,
2024-12-10 10:18:46,37.40725490196078,,,,,,,,
2024-12-10 10:19:47,37.41649509803922,,,,,,,,
2024-12-10 10:20:48,37.39801470588235,,,,,,,,
2024-12-10 10:21:50,37.40725490196078,,,,,,,,
2024-12-10 10:22:51,37.39801470588235,,,,,,,,
2024-12-10 10:23:52,37.39801470588235,,,,,,,,
2024-12-10 10:24:54,37.353045751633985,,,,,,,,
2024-12-10 10:31:01,,,36.59411764705883,,,,,,
2024-12-10 10:46:20,37.33333333333333,,,,,,,,
2024-12-10 10:47:21,,37.629019607843134,,,,,,,
2024-12-10 10:50:25,,,,,,,,,34.72143790849673
2024-12-10 10:51:27,,,,,,,,34.79043137254903,
2024-12-10 10:53:29,,,,,,,,35.17482352941177,
2024-12-10 10:54:31,,,,,,,,,
2024-12-10 10:58:36,,,36.59411764705883,,,,,,
2024-12-10 10:59:37,,,36.59411764705883,,,,,,
2024-12-10 11:00:38,,,36.59411764705883,,,,,,34.75176470588235
2024-12-10 11:01:39,,,,,,,,,34.76313725490196
2024-12-10 11:02:41,,,36.594117647058816,,,,,,34.75176470588235
2024-12-10 11:03:42,,,36.594117647058816,,,,,,34.74039215686275
2024-12-10 11:04:43,,,,,,,,,
2024-12-10 11:05:45,,,,,,,,35.251209150326794,34.763137254901956
2024-12-10 11:06:46,,,,,,,,35.20666666666667,34.71764705882353
2024-12-10 11:07:47,,,,,,,,35.2001680672269,
2024-12-10 11:08:48,,,,,,,,,34.74039215686275
2024-12-10 11:11:52,,,,,,,,,34.75176470588236
2024-12-10 11:12:53,,,,,,,,35.06948529411765,34.75176470588235
2024-12-10 11:13:55,,,,,,,,,34.70383753501401
2024-12-10 11:14:56,,,,,,,,,34.701725490196075
2024-12-10 11:15:57,,,,,,,,35.0840056022409,34.72143790849673
2024-12-10 11:19:01,,,,,35.70705882352941,,,,
2024-12-10 11:20:02,,,,,37.03764705882353,,,35.07344537815127,
2024-12-10 11:21:03,,,,,35.85490196078432,,,35.09456582633054,
2024-12-10 11:23:06,,,,,,,,35.12624649859945,
2024-12-10 11:24:07,,,,,,,,35.12624649859945,
2024-12-10 11:25:08,,,,,,,,35.11568627450981,
2024-12-10 11:26:10,,,,,,,,35.13680672268908,
2024-12-10 11:27:11,,,,,,,,35.18392156862746,
2024-12-10 11:28:12,,,,,,,,35.214248366013074,
2024-12-10 11:29:13,,,,,,,,35.27696969696971,
2024-12-10 11:30:14,,,,,,,,35.2904099821747,
2024-12-10 11:37:23,,,,,,,,,34.61671568627451
2024-12-10 11:38:24,,,,,,,,,34.524313725490195
2024-12-10 11:39:25,,,,,,,,,34.401111111111106
2024-12-10 11:41:28,,,,,,,,,34.346901960784315
2024-12-10 11:42:29,,,,,,,,,34.08078431372549
2024-12-10 12:04:57,,36.86023529411765,,,,,,,
2024-12-10 12:05:58,,36.83436274509804,,,,,,,
2024-12-10 12:06:59,,36.84360294117647,,,,,,,
2024-12-10 12:08:00,,36.79414071510957,,,,,,,
2024-12-10 12:09:01,,36.75838779956427,,,,,,,
2024-12-10 12:10:03,,36.765304437564495,,,,,,,
2024-12-10 12:12:05,,36.765304437564495,,,,,,,
2024-12-10 12:13:07,36.80109803921569,36.765304437564495,,,,,,,
2024-12-10 12:14:08,,36.77308565531475,,,,,,,
2024-12-10 12:15:09,,36.75752321981424,,,,,,,
2024-12-10 12:16:10,36.830666666666666,36.77308565531475,,,,,,,
2024-12-10 12:17:12,36.830666666666666,36.77308565531475,,,,,,,
2024-12-10 12:18:13,,36.76530443756449,,,,,,,
2024-12-10 12:19:14,,36.74935294117647,,,,,,,
2024-12-10 12:22:18,36.7715294117647,36.74900093370682,,,,,,,
2024-12-10 12:23:19,36.83066666666666,36.74868092691622,,,,,,,
2024-12-10 12:24:21,,36.735240641711236,,,,,,,34.2286274509804
2024-12-10 12:26:23,,,,,,,,,34.08078431372549
2024-12-10 12:27:24,,36.72180035650625,,,,,,,
2024-12-10 12:29:27,,36.69491978609627,,,,,,,
2024-12-10 12:33:32,,36.6411586452763,,,,,,,
2024-12-10 12:34:34,,,,,33.489411764705885,,,,33.93294117647059
2024-12-10 12:35:35,,,36.44627450980392,,,,,,
2024-12-10 12:36:36,,,36.475843137254905,,,,,,
2024-12-10 12:37:37,,,36.475843137254905,,,,,,
2024-12-10 12:38:39,,,36.44627450980392,,,,,,
2024-12-10 12:41:43,,,36.41670588235294,,,,,,
2024-12-10 12:42:44,,,36.41670588235294,,,,,,
2024-12-10 12:43:46,,36.52019607843138,,,,,,,
2024-12-10 12:44:47,,36.50074303405573,,,,,,,
2024-12-10 12:49:53,,36.49296181630548,,,,,,,
2024-12-10 12:51:56,,36.48734204793029,,,,,,,
2024-12-10 12:52:57,37.02122004357298,36.52840958605665,,,,,,,
2024-12-10 12:53:58,37.037647058823524,36.53964912280702,,,,,,,
2024-12-10 12:55:00,37.037647058823524,36.516305469556244,,,,,,,
2024-12-10 12:56:01,,36.54743034055728,,,,,,,
2024-12-10 12:57:03,,36.49296181630547,,,,,,,
2024-12-10 12:58:04,37.008078431372546,36.468450980392156,,,,,,,
2024-12-10 12:59:05,37.008078431372546,36.396993464052294,,,,,,,
2024-12-10 13:00:07,,36.3899533146592,,,,,,,
2024-12-10 13:01:08,,36.396993464052294,,,,,,,
2024-12-10 13:02:09,,36.396993464052294,,,,,,,
2024-12-10 13:28:41,36.99329411764706,,,,,,,,
2024-12-10 13:29:42,37.02286274509804,,,,,,,,
2024-12-10 13:31:45,37.008078431372546,,,,,,,,
2024-12-10 13:34:49,,36.40192156862746,,,,,,,
2024-12-10 13:38:53,36.99329411764706,,,,,,,,
2024-12-10 13:45:01,,36.376243550051605,,,,,,,
2024-12-10 13:48:05,,36.388779956427015,,,,,,,
2024-12-10 13:49:06,,36.44627450980392,,,,,,,
2024-12-10 13:51:08,,36.38159313725491,,,,,,,
2024-12-10 13:52:10,,36.44627450980392,,,,,,,
2024-12-10 13:53:11,37.36618736383443,36.42515406162465,,,,,,,
2024-12-10 13:54:12,,,,,,,,,
2024-12-10 13:56:15,,,,,,,,,33.34156862745098
2024-12-10 13:57:16,,,,,,,,,33.489411764705885
2024-12-10 14:00:20,,,,36.00274509803921,,,,,
2024-12-10 14:04:24,,36.28200435729847,36.96372549019608,,,,35.85490196078432,,
2024-12-10 14:12:35,,,36.99329411764706,,35.70705882352941,35.115686274509805,,,
2024-12-10 14:13:36,,,,,35.85490196078432,,,,
2024-12-10 14:14:37,,,,,,,,34.6721568627451,
2024-12-10 14:17:41,,,,,,,34.9678431372549,,
2024-12-10 14:27:54,,36.26147058823529,,,,,,,
2024-12-10 14:36:04,,,36.81588235294118,,,,,,
2024-12-10 14:39:08,37.92470588235294,,,,,,,,
2024-12-10 14:40:09,37.77686274509804,,36.81588235294118,,,,,,
2024-12-10 14:46:16,38.22039215686274,,36.786313725490196,,,,,,
2024-12-10 14:57:30,,,36.830666666666666,,,,,,
2024-12-10 15:03:37,,,36.88980392156863,,,,,,
2024-12-10 15:05:40,,,36.875019607843136,,,,,,
2024-12-10 15:13:50,,,36.88980392156863,,,,,,
2024-12-10 15:14:51,,,36.90458823529412,,,,,,
2024-12-10 17:27:35,,,,,,,,,
2024-12-10 17:58:14,,,,35.67749019607843,,,,,
2024-12-10 20:44:36,,,,35.470509803921566,,,,,
2024-12-10 20:53:47,,,,35.35223529411765,,,,,
2024-12-10 21:07:03,,,,35.44094117647059,,,,,
2024-12-10 21:29:49,,,,,,,32.60235294117648,,
2024-12-10 21:31:51,,,,,,,32.75019607843137,,
2024-12-10 21:34:55,37.865568627450976,,,,,34.24505446623094,,,
2024-12-10 21:39:00,,36.88980392156863,,,,,,,
2024-12-10 21:43:05,,,,,,34.3764705882353,,,
2024-12-10 21:44:06,,,,,,34.43023172905526,,,
2024-12-10 22:04:31,,,,,,,,,
2024-12-10 23:53:43,,,,,,34.24206773618538,,,
2024-12-11 00:23:18,,,,35.67749019607843,,,,,
2024-12-11 00:52:54,,,,,,34.5356862745098,,,
2024-12-11 02:18:38,,,,,,34.50319327731092,,,
2024-12-11 02:19:39,,,,,,34.59330718954247,,,
2024-12-11 02:29:52,,,,,,34.736838235294115,,,
2024-12-11 03:58:37,37.48117647058824,,,,,,,,
2024-12-11 04:07:47,,,,,,34.727598039215685,,,
2024-12-11 04:13:55,,,,,,34.75042675893887,,,
2024-12-11 05:00:51,37.92470588235294,,,,,,,,
2024-12-11 05:28:24,,,,,,,33.489411764705885,,
2024-12-11 06:45:57,,,,,,34.75531862745098,,,
2024-12-11 07:34:58,,,,,,,,,
2024-12-11 07:47:13,,,,,,34.879137254901956,,,
2024-12-11 08:01:30,,,36.9883660130719,,,,,,
2024-12-11 08:02:32,,,36.910924369747896,,,,,,
2024-12-11 08:15:54,,,,,,34.936162464986,,,
2024-12-11 08:21:01,,,,,,34.97840336134454,,,
2024-12-11 08:22:02,,,,,,35.03607843137256,,,
2024-12-11 08:23:04,,37.1362091503268,,,,34.98016339869282,,,
2024-12-11 08:24:05,,37.1362091503268,,,,34.914081996434945,,,
2024-12-11 08:25:06,,37.148529411764706,,,,,,,
2024-12-11 08:26:08,,37.148529411764706,36.910924369747896,,,,,,
2024-12-11 08:28:10,,37.17316993464052,,,,35.19782135076253,,,
2024-12-11 08:29:12,,37.16084967320261,,,,,,,
2024-12-11 08:31:14,,37.148529411764706,,,,,,,
2024-12-11 08:32:16,,37.16084967320261,36.898500576701274,,,,,,
2024-12-11 08:33:17,,37.117254901960784,36.88110726643599,,,,,,
2024-12-11 08:34:18,,37.14,36.954485294117646,,,,,,
2024-12-11 08:37:23,,37.09044817927171,,,,,,,
2024-12-11 08:38:24,,37.10100840336135,36.96865359477124,,,35.2783137254902,,,
2024-12-11 08:39:25,,,36.93204481792718,,,,,,
2024-12-11 08:41:28,,,36.94260504201681,,,,,,
2024-12-11 08:42:29,,,36.85037908496732,,,,,,
2024-12-11 08:43:30,,,36.76044117647059,,,,,,
2024-12-11 08:44:32,,,36.67238754325259,,,,,,
2024-12-11 08:45:33,,,36.626971677559915,,,,,,
2024-12-11 08:46:34,,,36.57855521155831,,,,,,
2024-12-11 08:47:36,,,36.48518059855521,,,,,,
2024-12-11 08:48:37,,,36.43888235294118,,,,,,
2024-12-11 08:49:38,,,,,,,,,
2024-12-11 08:55:46,,,36.39699346405229,,,,,,
2024-12-11 08:57:48,,36.94894117647059,,,,,,,
2024-12-11 09:00:52,,,,,,34.9678431372549,,,
2024-12-11 09:05:58,,36.44627450980393,,,,34.9678431372549,,,
2024-12-11 09:07:00,,,,,,34.93827450980392,,,
2024-12-11 09:09:02,,,,,,35.55921568627451,,,
2024-12-11 09:18:14,37.18549019607843,,,,,,,,
2024-12-11 09:29:28,,,35.89010270774976,,,,,,
2024-12-11 09:38:40,,,35.81970121381886,,,,,,
2024-12-11 09:39:41,,,35.735219421101775,,,,,,
2024-12-11 09:42:45,,,35.61553688141924,,,,,,
2024-12-11 09:43:47,,,35.574,,,,33.489411764705885,,
2024-12-11 09:44:48,,,35.51252837977296,,,,,,
2024-12-11 09:45:49,,,35.436013071895424,,,,,,
2024-12-11 09:46:50,,,,,,,33.489411764705885,,
2024-12-11 09:47:52,37.18549019607843,,35.35049596309112,,,,,,
2024-12-11 09:48:53,,,35.291250000000005,,,,,,
2024-12-11 09:49:55,36.44627450980393,,,,,,,,
2024-12-11 09:51:57,,,35.300490196078435,,,,,,
2024-12-11 09:54:00,,,35.272769607843145,,,,,,
2024-12-11 09:55:01,,,35.291250000000005,,,,,,
2024-12-11 09:56:03,,,35.300490196078435,,,,,,
2024-12-11 09:57:04,,,,,,,,,
2024-12-11 09:58:05,,,35.272769607843145,,,,,,
2024-12-11 09:59:07,,,35.18960784313725,,,,,,
2024-12-11 10:02:11,,,35.115686274509805,,,,,,
2024-12-11 10:21:36,,34.5243137254902,,,,,,,
2024-12-11 10:23:39,,,,,,,,,
2024-12-11 10:27:43,,,,,,33.78509803921568,34.55388235294117,,
2024-12-11 10:37:56,,,,,,,34.50952941176471,,
2024-12-11 10:38:58,,,,,,,34.639302832244006,,
2024-12-11 10:39:59,,,,,,,34.622875816993464,,
2024-12-11 10:41:00,,,,,,33.78509803921568,34.77071895424837,,
2024-12-11 10:42:02,,,,,,35.115686274509805,34.622875816993464,,
2024-12-11 10:43:03,,,,,,35.115686274509805,34.622875816993464,,
2024-12-11 10:45:05,,,,,,,34.672156862745105,,
2024-12-11 10:46:07,,,,,,34.9678431372549,,,
2024-12-11 10:47:08,,,,,,,34.70172549019608,,
2024-12-11 11:05:31,,,35.2060348583878,,,,,,
2024-12-11 11:19:49,,,,,,,,,
2024-12-11 11:20:50,,,,,,,,,
2024-12-11 11:21:52,,,35.2963834422658,,,,,,
2024-12-11 11:22:53,,,35.364685242518064,,,,,,
2024-12-11 11:23:54,,,35.35223529411765,,,,,,
2024-12-11 11:24:55,,,35.36209150326797,,,,,,
2024-12-11 11:25:57,,,35.37105169340464,,,,,,
2024-12-11 11:26:58,,,35.385660699062235,,,,,,
2024-12-11 11:27:59,,,35.417532679738564,,,,,,
2024-12-11 11:29:01,,,35.4291137254902,,,,,,
2024-12-11 11:30:02,,,35.44549019607844,,,,,,
2024-12-11 11:31:03,37.03764705882353,,35.45517792302106,,,,,,
2024-12-11 11:32:05,,,35.458893557422975,,,,,,
2024-12-11 11:33:06,,,35.46745098039216,,,,35.76619607843138,,
2024-12-11 11:34:07,,,35.480366013071894,,,,35.973176470588236,,
2024-12-11 11:35:08,,,35.4878431372549,,,,,,
2024-12-11 11:36:10,37.333333333333336,,35.532815126050416,,,,35.85490196078432,,
2024-12-11 11:37:11,,,35.5856162464986,,,,,,
2024-12-11 11:38:12,,,35.59617647058824,,,,34.946722689075635,,
2024-12-11 11:40:15,,,35.63313725490197,,,,,,
2024-12-11 11:41:16,,,35.654257703081235,,,,,,34.6721568627451
2024-12-11 11:42:17,,,35.66481792717088,,,,,,
2024-12-11 11:43:18,,,35.67009803921569,,,,,,
2024-12-11 11:44:20,,,35.71233893557423,,,,,,
2024-12-11 11:45:21,,,35.734437182280324,,,,,,
2024-12-11 11:46:22,,,35.74686274509804,,,,,,
2024-12-11 11:47:24,,,35.75254901960785,,,,,,
2024-12-11 11:48:25,,,35.76960784313726,,,,,,
2024-12-11 11:49:26,,,35.783937254901964,,,,35.20666666666667,,
2024-12-11 11:50:27,,,35.78985098039216,,,,35.19529411764706,,
2024-12-11 15:36:08,,,,,,36.88980392156863,,,
2024-12-11 16:17:59,,,,,30.384705882352943,,,,
2024-12-11 16:37:23,,,35.816334185848255,,,,35.26352941176471,,
2024-12-11 16:38:24,,,35.80786096256685,,,,,,
2024-12-11 16:41:28,,,35.812661064425775,,,,35.13680672268908,,
2024-12-11 16:42:30,,,35.82533333333334,,,,35.17482352941177,,
2024-12-11 16:43:31,,,35.839339525283805,,,,35.15511111111111,,
2024-12-11 16:44:32,,,35.84668845315905,,,,,,
2024-12-11 16:46:35,,,,,,,35.214248366013074,,
2024-12-11 16:47:36,,34.9678431372549,,,,,,,
2024-12-11 16:49:39,,,,,,35.115686274509805,,,
2024-12-11 17:08:01,,,35.76619607843137,,,,35.135398692810455,,
2024-12-11 17:12:06,,,35.74929971988796,,,,,,
2024-12-11 17:13:07,,,,,,,35.174823529411775,,
2024-12-11 17:15:09,,,35.744019607843136,,,,35.04669281045752,,
2024-12-11 17:16:11,,,,,,,34.79043137254902,,
2024-12-11 17:19:14,,,35.682418300653595,,,,,,
2024-12-11 17:22:18,,,,,,,34.780575163398694,,
2024-12-11 17:27:25,,,,,,,34.77775910364146,,
2024-12-11 17:31:30,,,,,,,35.013333333333335,,
2024-12-11 17:32:31,,,,,,34.79043137254902,34.98016339869282,,
2024-12-11 17:36:36,,34.72143790849673,,,,34.27790849673203,,,
2024-12-11 17:44:47,,,,,,,,,
2024-12-11 17:45:48,,,35.60145658263305,,,,,,
2024-12-11 17:48:52,,34.706274509803926,,,,,,,
2024-12-11 17:49:53,,34.82,,,,,,,
2024-12-11 17:50:54,,34.90624183006536,,,,,,,
2024-12-11 17:51:56,,34.82,,,,,,,
2024-12-11 17:53:58,,34.869281045751634,,,,,,,
2024-12-11 17:55:00,,,,,,,34.63803921568628,,
2024-12-11 17:56:01,,,34.82,,,,,,
2024-12-11 17:57:03,,34.83232026143791,,,,,,,
2024-12-11 17:58:04,36.741960784313726,,,,,34.34690196078432,,,
2024-12-11 17:59:05,,34.72143790849673,,,,34.40603921568628,,,
2024-12-11 18:00:07,,34.72143790849673,,,,33.90337254901961,,,
2024-12-11 18:01:08,36.44627450980393,34.84464052287582,,,,,,,
2024-12-11 18:02:09,36.59411764705882,34.80767973856209,,,,31.271764705882354,,,
2024-12-11 18:56:16,,34.69903743315508,,,,,,,
2024-12-11 19:02:24,,,34.9678431372549,,,,,,
2024-12-11 19:03:26,,,,,,,34.84688057040998,,
2024-12-11 19:19:46,,,,,,,34.658716577540105,,
2024-12-11 19:20:47,,,,,,,34.739358288770056,,
2024-12-11 20:45:32,,,,,,,34.53775401069518,,
2024-12-11 20:48:36,,,,,,,34.551194295900174,,
2024-12-11 20:49:37,,,,,,,34.524313725490195,,
2024-12-11 20:50:38,,,,,,,34.613019607843135,,
2024-12-11 20:56:46,,,,,,,,,
2024-12-11 21:03:55,,,,,,,34.91856209150327,,
2024-12-11 21:06:59,,,,,,,34.885708061002184,,
2024-12-11 21:24:20,,,35.26352941176471,,,,,,
2024-12-11 21:25:21,,,35.27222606689735,,,,,,
2024-12-11 21:26:22,,,35.31281045751635,,,,,,
2024-12-11 21:30:27,,,35.341341589267294,,,,,,
2024-12-11 21:31:28,,,35.352235294117655,,,,,,
2024-12-11 21:32:29,,,35.440941176470595,,,,,,
2024-12-11 21:33:30,,,35.574,,,,,,
2024-12-11 21:34:32,,,35.59441643323997,,,,,,
2024-12-11 21:35:33,,,35.61969696969697,,,,,,
2024-12-11 21:36:34,,,35.59778346121057,,,,,,
2024-12-11 21:39:38,,,35.642779198635985,,,,,,
2024-12-11 21:41:41,,,35.65161764705883,,,,,,
2024-12-11 21:43:43,36.59411764705882,,,,,,,,
2024-12-11 21:44:44,37.03764705882353,,,,,,,,
2024-12-11 21:45:45,37.03764705882353,,35.74538852578068,,,,,,
2024-12-11 21:46:47,,,35.72289915966387,,,,,,
2024-12-11 21:47:48,,,35.754579831932766,,,,,,
2024-12-11 21:48:49,,,35.76514005602241,,,,,,
2024-12-11 21:49:50,,,35.786260504201685,,,,,,
2024-12-11 21:50:52,,,35.805620915032684,,,,,,
2024-12-11 21:51:53,,,35.81509803921569,,,,,,
2024-12-11 21:52:54,,,35.8321568627451,,,,,,
2024-12-11 21:53:55,,,35.88333333333334,,,,,,
2024-12-11 21:54:57,,,35.90039215686275,,,,,,
2024-12-11 22:00:03,,,35.96862745098039,,,,,,
2024-12-11 22:01:04,,36.44627450980393,,,,,,,
2024-12-11 22:03:06,,,36.014117647058825,,,,,,
2024-12-11 22:04:07,,,36.048235294117646,,,,,,
2024-12-11 22:05:09,,,36.05750181554103,,,,,,
2024-12-11 22:06:10,,,36.07392883079157,,,,,,
2024-12-11 22:07:11,,,36.10130718954248,,,,,,
2024-12-11 22:08:12,,,36.12868554829339,,,,,,
2024-12-11 22:09:13,,,36.133529411764705,,,,,,
2024-12-11 22:11:16,,,36.138760784313725,,,,,,
2024-12-11 22:13:19,,,,,,36.44627450980393,,,
2024-12-11 22:15:21,36.88980392156863,,,,,,,,
2024-12-11 22:16:22,,,36.15730837789661,,,,,,
2024-12-11 22:17:24,,,36.29171122994653,,,,,,
2024-12-11 22:18:25,,,36.40595365418895,,,,,,
2024-12-11 22:19:26,,,36.45299465240642,,,,,,
2024-12-11 22:26:35,,,36.50675579322638,,,,,,
2024-12-11 22:28:37,,,36.500035650623886,,,,,,
2024-12-11 22:30:40,,,36.49555555555556,,,,,,
2024-12-11 22:40:52,,,36.54237254901962,,,,,,
2024-12-11 22:42:54,,,36.37235294117647,,,,,,
2024-12-11 22:45:58,,,36.2614705882353,,,,,,
2024-12-11 22:50:03,,,36.24396284829722,,,,,,
2024-12-12 00:07:37,,32.898039215686275,,,,34.74607843137255,,,
2024-12-12 00:10:41,,36.29843137254902,,,,34.70172549019608,,,
2024-12-12 00:11:42,,,,,,,35.85490196078432,,
2024-12-12 00:12:43,,,,,,,,,
2024-12-12 00:13:45,,,,,,34.27298039215687,,,
2024-12-12 00:14:46,,,,,,,,,
2024-12-12 00:17:50,38.66392156862745,,35.88262254901961,36.88980392156863,,34.42082352941177,,,
2024-12-12 00:18:51,38.07254901960785,,35.884470588235295,,,34.58345098039216,,,
2024-12-12 00:21:55,,,35.89714285714285,,,,,,
2024-12-12 00:22:56,,,,,,34.524313725490195,,,
2024-12-12 00:24:58,,,,,,34.56866666666667,,,
2024-12-12 00:28:02,,,,,,34.479960784313725,,,
2024-12-12 00:29:03,,,36.13580392156863,,,,,,
2024-12-12 00:34:09,,,36.00274509803923,,,,,,
2024-12-12 01:10:55,,,,,,34.50952941176471,,,
2024-12-12 01:30:19,38.51607843137255,,,,,,,,
2024-12-12 01:40:32,,,36.36179271708684,,,,,,
2024-12-12 01:42:34,,,35.72817927170869,,,34.56127450980392,35.26352941176471,,
2024-12-12 02:03:00,,39.25529411764706,,,,,,,33.19372549019608
2024-12-12 02:07:05,,39.55098039215687,,,,,,,
2024-12-12 02:08:07,,37.629019607843134,,,,,,,
2024-12-12 02:09:08,,36.88980392156863,,,,,,,
2024-12-12 02:10:09,,36.44627450980393,,,,,,,
2024-12-12 02:11:10,38.30252723311546,,,,,,,,
2024-12-12 02:12:12,38.30598555211558,,,,,,,,
2024-12-12 02:13:13,38.301705882352934,,,,,,,,
2024-12-12 02:14:14,38.29079365079364,,,,,,,,
2024-12-12 02:15:16,38.25399286987521,,,,,,,,
2024-12-12 02:16:17,38.23967604433077,,,,,,,,
2024-12-12 02:17:18,38.183431372549016,,,,,,,,
2024-12-12 02:18:19,38.16716862745098,,,,,,,,
2024-12-12 02:19:21,38.108031372549014,,,,,,,,
2024-12-12 02:21:23,38.10666666666667,,,,,,,,
2024-12-12 02:22:24,38.10666666666667,,,,,,,,
2024-12-12 02:23:26,38.09445170660857,,,,,,,,
2024-12-12 02:24:27,38.07254901960784,,,,,,,,
2024-12-12 02:25:28,38.04705882352941,,,,,,,,
2024-12-12 02:26:29,37.988067226890756,,,,,,,,
2024-12-12 02:29:33,37.924705882352946,,,,,37.31485294117647,,,
2024-12-12 02:30:34,37.893025210084026,,,,,,,,
2024-12-12 02:31:36,37.86994916485113,,,,,37.351813725490196,,,
2024-12-12 02:32:37,37.86447349310094,,,,,37.351813725490196,,,
2024-12-12 02:33:38,37.853522149600586,,,,,37.38877450980392,,,
2024-12-12 02:34:39,37.848046477850396,,,,,,,,
2024-12-12 02:35:41,37.848046477850396,,,,,37.40725490196078,,,
2024-12-12 02:36:42,37.828039215686275,,,,,,,,
2024-12-12 02:37:43,37.81825882352941,,,,,,,,
2024-12-12 02:38:45,37.77094901960784,,,,,,,,
2024-12-12 02:42:50,,,,,,37.333333333333336,,,
2024-12-12 02:44:52,37.75115089514066,,,,,,,,
2024-12-12 02:45:53,37.74326203208556,36.44627450980393,,,,,,,
2024-12-12 02:49:59,,,,,,,,,
2024-12-12 02:51:00,,,,,,37.30376470588236,,,
2024-12-12 02:54:04,37.692380952380944,37.77686274509804,,,,37.29637254901961,,,
2024-12-12 03:07:21,,,,,,,,,
2024-12-12 03:08:22,,,37.629019607843134,,,,,,
2024-12-12 03:10:24,37.636059757236225,,,,,,,,
2024-12-12 03:11:25,37.65014005602241,,,,,,,,
2024-12-12 03:12:27,37.65014005602241,,,,,,,,
2024-12-12 03:17:33,37.65718020541549,,,,,,,,
2024-12-12 03:22:39,,,,,,36.94198385236448,,,
2024-12-12 03:23:40,,,,,,36.963725490196076,,,
2024-12-12 03:24:41,37.71350140056022,,,,,36.99095975232198,,,
2024-12-12 03:25:42,,,,,,37.0006862745098,,,
2024-12-12 03:26:44,,,,,,37.03764705882353,,,
2024-12-12 03:28:46,,,,,,37.07284780578899,,,
2024-12-12 03:29:47,,,,,,,37.48117647058824,,
2024-12-12 03:30:49,37.79030303030303,,,,,37.08907075873828,,,
2024-12-12 03:31:50,37.80257459505541,,,,,37.09549872122763,,,
2024-12-12 03:32:51,37.797023172905526,,,,,37.091408199643496,,,
2024-12-12 03:33:52,37.77014260249554,,,,,37.091408199643496,,,
2024-12-12 03:34:54,37.77043478260869,,,,,37.108354646206315,,,
2024-12-12 03:35:55,37.75757885763001,,,,,,,,
2024-12-12 03:36:56,37.75115089514066,,,,,,,,
2024-12-12 03:37:58,37.76400682011935,,,,,37.11725490196079,,,
2024-12-12 03:38:59,37.75115089514066,36.88980392156863,,,,37.119782135076264,,,
2024-12-12 03:40:00,37.75115089514066,36.91937254901961,,,,37.11430646332607,,,
2024-12-12 03:41:01,37.75757885763,,,,,37.09787944807553,,,
2024-12-12 03:42:03,37.74998217468805,,,,,37.075976761074806,,,
2024-12-12 03:43:04,37.74998217468805,,,,,37.03764705882353,,,
2024-12-12 03:44:06,37.76342245989304,,,,,37.03764705882353,,,
2024-12-12 03:45:07,37.756702317290554,,,,,37.026274509803926,,,
2024-12-12 03:46:08,37.76342245989304,,,,,36.99384168482208,,,
2024-12-12 03:47:10,37.76278244631185,,,,,36.95003631082062,35.55921568627451,,
2024-12-12 03:49:12,,,36.44627450980393,,,,,,
2024-12-12 03:50:13,,,,,,,,,
2024-12-12 03:51:15,37.80020639834881,,,,,36.88389019607843,,,
2024-12-12 03:52:16,37.80971677559913,36.776078431372554,,,,36.87132352941176,,,
2024-12-12 03:53:17,37.82904267589389,36.81588235294117,,,,36.97604575163399,,,
2024-12-12 03:54:18,37.80458333333334,36.81588235294117,,,,37.14236928104575,,,
2024-12-12 03:55:20,37.81628758169935,36.81588235294117,,,,37.1362091503268,,,
2024-12-12 03:57:22,,,,,,37.12388888888889,,,
2024-12-12 04:04:31,,36.77892156862745,,,,37.105408496732025,,,
2024-12-12 04:05:32,,,,,,37.07460784313726,,,
2024-12-12 04:06:33,,,,,,37.056930946291565,,,
2024-12-12 04:07:34,,36.73058823529412,,,,,,,
2024-12-12 04:08:36,,,,,,36.997326203208566,,,
2024-12-12 04:09:37,,36.67859943977591,,,,36.94356506238859,,,
2024-12-12 04:11:39,,,,,,36.92500466853408,,,
2024-12-12 04:12:41,,36.73272058823529,,,,,,,
2024-12-12 04:13:42,,36.750657439446364,,,,,,,
2024-12-12 04:14:43,37.629019607843134,,,,,36.786956521739135,,,33.93294117647059
2024-12-12 04:16:46,,36.633023735810106,,,,,,,
2024-12-12 04:17:47,,36.62697167755991,,,,36.69491978609626,,,
2024-12-12 04:22:53,,,,,,,,,
2024-12-12 04:24:56,,,,,,36.58003734827265,,,
2024-12-12 04:25:57,,,,,,36.53075630252101,,,
2024-12-12 04:28:00,,,,,,36.460354808590104,,,
2024-12-12 04:30:02,,,,,,36.42515406162465,,,
2024-12-12 04:32:05,,36.503769063180826,,,,,,,
2024-12-12 04:33:06,37.629019607843134,,,,,,,,
2024-12-12 04:34:07,,,,,,36.424098039215686,34.37647058823529,,
2024-12-12 04:35:08,,36.298431372549025,,,,36.43149019607843,,,
2024-12-12 04:36:09,,36.30621259029928,,,,,,,
2024-12-12 04:38:12,37.03764705882353,36.291039215686276,,,,36.413420479302836,,,
2024-12-12 04:39:13,,36.23190196078431,,,,36.413420479302836,,,
2024-12-12 04:41:15,,36.076666666666675,,,,36.376243550051605,,,
2024-12-12 04:42:16,,36.0323137254902,,,,,,,
2024-12-12 05:02:41,,,,,,36.29843137254902,,,
2024-12-12 05:04:43,,35.92493292053664,,,,,,,
2024-12-12 05:07:47,,,,,,36.07231833910034,,,
2024-12-12 05:08:48,,36.03970588235295,,,,36.00274509803921,,,
2024-12-12 05:09:49,,36.08018674136321,,,,35.963320261437914,,,
2024-12-12 05:10:51,,36.11698752228164,,,,35.876022408963586,,,
2024-12-12 05:11:52,,,,,,,,,
2024-12-12 05:12:53,37.284052287581694,36.08018674136321,,,,,37.333333333333336,,
2024-12-12 05:15:57,,36.05906629318394,,,,35.75633986928105,,,
2024-12-12 05:16:58,,36.20690943043884,,,,35.74929971988796,,,
2024-12-12 05:22:04,,36.05906629318394,,,,,,,
2024-12-12 05:24:07,,36.061882352941176,,,,,,,
2024-12-12 05:25:08,,36.072776057791536,,,,,,,
2024-12-12 05:27:10,,,,,,,,,
2024-12-12 05:29:13,,35.87824561403509,,,,,,,
2024-12-12 05:31:15,,35.85490196078431,,,,,33.34156862745098,,
2024-12-12 05:33:18,,,,,,35.68017825311943,,,
2024-12-12 05:34:19,37.27789215686275,,,,,,,,
2024-12-12 05:35:20,,35.72923529411764,,,,,,,
2024-12-12 05:36:21,37.31690631808279,35.66270588235294,,,,,,,
2024-12-12 05:37:22,37.333333333333336,35.7218431372549,,,,,,,
2024-12-12 05:40:26,,,,,,35.41137254901961,,,
2024-12-12 05:50:39,,,,,,35.58033613445378,,,
2024-12-12 06:28:25,,,35.70705882352941,,,,,,
2024-12-12 06:29:26,,,35.85490196078432,,,,,,
2024-12-12 06:32:30,,35.753746130030954,35.85490196078432,,,,,,
2024-12-12 06:33:31,,,36.88980392156863,,,,,,
2024-12-12 06:34:32,,,36.741960784313726,,,,,,
2024-12-12 07:11:18,37.606274509803924,35.70705882352941,,,,,,,
2024-12-12 07:12:19,37.67126050420169,35.950565167243376,,,,,,,
2024-12-12 07:15:23,37.71772549019608,35.90110294117647,,,,35.1291265597148,,,
2024-12-12 07:16:24,37.749142156862746,,,,,35.46065359477124,,,
2024-12-12 07:17:25,,36.104387254901965,,,,,,,
2024-12-12 07:19:28,,35.9766551326413,,,,,,,
2024-12-12 07:20:29,37.83435729847495,36.081014994232994,,,,,,,
2024-12-12 07:21:30,37.84257080610022,35.90708189158016,,,,,,,
2024-12-12 07:22:31,37.88122260668974,36.03753171856978,,,,,,,
2024-12-12 07:24:34,37.88991926182238,,,,,,,,
2024-12-12 07:26:36,,36.10390092879257,,,,,,,
2024-12-12 07:27:37,,,,,,35.963320261437914,,,
2024-12-12 07:29:40,37.87023735810114,36.08405882352942,,,,35.93375163398693,,,
2024-12-12 07:33:44,37.86556862745098,,,,,,,,
2024-12-12 07:34:46,,,,,,35.91403921568628,,,
2024-12-12 07:35:47,37.85750445632799,,,,,35.938063725490196,,,
2024-12-12 07:36:48,37.89110516934046,36.17874883286648,,,,35.95056516724337,,,
2024-12-12 07:37:49,37.911265597147946,,,,,35.95056516724337,,,
2024-12-12 07:38:50,37.931426024955435,,,,,35.81794117647058,,,
2024-12-12 07:39:51,37.952866479925305,36.311871657754004,,,,35.98426470588235,,,
2024-12-12 07:40:52,37.97398692810458,36.43923436041083,,,,36.01198529411765,,,
2024-12-12 07:41:54,37.9599066293184,36.40192156862745,,,,,,,
2024-12-12 07:42:55,38.006019607843136,36.50074303405572,,,,36.02122549019609,,,
2024-12-12 07:43:56,,36.44627450980392,,,,36.00274509803922,,,
2024-12-12 07:44:58,,36.524544405997695,,,,36.06742647058824,,,
2024-12-12 07:47:00,38.11603229527105,36.60281430219146,,,,,,,
2024-12-12 07:48:02,,,,,,36.19986928104575,,,
2024-12-12 07:52:06,38.072549019607834,36.58487745098039,,,,,,,
2024-12-12 07:54:09,38.11875,36.62368627450981,,,,,,,
2024-12-12 07:57:12,,36.643398692810464,,,,,,,
2024-12-12 07:58:13,38.08240522875817,,,,,36.56243697478992,,,
2024-12-12 08:00:16,38.083109243697486,36.82644257703082,,,,36.673725490196084,,,
2024-12-12 08:01:17,38.08392156862745,36.81019607843138,,,,,,,
2024-12-12 08:05:23,38.04790849673203,36.66235294117648,,,,,,,
2024-12-12 08:07:25,,36.66235294117648,,,,36.697607843137256,,,
2024-12-12 08:17:38,,,,,,,36.741960784313726,,32.75019607843137
2024-12-12 09:51:36,,,,,36.525882352941174,,,,
2024-12-12 10:01:49,,,,,36.361792717086836,,,,
2024-12-12 10:05:54,,,,,36.00274509803922,,,,
2024-12-12 10:06:55,,,,,35.901102941176475,,,35.41137254901961,
2024-12-12 10:07:56,,,,,35.81141868512111,,,35.55921568627451,
2024-12-12 10:08:57,,,,,35.74812636165577,,,,
2024-12-12 10:12:01,,,,,35.912396514161216,36.741960784313726,,35.55921568627451,
2024-12-12 10:13:02,,,,,35.90937048503612,,,,
2024-12-12 10:14:04,,,,,35.914039215686266,37.03764705882353,,35.85490196078432,
2024-12-12 10:17:08,,,,35.58878431372549,35.79576470588235,,,,
2024-12-12 10:18:09,,,,,35.939383753501396,,,,
2024-12-12 10:20:12,,,,35.707058823529415,,,,,
2024-12-12 10:21:13,,,,35.707058823529415,,,,,35.115686274509805
2024-12-12 10:24:17,,,,,35.99570494864612,,,,
2024-12-12 10:25:18,,,,,35.99570494864612,,,,
2024-12-12 10:26:19,,,,,35.99602495543672,,,,
2024-12-12 10:27:20,,,,,36.00274509803921,,,,
2024-12-12 10:28:22,,,,,36.02386554621849,,,,
2024-12-12 10:29:23,,,,,35.87602240896359,,,,
2024-12-12 10:30:24,,,,,35.72923529411765,,,,
2024-12-12 10:31:25,,,,,35.56699690402477,,,,
2024-12-12 10:44:42,,,,35.61835294117647,,,,,
2024-12-12 10:45:43,,,,,35.298316032295276,,,,
2024-12-12 10:47:46,,,,35.5726559714795,35.26352941176471,,,35.70705882352941,
2024-12-12 10:48:47,,,,35.63985739750446,,,,,
2024-12-12 10:49:48,,,,,34.99952380952381,,,,
2024-12-12 10:50:49,,,,35.61835294117647,,,,,
2024-12-12 10:51:50,,,,,,,,35.85490196078432,
2024-12-12 10:52:52,,,,,,,,35.70705882352941,
2024-12-12 10:53:53,,,,,,37.629019607843134,,,35.70705882352941
2024-12-12 10:54:54,,,,,35.06192513368984,,,,
2024-12-12 10:56:57,,,,,35.465133689839575,,,,
2024-12-12 10:58:59,,,,35.78098039215686,,,,35.41137254901961,
2024-12-12 11:01:02,,,,,35.45169340463458,,,,
2024-12-12 11:08:11,,,,35.83642156862745,,,,,
2024-12-12 11:09:12,,,,35.62492374727669,,,,,
2024-12-12 11:10:13,,,,35.62492374727669,,,,,
2024-12-12 11:11:15,,,,35.59617647058823,,,,,
2024-12-12 12:12:32,,,,,,38.36823529411765,,,
2024-12-12 12:24:47,,36.298431372549025,,,,,,,
2024-12-12 12:26:50,,,36.00274509803921,,,,,,
2024-12-12 12:28:52,,36.175228758169936,,,,,,,
2024-12-12 12:31:56,,36.175228758169936,36.88980392156863,,,,,,
2024-12-12 12:47:15,,,36.44627450980393,,,,,,
2024-12-12 13:00:31,,36.249150326797384,,,,,,,
2024-12-12 13:06:39,,36.249150326797384,,,,,,,
2024-12-12 13:15:51,,36.19986928104575,,,38.51607843137255,,,,35.115686274509805
2024-12-12 13:16:52,,,,,33.93294117647059,,,,34.08078431372549
2024-12-12 13:18:54,,,35.115686274509805,,34.37647058823529,,,,
2024-12-12 13:25:02,,,,,,,,,34.82
2024-12-12 13:27:05,,,,,,,,,
2024-12-12 13:50:33,,,,,,36.81588235294118,,,
2024-12-12 14:19:09,,,,,,36.626971677559915,,,
2024-12-12 14:24:16,,,,34.9678431372549,,,,,
2024-12-12 14:31:25,,,,,,,,,
2024-12-12 14:50:48,37.77686274509804,,,,,,,,
2024-12-12 14:52:51,,,,,,36.12101960784314,,,
2024-12-12 14:55:55,37.629019607843134,,,,,,,,
2024-12-12 15:06:08,,,,,,36.150588235294116,,,
2024-12-12 15:27:34,37.653660130718954,,,,,,,,
2024-12-12 15:30:38,37.713501400560226,,,,,,,,
2024-12-12 15:37:47,,,,,,36.12101960784314,37.03764705882353,,
2024-12-12 16:00:14,,,,34.2286274509804,,36.1801568627451,,,
2024-12-12 16:06:22,,,,,,,,34.82,
2024-12-12 16:20:40,,,,,,36.1801568627451,,,
2024-12-12 16:21:41,,,,,,36.22450980392157,,,
2024-12-12 16:24:45,,36.15058823529412,,,,,,,
2024-12-12 16:25:46,,,,,,36.29843137254902,,,
2024-12-12 16:26:48,,,,,,36.364139433551195,,,
2024-12-12 16:28:50,,,,,,,,,
2024-12-12 16:33:57,,,36.425154061624646,,,,,,
2024-12-12 16:34:58,37.565658263305316,,,,,,,35.115686274509805,
2024-12-12 16:35:59,,,,35.26352941176471,,,,34.6721568627451,
2024-12-12 16:37:00,37.653660130718954,,36.26886274509805,,,,,,
2024-12-12 16:38:02,37.555098039215686,,,,,,,,
2024-12-12 16:39:03,37.56988235294118,,,,,,,,
2024-12-12 16:40:05,,,,,,,,33.78509803921568,
2024-12-12 16:41:06,,,36.44627450980392,,,,,,
2024-12-12 16:43:09,,,,,35.41137254901961,,,,
2024-12-12 16:44:10,,,,,35.70705882352941,,,,
2024-12-12 17:06:38,,,36.387137254901965,,,,,,
2024-12-12 17:10:43,,,36.37235294117647,,,,,,
2024-12-12 17:12:46,,,36.37235294117647,,,,,,
2024-12-12 17:18:54,,36.00274509803921,,,,36.88980392156863,,,
2024-12-12 17:19:55,,,36.341914648212224,,,,,,
2024-12-12 17:21:58,,,36.31485838779956,,,,,,
2024-12-12 17:25:02,37.40725490196078,,36.3066448801743,,,,,,
2024-12-12 17:28:05,,,36.29065015479877,,,,,,
2024-12-12 17:29:07,,,36.2614705882353,,,,,,
2024-12-12 17:37:17,,,,,,,35.115686274509805,,
2024-12-12 17:45:27,,,,,,,36.15058823529412,,
2024-12-12 17:46:28,,35.83026143790849,,,,37.629019607843134,,,
2024-12-12 17:50:34,,,,,,,,,
2024-12-12 17:53:37,,,,,,,,,
2024-12-12 17:55:40,,,36.113627450980395,,,,,,
2024-12-12 17:56:41,,,36.11978758169935,,,36.44627450980393,36.44627450980393,,
2024-12-12 17:58:43,36.44627450980393,,36.10559249786871,,,,,,
2024-12-12 17:59:44,,35.95346405228758,,,,,,,
2024-12-12 18:01:47,36.44627450980393,,,,,,,,
2024-12-12 18:02:49,,,36.080186741363214,,,,,,
2024-12-12 18:03:50,,35.82533333333333,36.061882352941176,,,,,,
2024-12-12 18:04:51,,35.88447058823529,36.05721362229103,,,36.50541176470588,35.85490196078432,,
2024-12-12 18:05:52,,,36.043812636165576,,,,35.91403921568629,,
2024-12-12 18:06:53,,,36.04622837370242,,,,,,
2024-12-12 18:07:55,36.34771241830065,,36.03970588235294,,,,,,
2024-12-12 18:08:56,36.372352941176466,,36.06362168396771,,,,,,
2024-12-12 18:09:57,,,36.00274509803921,,,,,,
2024-12-12 18:10:58,,,36.00274509803921,,,,,,
2024-12-12 18:12:00,36.59411764705883,,35.95654411764706,,,,,,
2024-12-12 18:15:03,36.59411764705883,,35.90418300653595,,,,,,
2024-12-12 18:16:05,36.6152380952381,,,,,,,,
2024-12-12 18:31:23,,,,,,35.70705882352941,,,
2024-12-12 19:05:05,,,,,,34.37647058823529,,,
2024-12-12 19:13:18,,,,,,,35.85490196078432,,
2024-12-12 20:07:40,,,,,,38.36823529411765,,,
2024-12-12 20:10:45,,,,36.01917211328976,37.333333333333336,,,,
2024-12-12 20:13:52,,,,,,,,35.46065359477125,
2024-12-12 20:21:02,,,,35.90866310160428,,,,35.31281045751634,
2024-12-12 20:24:07,,,,35.94114379084968,,,,,
2024-12-12 20:27:12,,,,,,,,35.50993464052288,
2024-12-12 20:29:15,,,35.94360784313726,35.990424836601306,,,,35.436013071895424,
2024-12-12 20:32:19,,,,,36.29843137254902,,,,
2024-12-12 20:33:21,,,,36.05202614379085,,,,,
2024-12-12 20:36:25,38.07254901960785,,36.35756862745098,,,,,,
2024-12-12 20:39:30,,,,,,,,,
2024-12-12 20:59:03,,,36.413420479302836,,,,,,
2024-12-12 21:29:54,,36.741960784313726,,35.94114379084968,,,,35.485294117647065,
2024-12-12 21:30:55,,,36.49555555555556,35.99137254901961,,,,35.43601307189543,
2024-12-12 21:31:57,,,,,,,,,
2024-12-12 21:39:08,,,,36.014117647058825,,,,,
2024-12-12 21:44:16,,,,36.03686274509805,,,,,
2024-12-12 21:50:26,,,,36.07666666666667,,,,,
2024-12-12 21:51:28,,,,36.00274509803922,,,,,
2024-12-12 22:01:43,,,,35.94898395721925,,,,,
2024-12-12 22:02:45,,,36.544836601307196,,,,,,
2024-12-12 22:03:47,,,,,,,,,
2024-12-12 22:36:36,,37.14516934046346,36.39083333333333,,,37.13004901960784,37.333333333333336,,
2024-12-12 22:37:40,,37.15860962566845,36.42779411764706,,,,,,
2024-12-12 22:38:41,,,36.48323529411765,,,,37.03764705882353,,
2024-12-12 22:41:46,,,36.53075630252101,,,,,,
2024-12-12 22:44:50,,,,,,37.18549019607843,,,
2024-12-12 22:46:53,,37.122128851540616,,,,37.167009803921566,,,
2024-12-12 22:47:55,38.07254901960785,37.117254901960784,,35.97810457516339,,,,,
2024-12-12 22:48:57,,,,,,,38.36823529411765,,
2024-12-12 22:49:58,38.057764705882356,36.95803921568627,,,,37.09308823529412,,,
2024-12-12 22:52:01,38.126310160427806,37.014901960784314,,,,,,,
2024-12-12 22:55:07,,,,,,37.169063180827884,37.03764705882353,,
2024-12-12 22:57:11,,,,,,37.15263616557734,,,
2024-12-12 22:59:15,,36.95803921568627,,,,37.15263616557734,,,
2024-12-12 23:01:18,38.03843137254902,36.9921568627451,,,,,,,
2024-12-12 23:04:22,,36.963725490196076,,,,,,,
2024-12-12 23:06:25,38.027058823529416,37.03764705882353,,,,37.02420677361854,,,
2024-12-12 23:08:28,38.12535014005602,,,,,,,,
2024-12-12 23:09:31,38.08240522875817,36.96372549019608,,,,,,,
2024-12-12 23:10:33,38.07254901960785,36.81019607843137,,,,,,,
2024-12-12 23:11:35,38.05406862745098,36.88980392156863,,,,,,,
2024-12-12 23:12:36,38.08124567474049,,,,,,,,
2024-12-12 23:13:38,38.089942329873125,,,,,,,,
2024-12-12 23:14:39,,36.85568627450981,,,,,,,
2024-12-12 23:27:00,,,,,,,,,36.15058823529412
2024-12-13 00:11:12,38.023267973856214,,,,,,,,
2024-12-13 00:23:33,,,,,,36.98220588235294,,,
2024-12-13 00:37:56,38.07254901960784,,,,,,,,
2024-12-13 00:38:58,38.052836601307185,,,,,,,,
2024-12-13 01:00:34,,,,,,36.953165266106446,,,
2024-12-13 01:01:36,,36.6152380952381,,,,,,,
2024-12-13 01:04:41,,,,,,,,,
2024-12-13 01:06:45,,,,,,,,,
2024-12-13 01:09:49,38.060228758169934,,,,,,,,
2024-12-13 01:12:56,,36.68819964349376,,,,,,,
2024-12-13 01:13:57,38.02819607843137,36.52019607843137,,,,,,,
2024-12-13 01:14:59,38.00684095860566,36.49555555555556,,,,36.86023529411765,,,
2024-12-13 01:29:22,,,,,,,,,37.333333333333336
2024-12-13 02:16:36,,,,,,,,,36.741960784313726
2024-12-13 02:18:40,,,,,,,,,
2024-12-13 02:27:54,,36.59411764705882,,,,,,,
2024-12-13 02:28:56,,36.544836601307196,,,,,,,
2024-12-13 02:29:58,37.99862745098039,36.544836601307196,,34.9678431372549,,36.88980392156863,,,
2024-12-13 02:32:04,,36.59411764705882,,34.5243137254902,,36.919372549019606,,,
2024-12-13 02:33:06,,,,33.93294117647059,,,,,
2024-12-13 02:34:08,,36.57769063180828,,34.82,,,,,
2024-12-13 02:38:15,,,36.39347338935574,,,,,,
2024-12-13 02:39:17,,,36.36742483660131,,,,,,
2024-12-13 02:40:19,,,36.3815931372549,,,,,,
2024-12-13 02:41:20,,,,,,,,,
2024-12-13 02:43:24,,,36.30664488017429,,,,,,
2024-12-13 02:45:28,,,36.31399380804953,,,,,,
2024-12-13 03:22:30,,,36.283647058823526,,,,,,
2024-12-13 03:23:31,,36.35756862745099,,,,37.18549019607843,,,
2024-12-13 03:25:35,,,,,,,,,
2024-12-13 03:26:37,,,36.204349376114074,,,,,,
2024-12-13 03:27:38,,,36.24057971014493,,,,,,
2024-12-13 03:28:40,,,36.22772378516624,,,,,,
2024-12-13 03:31:45,,,36.23683006535948,,,,36.46475490196079,,
2024-12-13 03:32:47,37.48117647058824,,36.23929411764706,,,,36.46475490196079,,
2024-12-13 03:34:50,,,36.24520784313726,,,,36.50171568627451,,
2024-12-13 03:35:51,,,36.28137254901961,,,,36.26557734204793,,
2024-12-13 03:38:56,,,36.29843137254902,,,,36.28200435729848,,
2024-12-13 03:39:58,,,36.298431372549025,,,,36.28200435729848,,
2024-12-13 03:42:01,,,36.33057118499574,,,,,,
2024-12-13 03:43:03,,,36.36563279857398,,,,,,
2024-12-13 03:44:04,,,36.354752567693744,,,,,,
2024-12-13 03:45:06,,,36.35756862745098,,,,,,
2024-12-13 03:47:10,,,36.35289989680082,,,,,,
2024-12-13 03:48:11,,,,,,,,,
2024-12-13 03:49:13,,,36.32177502579979,,,,36.15058823529412,,
2024-12-13 03:50:15,,,36.29843137254902,,,,36.15058823529412,,
2024-12-13 03:51:16,,36.44627450980393,,,,,,,
2024-12-13 03:53:20,,,36.29843137254902,,,,,,
2024-12-13 03:56:24,,,36.27871895424837,,,,,,
2024-12-13 06:01:58,,,,,,36.44627450980393,,,
2024-12-13 06:02:59,,,36.0323137254902,,,,,,
2024-12-13 06:04:01,36.85037908496732,,,,,,,,
2024-12-13 06:05:03,36.84360294117647,,,,,,,,
2024-12-13 06:06:04,36.84632064590542,,,,,,,,
2024-12-13 06:07:06,36.85694989106754,,,,,,,,
2024-12-13 06:08:08,36.84311661506708,,,,,,,,
2024-12-13 06:09:09,36.84545098039216,,,,,,,,
2024-12-13 06:10:11,36.847563025210086,,,,,,,,
2024-12-13 06:11:13,36.84276292335116,,,,,,,,
2024-12-13 06:12:15,36.844808184143226,,,,,,,,
2024-12-13 06:13:19,36.81588235294117,,,,,,,,
2024-12-13 06:14:20,36.79518431372549,,,,,,,,
2024-12-13 06:15:22,36.77039215686275,,,,,,,,
2024-12-13 06:16:23,36.758387799564275,,,,,,,,
2024-12-13 06:17:25,36.747240896358555,,35.26352941176471,,,,,,
2024-12-13 06:18:27,36.736862745098044,,34.6721568627451,,,,,,
2024-12-13 06:19:29,36.71239215686275,,34.82,,,,,,
2024-12-13 06:20:30,36.69760784313726,,,,,,,,
2024-12-13 06:21:32,36.663111111111114,,,,,,,,
2024-12-13 06:22:33,36.64339869281046,,,,,,,,
2024-12-13 06:23:35,36.62368627450981,,,,,,,,
2024-12-13 06:24:37,36.59904575163399,,,,,,,,
2024-12-13 06:25:39,36.57933333333334,,,,,,,,
2024-12-13 06:26:40,36.55962091503268,,,,,,,,
2024-12-13 06:27:42,36.54483660130719,,,,,,,,
2024-12-13 06:28:44,36.539908496732025,,,,,,,,
2024-12-13 06:29:46,36.5300522875817,,,,,,,,
2024-12-13 06:30:47,36.51033986928105,,,,,,,,
2024-12-13 06:31:49,36.490627450980384,,,,,,,,
2024-12-13 06:32:51,36.48077124183006,,,,,,,,
2024-12-13 06:33:52,36.470915032679734,,,,,,,,
2024-12-13 06:34:55,36.46598692810457,,,,,,,,
2024-12-13 06:35:56,36.44627450980392,,,,,,,,
2024-12-13 06:36:58,36.44117647058823,,34.65737254901961,,,,,,
2024-12-13 06:38:00,36.41987394957984,,,,,,,,
2024-12-13 06:39:02,36.413420479302836,,,,,,,,
2024-12-13 06:40:03,36.396993464052294,,,,,,,,
2024-12-13 06:41:07,36.38604212055193,,,,,,,,
2024-12-13 06:42:09,36.38604212055193,,34.6598366013072,,,,,,
2024-12-13 06:43:11,36.36666666666667,,,,,,,,
2024-12-13 06:44:12,,,,,,,,,
2024-12-13 06:45:14,36.353872549019606,,34.64751633986929,,,,,,
2024-12-13 06:46:16,36.36271099744246,,34.64751633986929,,,,,,
2024-12-13 06:47:17,36.35891265597149,,34.76313725490197,,,,,,
2024-12-13 06:48:19,36.37907308377897,,34.774509803921575,,,,,,
2024-12-13 06:49:20,36.38291316526611,,34.86224089635856,,,,,,
2024-12-13 06:50:23,36.379745098039216,,34.938274509803925,,,,,,
2024-12-13 06:51:24,36.38402476780186,,35.095973856209156,,,,,,
2024-12-13 06:52:26,,,35.15264705882353,,,,,,
2024-12-13 06:53:28,,,35.27276960784314,,,,34.82,,
2024-12-13 06:54:31,,,35.307012687427914,,,,34.9678431372549,,
2024-12-13 06:55:33,36.39699346405228,,,,,,,,
2024-12-13 06:56:35,36.45613071895425,,,,,,,,
2024-12-13 06:57:36,36.49555555555556,,,,,,,,
2024-12-13 07:26:27,,36.88980392156863,,,,,,,
2024-12-13 07:27:29,,36.00274509803921,,,,,,,
2024-12-13 07:28:31,,36.44627450980393,,,,,,,
2024-12-13 07:29:33,,36.59411764705882,,,,,,,
2024-12-13 07:58:20,,,35.43108496732027,,,,,,
2024-12-13 07:59:21,36.72852049910874,,,,,,,,
2024-12-13 08:00:23,,,35.55921568627452,,36.15058823529412,,,,
2024-12-13 08:01:25,,,35.620816993464054,,36.00274509803921,,,,
2024-12-13 08:03:29,,,35.57153594771242,,,,,,
2024-12-13 08:06:34,,,35.60849673202614,,,,,,
2024-12-13 08:07:35,,,35.68017825311943,,,,,,
2024-12-13 08:09:39,,,35.76619607843137,,,,,,
2024-12-13 08:10:41,,,35.70705882352941,,,,,,
2024-12-13 08:11:43,36.7822816399287,,,,,,,,
2024-12-13 08:12:45,36.84545098039216,,,,,,,,
2024-12-13 08:13:47,36.873376906318086,,,,,,,,
2024-12-13 08:21:01,36.840522875816994,,,,,,,,
2024-12-13 08:31:17,,,,,,,29.34980392156863,,
2024-12-13 08:36:28,,,,,,32.72555555555556,,,
2024-12-13 08:39:33,,34.00686274509804,,,,,,,
2024-12-13 08:46:46,,34.03854341736695,,,,,,,
2024-12-13 08:47:50,,34.099264705882355,,,,32.93089324618737,,,
2024-12-13 08:48:52,,34.14649237472767,,,,32.91446623093682,,,
2024-12-13 08:49:53,36.88980392156863,,35.68593837535014,,,,32.15882352941176,,
2024-12-13 08:50:55,36.945245098039216,,35.48529411764706,,,,,,
2024-12-13 08:54:00,36.90828431372549,,,,,,,,
2024-12-13 08:56:03,,,,,,32.99660130718954,,,
2024-12-13 08:57:05,36.945245098039216,,34.37647058823529,,,,,,
2024-12-13 09:00:10,36.83436274509804,,,,,,,,
2024-12-13 09:01:11,,,,,,,,,
2024-12-13 09:02:13,,,,,,33.11980392156863,,,
2024-12-13 09:03:15,,,,32.42282913165267,,,,,
2024-12-13 09:04:16,,,,32.42494117647059,,,,,
2024-12-13 09:05:18,,34.30823529411765,,32.42494117647059,,33.141545559400235,,,
2024-12-13 09:06:20,,34.33422969187675,,32.45450980392157,,33.14752450980392,,,
2024-12-13 09:07:22,,34.34235294117647,,,,33.15676470588235,,,
2024-12-13 09:08:23,,34.149019607843144,,32.47190311418686,,33.14752450980393,,,
2024-12-13 09:09:25,,34.205882352941174,,32.454509803921574,,,,,
2024-12-13 09:10:27,,34.17934640522876,,,,,,,
2024-12-13 09:11:29,,34.24,,,,33.3241753171857,,,
2024-12-13 09:12:30,,,,32.4805997693195,,33.332871972318344,,,
2024-12-13 09:13:34,,,,32.46320645905421,,33.31547866205307,,,
2024-12-13 09:14:35,,34.552034313725486,,32.515386389850065,,33.36004901960784,,,
2024-12-13 09:15:37,,34.64606689734717,,32.544858387799565,,33.34156862745098,,,
2024-12-13 09:16:39,,,,32.52843137254902,,33.40244521337947,,,
2024-12-13 09:17:40,,,,32.53664488017429,,33.55898500576702,,,
2024-12-13 09:18:42,,,,32.55017301038063,,33.619861591695496,,,
2024-12-13 09:19:44,,,,32.57463235294117,,,,,
2024-12-13 09:20:46,37.18549019607843,,,,,,,,
2024-12-13 09:21:48,,35.18571723426213,,32.570672268907565,,,,,
2024-12-13 09:22:50,37.48117647058824,,,32.60235294117647,,,,,
2024-12-13 09:24:53,,,,,,,,,
2024-12-13 09:30:03,,35.30459694989107,,,,34.00686274509804,,,
2024-12-13 09:31:04,,,,,,33.98838235294118,,,
2024-12-13 09:32:06,,35.42061274509804,,,,33.98838235294118,,,
2024-12-13 09:33:08,,35.40151633986929,,,,,,,
2024-12-13 09:36:13,,35.460653594771244,,,,,,,
2024-12-13 09:37:15,37.03764705882353,35.391660130718954,,,,,,,
2024-12-13 09:38:17,37.18549019607843,35.453613445378146,,32.694754901960785,,,,,
2024-12-13 09:39:20,,35.49098039215686,,,,34.049103641456576,,,
2024-12-13 09:40:22,,35.49098039215686,,,,34.05966386554621,,,
2024-12-13 09:41:24,,35.49098039215686,,,,34.05966386554622,,,
2024-12-13 09:42:26,36.741960784313726,35.30577030812325,,,,34.08078431372549,,,
2024-12-13 09:45:31,,,35.115686274509805,,33.489411764705885,,34.5243137254902,,32.898039215686275
2024-12-13 09:46:32,,,,,33.34156862745098,,,,
2024-12-13 09:49:38,,35.18960784313725,,,,34.0117908496732,,,
2024-12-13 09:51:41,,35.21072829131653,,,,,,,
2024-12-13 09:57:54,,,,,35.26352941176471,,,,32.45450980392157
2024-12-13 09:58:55,,,,,,,,,31.71529411764706
2024-12-13 09:59:57,,,,,,,,,32.15882352941176
2024-12-13 10:00:58,,,,,36.15058823529412,,,,
2024-12-13 10:02:00,,,,,35.70705882352941,,,,
2024-12-13 10:04:04,,,,,,34.11490196078431,,,
2024-12-13 10:05:06,,,,,,34.11490196078431,,,
2024-12-13 10:06:10,,,,,,34.12627450980391,,,
2024-12-13 10:07:11,,,,,,34.05614379084967,,,
2024-12-13 10:12:20,,,,,,34.02702317290552,,,
2024-12-13 10:13:22,,34.61301960784314,,,,34.24206773618538,,,
2024-12-13 10:14:24,,32.75019607843137,,,,34.48399286987523,,,
2024-12-13 10:17:29,,,,,,,34.04046345811052,,
2024-12-13 10:18:33,,,,,,,34.05390374331551,,
2024-12-13 10:19:35,,,,,,,,,
2024-12-13 10:20:37,,,,,,34.13992156862746,,,
2024-12-13 10:21:39,,,,,,,34.04046345811052,,
2024-12-13 10:22:40,,,,,,,34.04046345811052,,
2024-12-13 10:23:42,,,,,,,34.04046345811052,,
2024-12-13 10:24:44,,,,,,,34.02702317290553,,
2024-12-13 10:25:45,,,,,,,34.04046345811052,,
2024-12-13 10:26:47,,,,,,,34.02702317290553,,
2024-12-13 10:27:48,,,,,,,34.00014260249554,,
2024-12-13 10:34:01,,,,,,,34.00014260249554,,
2024-12-13 10:35:02,,33.34156862745098,,,,,34.00014260249554,,
2024-12-13 10:37:06,,,,,34.9678431372549,34.94936274509804,,,
2024-12-13 10:38:08,,,,,36.15058823529412,35.15792717086835,,,
2024-12-13 10:59:45,,,,,,,,,
2024-12-13 11:15:14,,,,,35.08611764705883,,,,
2024-12-13 11:16:16,,,,,35.05654901960784,,,,
2024-12-13 11:37:55,,,,,,,,,
2024-12-13 11:46:09,,37.03764705882353,,,,35.5887843137255,,,
2024-12-13 11:48:12,,,,,,35.94360784313726,,,
2024-12-13 11:51:17,,36.00274509803921,,,,,,,
2024-12-13 11:58:30,,,35.95346405228758,,,,,,
2024-12-13 11:59:31,,,,,,,,,
2024-12-13 12:00:33,,,35.96989106753813,,,,,,
2024-12-13 12:01:35,,,35.96989106753813,,,,,,
2024-12-13 12:02:36,,,35.95839215686275,,,,,,
2024-12-13 12:04:42,,,,,,35.79576470588235,,,
2024-12-13 12:05:44,,,35.98930481283423,,,,30.680392156862744,,
2024-12-13 12:07:47,37.11649673202615,,,,,,,,
2024-12-13 12:08:49,37.102328431372555,,36.00274509803922,,35.41137254901961,,,,
2024-12-13 12:09:51,37.11591695501731,,,,,,,,
2024-12-13 12:10:53,37.13331026528259,,,,,,,,
2024-12-13 12:11:55,37.11591695501731,,36.00274509803922,,36.00274509803921,,,,
2024-12-13 12:12:56,37.12461361014995,,35.94360784313725,,,,,,
2024-12-13 12:13:58,37.12461361014995,,,,,,,,
2024-12-13 12:15:00,37.11591695501731,,,,,,,,
2024-12-13 12:16:02,37.07050108932462,,35.920610021786494,,,,,,
2024-12-13 12:17:04,37.07050108932462,,,,,,,,
2024-12-13 12:18:07,37.078714596949894,,,,,,29.94117647058824,,
2024-12-13 12:19:09,37.07050108932462,,,,,,,,
2024-12-13 12:20:10,37.06228758169935,,35.9103431372549,,,,,,
2024-12-13 12:21:12,37.070501089324615,,,,,,,,
2024-12-13 12:22:14,37.05407407407407,,35.884470588235295,,,,30.97607843137255,,
2024-12-13 12:23:16,37.045860566448795,,,,,,,,
2024-12-13 12:24:17,37.0724336793541,,,,,,,,
2024-12-13 12:25:19,37.04688725490196,,35.832156862745094,,,,,,
2024-12-13 12:27:22,,,35.911764705882355,,,,,,
2024-12-13 12:43:50,,,35.928823529411765,,,,,,
2024-12-13 12:44:54,,,,,,,,,
2024-12-13 12:45:56,,,35.96050420168068,,,,,,
2024-12-13 12:46:58,,,36.05202614379085,,,,,,
2024-12-13 12:48:00,,,36.00274509803921,,,,,,
2024-12-13 12:49:02,,,36.0555462184874,,,,,,
2024-12-13 12:50:03,,,35.981624649859945,,,,,,
2024-12-13 12:53:08,,,,,,,36.88980392156863,,
2024-12-13 12:55:12,,,,,,,37.18549019607843,,
2024-12-13 13:51:53,,36.47912854030502,,,,,,,
2024-12-13 13:52:55,,,,37.92470588235294,,,,,
2024-12-13 13:59:06,,36.52691622103387,,,,,,,
2024-12-13 14:00:08,,36.520196078431375,,,,36.4758431372549,36.59411764705882,,
2024-12-13 14:01:09,,,,,,,,36.29843137254902,
2024-12-13 14:03:13,,36.58355742296919,,,,36.50541176470589,,,
2024-12-13 14:04:15,,36.60397385620915,35.89925490196079,,,36.56454901960784,,,
2024-12-13 14:05:19,,36.60397385620915,35.90418300653595,,,36.32307189542484,36.741960784313726,,
2024-12-13 14:06:20,,,36.03970588235294,,,,,,
2024-12-13 14:07:22,,36.585420991926185,36.00274509803921,,,36.372352941176466,,,
2024-12-13 14:08:24,,36.536623093681925,,,,,,,
2024-12-13 14:09:26,,36.55521155830754,,,,36.44627450980392,,,
2024-12-13 14:11:29,,,,,,,,,
2024-12-13 14:12:31,37.333333333333336,,,,,,,,
2024-12-13 14:13:32,37.18549019607843,,,,,,,,
2024-12-13 14:14:34,37.48117647058824,,,,,,,,
2024-12-13 14:22:48,,36.50259570494865,,,,,,,
2024-12-13 14:23:50,,36.50675579322638,,,,,,,
2024-12-13 14:24:52,,36.47443510737629,,,,,,,
2024-12-13 14:25:53,,36.4093137254902,,,,,,,
2024-12-13 14:27:57,,36.424098039215686,,,,,,,
2024-12-13 14:30:01,,36.399587203302374,,,,,,,
2024-12-13 14:31:03,,,,,,35.63313725490196,,,
2024-12-13 14:32:05,,36.394094579008076,,,,,,,
2024-12-13 14:33:06,,36.42018454440599,,,,,,,
2024-12-13 14:35:10,,36.45551470588235,,,,,,,
2024-12-13 14:36:12,,36.40684967320261,,,,,,,
2024-12-13 14:38:15,,36.43571428571428,,,,,,,
2024-12-13 14:43:24,,36.525882352941174,,,,35.26352941176471,,,
2024-12-13 14:52:39,,,,,,34.6721568627451,,,
2024-12-13 14:53:41,,,,,,34.6721568627451,,,
2024-12-13 14:56:46,,36.51450980392157,,,,,,,
2024-12-13 15:07:04,,36.520196078431375,,,,,,,
2024-12-13 15:41:03,,,35.559215686274506,,35.85490196078432,,35.67749019607844,,
2024-12-13 15:42:04,,,35.58693627450981,,,,35.707058823529415,,
2024-12-13 15:43:06,36.88980392156863,,35.59400230680508,,35.26352941176471,,,,
2024-12-13 15:44:07,,,35.600283224400876,,,,35.75633986928105,,
2024-12-13 15:45:09,,,35.59812177502581,,,,35.769308565531475,,
2024-12-13 15:46:11,36.923921568627456,,35.61096078431373,,34.2286274509804,,35.77358823529411,,
2024-12-13 15:47:12,,,35.62257703081233,,,,35.81970121381886,,32.75019607843137
2024-12-13 15:48:14,,,35.63313725490197,,,,35.834741532976835,,33.075450980392155
2024-12-13 15:49:16,,,35.63985739750446,,,,35.841461675579325,,
2024-12-13 15:50:18,,,35.62641711229947,,,,35.834741532976835,,
2024-12-13 15:51:19,36.88980392156863,,35.66849104859335,,,,35.834741532976835,,
2024-12-13 15:52:21,36.907197231833905,,35.67009803921569,,,,35.834741532976835,,
2024-12-13 15:53:22,36.92265795206971,,35.70089869281046,,,,35.841461675579325,,
2024-12-13 15:54:26,36.920928792569654,,35.707058823529415,,,,35.75205456095482,,
2024-12-13 15:55:27,36.913147574819405,,35.695231372549024,,,,35.75205456095482,,
2024-12-13 15:56:29,36.9341568627451,,35.644509803921565,,,,35.758482523444165,,
2024-12-13 15:57:31,36.939084967320255,,35.62426666666667,,,,35.754099821746884,,
2024-12-13 15:58:34,36.93684491978609,,35.620816993464054,,,,35.75633986928105,,
2024-12-13 15:59:35,36.97044563279857,,35.62349531116794,,,,35.76619607843138,,
2024-12-13 16:00:37,37.024206773618545,,35.626417112299464,,33.489411764705885,,35.80043343653252,,
2024-12-13 16:01:39,37.03121909633419,,35.646577540106954,,,,35.80562091503268,,33.04588235294118
2024-12-13 16:02:40,37.05050298380222,,35.68689839572192,,,,35.79402537485583,,33.04588235294118
2024-12-13 16:03:42,37.062287581699344,,35.7204991087344,,,,35.80870098039216,,33.04588235294118
2024-12-13 16:22:15,,36.00274509803921,,,,,,,
2024-12-13 16:23:17,,35.85490196078432,,,,,,,
2024-12-13 16:24:19,37.092403776325355,,35.84818181818183,,,,,,
2024-12-13 16:26:22,37.08692810457517,,35.8689822595705,,36.15058823529412,,,,
2024-12-13 16:27:24,37.097879448075524,,,,,,,,
2024-12-13 16:28:25,37.10883079157589,,36.00274509803922,,,,,,
2024-12-13 16:29:27,,,,,,35.41137254901961,,,
2024-12-13 16:30:29,37.114306463326066,,,,,,,,
2024-12-13 16:41:48,37.12525780682644,,,,,,,,
2024-12-13 16:42:50,37.130733478576616,,,,,,,,
2024-12-13 16:43:51,37.11978213507626,,,,,,,,
2024-12-13 16:44:53,,,,,,,,,
2024-12-13 16:45:55,37.12862745098039,,36.335392156862746,,,,,,
2024-12-13 16:46:56,37.12294117647058,,36.35289989680083,,,,,,
2024-12-13 16:47:59,37.117254901960784,,36.388779956427015,,,,,,
2024-12-13 16:49:00,37.12294117647058,,36.420184544406,,,,,,
2024-12-13 16:50:04,37.10883079157589,,36.41148788927336,,,,,,
2024-12-13 16:51:06,37.09044817927171,,36.420184544406006,,,,,,
2024-12-13 16:52:08,37.09044817927171,,,,,,,,
2024-12-13 16:53:10,37.09044817927172,,36.44627450980392,,,,,,
2024-12-13 16:54:11,37.09572829131654,,36.41148788927336,,,,,,
2024-12-13 16:55:13,37.07460784313726,,36.463667820069205,,,,,,
2024-12-13 16:56:14,37.07988795518207,,36.35592592592592,,,,,,
2024-12-13 16:57:16,37.075976761074806,,36.28200435729848,,,,,,
2024-12-13 16:58:18,37.07745098039216,,36.313993808049545,,,,,,
2024-12-13 16:59:19,37.07312941176471,,36.32800000000001,,,,,,
2024-12-13 17:00:21,37.062287581699344,,36.368832866479934,,,,,,
2024-12-13 17:02:24,,36.741960784313726,,,,,,,
2024-12-13 17:03:26,37.03764705882354,36.29843137254902,,,,,,,
2024-12-13 17:04:28,37.01076648841356,36.29843137254902,,,,,,,
2024-12-13 17:07:33,37.00244631185807,,,,,,,,
2024-12-13 17:10:37,36.99329411764707,,,,,,,,
2024-12-13 17:11:40,36.990959752321984,,,,,,,,
2024-12-13 17:12:42,36.944272445820445,,,,,,,,
2024-12-13 17:13:44,36.89801742919391,,36.53363636363636,,,,,,
2024-12-13 17:14:45,36.881590413943364,,36.565957049486464,,,,,,
2024-12-13 17:15:47,36.88159041394336,,36.51667600373483,,,,,,
2024-12-13 17:18:53,,,,,,,,,
2024-12-13 17:19:55,,,,,,,,,
2024-12-13 17:24:02,,,36.47912854030501,,,,,,
2024-12-13 17:25:03,,,36.48106113033448,,,,,,
2024-12-13 17:26:05,,,36.44627450980392,,,,,,
2024-12-13 17:28:08,,,36.45613071895425,,,,,,
2024-12-13 17:40:31,,,36.4364183006536,,,,,,
2024-12-13 17:41:33,36.679711042311666,,36.42656209150327,,,,,,
2024-12-13 17:42:34,,,36.41670588235295,,,,,,
2024-12-13 17:43:37,,,36.42656209150327,,,,,,
2024-12-13 17:44:39,,,36.4364183006536,,,,,,
2024-12-13 17:45:41,36.62697167755991,,,,,,,,
2024-12-13 17:46:42,,,36.363112745098036,,,,,,
2024-12-13 17:47:44,36.56126361655774,,,,,,,,
2024-12-13 17:49:48,36.53662309368192,,36.38291316526611,,,,,,
2024-12-13 17:58:04,36.54193771626298,,,,,,,,
2024-12-13 17:59:06,36.54193771626298,,,,,,,,
2024-12-13 18:00:08,36.54193771626298,,,,,,,,
2024-12-13 18:01:10,36.53324106113033,,,,,,,,
2024-12-13 18:02:11,36.524544405997695,,,,,,,,
2024-12-13 18:03:13,36.54193771626298,,,,,,,,
2024-12-13 18:04:15,36.53324106113033,,,,,,,,
2024-12-13 18:05:17,36.52454440599769,,,,,,,,
2024-12-13 18:06:18,36.520196078431375,,,,,,,,
2024-12-13 18:08:22,36.538676470588236,,,,,,,,
2024-12-13 18:19:39,,,,,,36.88980392156863,,,
2024-12-13 18:24:51,36.520196078431375,,,,,,,,
2024-12-13 18:25:52,36.52512418300655,,35.41137254901961,,,,,,
2024-12-13 18:33:03,36.544836601307196,,,,,,,,
2024-12-13 18:39:14,36.530756302521006,,,,,,,,
2024-12-13 18:48:30,,,,,,,,,
2024-12-13 19:46:09,,36.15058823529412,,,,,,,
2024-12-13 19:50:17,,,,,,36.07666666666667,,,
2024-12-13 19:51:18,,,,,,36.07666666666667,,,
2024-12-13 20:29:25,,,,,,,,34.37647058823529,
2024-12-13 20:32:31,,,,,,,,,
2024-12-13 20:35:36,,,,,,,35.98796078431373,,
2024-12-13 20:36:37,,,,,,,35.98796078431373,,
2024-12-13 20:37:39,,,,,,,35.98796078431373,,
2024-12-13 20:40:45,,,,,,35.937037037037044,36.00274509803921,,
2024-12-13 20:41:47,,,,,,,36.0323137254902,,
2024-12-13 20:42:48,,,,,,,36.00274509803921,,
2024-12-13 20:43:50,,,,,,,36.017529411764706,,
2024-12-13 20:46:55,,,,,,35.92210338680927,,,
2024-12-13 20:48:59,,,,,,35.87954248366013,,,
2024-12-13 20:50:00,,,,,,35.87764705882353,,,
2024-12-13 20:56:13,,,,,,35.87602240896358,,,
2024-12-13 21:14:46,,,36.29843137254902,,,,,,
2024-12-13 21:15:47,,,,,,,,,
2024-12-13 21:16:49,37.03764705882353,,,,,,36.0684531590414,,
2024-12-13 21:17:51,,36.76044117647059,,,,,,,
2024-12-13 21:18:52,,36.79124183006537,,,,,,,
2024-12-13 21:19:54,,36.7863137254902,,,,,,,
2024-12-13 21:22:59,,,36.29843137254902,,,,,,
2024-12-13 21:24:01,,,36.59411764705882,,,,,,
2024-12-13 21:25:03,,,36.44627450980393,,,,,,
2024-12-13 22:03:10,,36.821568627450986,,,,35.92493292053664,,,
2024-12-13 22:04:12,,,,,,35.94360784313726,,,
2024-12-13 22:05:14,,,,,,36.00274509803922,,,
2024-12-13 22:06:16,,,,,,36.10834733893557,,,
2024-12-13 22:07:17,,,,,,36.17170868347338,,,
2024-12-13 22:08:19,,,,,,36.242110177404285,,,
2024-12-13 22:09:20,,36.83066666666668,,,,36.30547152194211,,,
2024-12-13 22:10:22,,36.840522875817,,,,36.325311942959,,,
2024-12-13 22:11:24,,36.87009150326798,,,,36.34547237076649,,,
2024-12-13 22:12:25,,36.89966013071896,,,,36.31859180035651,,,
2024-12-13 22:13:27,,36.94260504201681,,,,36.325311942959004,,,
2024-12-13 22:14:28,,37.00352941176471,,,,36.3899533146592,,,
2024-12-13 22:16:32,,37.03764705882353,,,,,,,
2024-12-13 22:19:37,,37.01300653594772,,,,36.34067226890757,,,
2024-12-13 22:20:39,,,,,,36.3125116713352,,,
2024-12-13 22:21:40,,37.025326797385624,,,,36.34067226890757,,,
2024-12-13 22:22:42,,37.06452762923352,,,,36.37974509803921,,,
2024-12-13 22:24:47,,,,,,36.384024767801854,,,
2024-12-13 22:27:51,,36.90117647058824,,,,36.39699346405229,,,
2024-12-13 22:30:57,,,,,,36.45497116493656,,,
2024-12-13 22:31:59,,,,,,36.510955882352945,,,
2024-12-13 22:33:01,,,,,,36.574405228758174,,,
2024-12-13 22:35:04,,,,,,36.6152380952381,,,
2024-12-13 23:37:53,,,36.741960784313726,,,,,,
2024-12-13 23:38:54,37.92470588235294,36.87748366013072,,,,,,,
2024-12-13 23:45:05,,,,,,,,,36.44627450980393
2024-12-13 23:46:06,,,,,,,,,36.59411764705882
2024-12-13 23:47:09,,,,36.44627450980393,,,,36.29843137254902,
2024-12-13 23:48:11,,,,,,,,36.44627450980393,
2024-12-13 23:49:12,,,,,,,,36.44627450980393,
2024-12-13 23:50:14,,,,36.741960784313726,,,,,
2024-12-13 23:51:16,,,,36.88980392156863,,,,,
2024-12-13 23:52:17,,36.21394957983193,,,,,,,
2024-12-13 23:56:24,,36.21394957983193,,,,,,,
2024-12-13 23:57:26,,35.981624649859945,,,,,,,
2024-12-14 05:57:30,,35.85490196078432,,,,,,,
2024-12-14 06:18:05,,,36.29843137254902,,,,,,
2024-12-14 06:19:06,,,36.15058823529412,,,,,,
2024-12-14 06:25:16,,,36.00274509803921,,,,,,
2024-12-14 06:26:18,,,36.44627450980393,,,,,,
2024-12-14 06:30:25,,,,,,,37.27789215686275,,
2024-12-14 06:31:26,,36.265577342047926,,,,,,,
2024-12-14 06:32:28,,,,,,,37.02122004357299,,
2024-12-14 06:33:29,,,,,,,36.906230936819185,,
2024-12-14 06:34:31,,,,,,,36.906230936819185,,
2024-12-14 08:40:08,36.59411764705882,,,,,,,,
2024-12-14 08:41:10,,,,,,36.15058823529412,,,
2024-12-14 08:42:12,37.3924705882353,,,,,,,,
2024-12-14 08:43:13,37.3924705882353,,,34.08078431372549,,,,,
2024-12-14 08:44:15,,36.03970588235294,,,,,36.34771241830066,,
2024-12-14 08:45:17,,,,,,,36.196078431372555,,
2024-12-14 08:46:19,37.33333333333333,35.8302614379085,,,,,,,
2024-12-14 08:48:22,37.362901960784306,35.60849673202615,,,,36.15058823529412,,,
2024-12-14 08:50:26,,,,,,,35.85490196078431,,
2024-12-14 08:51:28,,,,,,,,,
2024-12-14 08:55:37,,,,,,,35.884470588235295,,
2024-12-14 08:57:40,,35.583856209150326,,,,,,,
2024-12-14 08:59:43,,,,,,,36.00274509803921,,
2024-12-14 09:01:47,,36.061882352941176,,,,35.41137254901961,,,
2024-12-14 09:03:51,,,,34.82,,,,,
2024-12-14 09:07:57,,,,,,,,,32.66149019607843
2024-12-14 09:11:02,,,,,,,,,
2024-12-14 09:21:20,37.45160784313725,,35.64545751633987,,35.618352941176475,,35.81458110516933,,
2024-12-14 09:22:22,,,35.695686274509804,,35.63313725490196,,35.80562091503268,,
2024-12-14 09:23:23,,,35.67537815126051,,35.66481792717087,,35.80562091503268,,
2024-12-14 09:24:27,,,35.6676339869281,34.9678431372549,,,35.70705882352941,,
2024-12-14 09:27:32,,,35.744019607843136,,,,,,
2024-12-14 09:28:34,,,35.67227220299884,,,,35.620816993464054,,
2024-12-14 09:29:35,36.29843137254902,,35.698845315904144,,,,35.638823529411766,,
2024-12-14 09:31:38,,,,,,,,,32.75019607843137
2024-12-14 09:33:41,,,,,,,,32.60235294117648,32.676274509803925
2024-12-14 09:35:45,,,,,,,,33.34156862745098,32.60235294117647
2024-12-14 09:36:46,,,,,,,,,32.553071895424836
2024-12-14 09:48:05,,,35.67593395252838,,,,,32.15882352941176,
2024-12-14 09:53:14,,,35.64792156862745,,,36.53498039215687,,,
2024-12-14 09:54:16,,,35.67185807656396,,35.608496732026154,,,,
2024-12-14 09:55:18,,,35.65329768270944,,35.61465686274509,,,,
2024-12-14 09:56:19,,,35.66001782531194,,35.585305651672435,,,,
2024-12-14 10:00:25,,,35.65073762838469,,35.68966551326413,36.50541176470588,34.984270152505445,,
2024-12-14 10:01:27,,,35.67889822595705,,35.72445213379469,,,,
2024-12-14 10:02:29,,35.41137254901961,35.721139122315584,,35.7679354094579,,,,
2024-12-14 10:06:36,,,,,35.785328719723175,36.53498039215687,35.140326797385626,,
2024-12-14 10:08:41,,,35.7915406162465,,35.62492374727669,36.41670588235294,35.28816993464053,,33.04588235294118
2024-12-14 10:09:42,,,35.74929971988796,,35.61671023965141,,35.75633986928105,33.19372549019608,
2024-12-14 10:11:46,,,35.72817927170869,,35.590340557275546,,,,
2024-12-14 10:13:49,,,,,35.56699690402477,,,,
2024-12-14 10:14:51,,,,,,36.41670588235294,,,
2024-12-14 10:23:06,,35.41137254901961,35.75633986928105,,,,,,
2024-12-14 10:25:09,,,,,,,36.49555555555556,,
2024-12-14 10:26:11,,,35.78985098039216,,35.6914963880289,,,,
2024-12-14 10:27:13,,,35.760282352941175,,35.67593395252839,,,,
2024-12-14 10:28:15,,,35.79330065359477,,35.60028322440088,,,,
2024-12-14 10:29:16,,,,,35.62878892733564,,,,
2024-12-14 10:30:18,,,,,35.50377450980392,,,,
2024-12-14 10:31:20,,,35.83642156862745,,35.539503267973856,,,,
2024-12-14 10:32:21,,,35.824101307189544,,35.506414565826326,,,,
2024-12-14 10:33:23,,,35.848741830065364,,,,,,
2024-12-14 10:34:25,,,,,,,,,
2024-12-14 10:35:27,,,35.83642156862745,,,,36.709106753812634,,
2024-12-14 10:36:29,,,35.842581699346404,,35.426156862745096,,36.85284313725491,,
2024-12-14 10:37:33,,,35.842581699346404,,,,36.87132352941177,,
2024-12-14 10:38:34,,,35.83124705882353,,,,36.85284313725491,,
2024-12-14 10:39:36,,,35.79576470588235,,,37.77686274509804,,,
2024-12-14 10:40:37,,,35.83642156862745,,,,,,
2024-12-14 10:41:39,,,35.8302614379085,,,,,,
2024-12-14 10:42:41,,,35.87418584825235,,,36.44627450980393,36.953165266106446,,
2024-12-14 10:43:42,,,,,,,36.953165266106446,,
2024-12-14 10:44:44,36.29843137254902,,35.868982259570494,,,,36.953165266106446,,
2024-12-14 10:45:47,,,35.86194211017741,,,,,,
2024-12-14 10:48:52,,,,,,,,,
2024-12-14 10:50:56,,,35.904183006535945,,,,,,
2024-12-14 10:52:02,,,35.91403921568629,,,,,,
2024-12-14 10:53:04,,,35.901589267285864,,,,,,
2024-12-14 10:54:06,,,35.90158926728586,,,,,,
2024-12-14 10:55:08,,,35.92061002178649,,,,,,
2024-12-14 10:56:09,,,35.94186851211072,,,,,,
2024-12-14 10:57:11,,,35.98426470588235,,,,,,
2024-12-14 10:58:13,,,,,,,,,
2024-12-14 10:59:15,,36.608901960784316,,,,37.629019607843134,,,
2024-12-14 11:00:16,38.07254901960785,36.567237076648844,,,,,,,
2024-12-14 11:01:18,,36.54483660130719,,,,,,,
2024-12-14 11:02:20,38.07254901960785,36.53725490196079,,,,,,,
2024-12-14 11:03:22,,36.28787114845939,,,,,,,
2024-12-14 11:04:24,,36.209725490196085,,,,,,,
2024-12-14 11:05:26,,36.122867647058825,,,,,,,
2024-12-14 11:06:30,,,,,,,,,
2024-12-14 11:07:32,,35.953464052287586,,,,,,,
2024-12-14 11:09:35,,35.90937048503612,,,,,,,
2024-12-14 11:10:37,,,36.06610644257704,,,,,,
2024-12-14 11:11:39,,,,,,36.44627450980393,38.07254901960785,,
2024-12-14 11:13:43,,35.75409982174688,,,,37.03764705882353,,,
2024-12-14 11:15:46,,,,,,36.741960784313726,36.741960784313726,,
2024-12-14 11:24:01,,,36.44627450980393,,,,,,
2024-12-14 11:28:09,,,36.29843137254902,,36.00274509803921,,,,
2024-12-14 11:33:17,,35.60849673202615,,,,,,,
2024-12-14 11:38:26,,35.522254901960785,,,,33.93294117647059,,,
2024-12-14 11:40:30,,35.60849673202615,,,,,,,
2024-12-14 11:41:32,,35.602336601307194,,,,,,,
2024-12-14 11:45:39,,35.522254901960785,,,,,,,
2024-12-14 11:46:40,,35.442173202614384,,,,,,,
2024-12-14 11:47:42,,35.38057189542484,,,,,,,
2024-12-14 11:48:44,,35.37589019607843,,,,,,,
2024-12-14 11:49:47,,35.30492549019608,,,,,,,
2024-12-14 11:50:49,,35.23987450980392,,,,,,,
2024-12-14 11:51:51,,35.269215686274514,,,,,,,
2024-12-14 11:52:52,,35.274480755265074,,,,,,,
2024-12-14 11:53:55,,35.269005083514884,,,,,,,
2024-12-14 11:54:56,,35.2899299719888,,,,,,,
2024-12-14 11:55:58,,35.289019607843144,,,,,,,
2024-12-14 11:57:00,,35.302954248366014,,,,,,,
2024-12-14 12:00:06,,35.30788235294118,,,,,,,
2024-12-14 12:02:09,,,,,,,,,
2024-12-14 12:03:11,,35.33252287581699,,,,,,,
2024-12-14 12:05:15,,35.347307189542484,,,,,,,
2024-12-14 12:06:17,,35.406444444444446,,,,,,,
2024-12-14 12:07:19,,35.436013071895424,,,,,,,
2024-12-14 12:09:22,,35.50993464052287,,,,,,,
2024-12-14 12:10:24,,35.559215686274506,,,,,,,
2024-12-14 12:11:26,,35.63313725490196,,,,,,,
2024-12-14 12:12:27,,35.736627450980386,,,,,,,
2024-12-14 12:26:52,,35.815477124183005,,,,,,,
2024-12-14 12:40:17,,35.83518954248367,,,,,,,
2024-12-14 12:44:23,,35.918967320261444,,,,,,,
2024-12-14 12:45:25,37.18549019607843,35.983032679738564,,,,,,,
2024-12-14 12:46:27,37.18549019607843,36.027385620915034,,,,,,,
2024-12-14 12:47:28,,36.06681045751633,,,,,,,
2024-12-14 12:48:31,37.18549019607843,36.13580392156863,,,,,,,
2024-12-14 12:52:37,,36.0843137254902,,,,,,,
2024-12-14 12:53:39,,36.17607843137255,,,,,,,
2024-12-14 12:54:41,,36.18754901960785,,,,,,,
2024-12-14 12:55:42,,36.22724763979666,,,,,,,
2024-12-14 13:10:07,,36.24156862745098,,,,,,,
2024-12-14 13:13:13,,36.29251764705882,,,,,,,
2024-12-14 13:15:17,,36.32923202614379,,,,37.48117647058824,,,
2024-12-14 13:16:18,,,,,,,,,
2024-12-14 13:19:24,,36.39251336898397,,,,,,,
2024-12-14 13:29:42,,36.446274509803935,,,,,,,
2024-12-14 13:30:43,,36.42409803921569,,,,,,,
2024-12-14 13:31:46,,36.477399380804954,,,,,,,
2024-12-14 13:33:49,,36.52019607843138,,,,,,,
2024-12-14 13:46:10,,36.55933102652826,,,,,,,
2024-12-14 14:03:42,,36.547916666666666,,,,37.629019607843134,,,
2024-12-14 14:04:44,,,35.928823529411765,,39.10745098039216,,,36.59411764705882,
2024-12-14 14:06:48,,36.61523809523809,,,,,,,
2024-12-14 14:08:51,,,35.85490196078432,35.70705882352941,,,,,
2024-12-14 14:09:53,,,,,,36.44627450980393,,,
2024-12-14 14:10:54,,,35.96578431372549,,36.44627450980393,,,,34.08078431372549
2024-12-14 14:11:56,,,,,,,36.59411764705882,,
2024-12-14 14:12:59,,,35.9781045751634,,,,,,
2024-12-14 14:14:00,,,36.01830753353974,,,,,,
2024-12-14 14:15:02,,,36.0470980392157,,,,,,
2024-12-14 14:16:04,,,36.073146591970136,,36.00274509803921,,36.741960784313726,,
2024-12-14 14:17:06,,,36.08338680926917,,36.44627450980393,36.741960784313726,36.44627450980393,,34.37647058823529
2024-12-14 14:18:07,37.03764705882353,,36.10559249786873,,36.15058823529412,,36.741960784313726,,34.08078431372549
2024-12-14 14:20:11,37.18549019607843,,36.15674836601307,,,,,,
2024-12-14 14:21:12,37.03764705882353,,36.174243137254905,,,,,,
2024-12-14 14:22:14,36.88980392156863,,,,,,,,
2024-12-14 14:23:16,,,,,,,,,
2024-12-14 14:24:18,,,36.22177196804648,,,,,,
2024-12-14 14:25:19,,,36.25091036414566,,,,,,
2024-12-14 14:27:23,,,36.16114845938375,,,,,,
2024-12-14 14:28:25,,,36.155686274509804,,,,37.03764705882353,,
2024-12-14 14:29:27,,,36.145490196078434,,,,,,
2024-12-14 14:31:30,,,36.10623529411764,,,,,,
2024-12-14 14:32:34,,,36.081594771241825,,,,,,
2024-12-14 14:33:36,,,36.07173856209149,,,,,,
2024-12-14 14:34:37,,,36.04709803921569,,,,,,
2024-12-14 14:35:39,,,36.03231372549019,,,,,,
2024-12-14 14:36:41,,,35.997816993464056,,,,,,
2024-12-14 14:37:43,,,35.97317647058824,,,36.741960784313726,,,
2024-12-14 14:38:44,,,35.958392156862736,,,36.88980392156863,,,
2024-12-14 14:39:46,,,35.978104575163385,,,,,,
2024-12-14 14:40:48,,,36.05695424836601,,,,,,
2024-12-14 14:41:49,,,36.10130718954249,,,,,,
2024-12-14 14:42:51,,,36.13580392156862,,,,,,
2024-12-14 14:44:54,,,36.19986928104575,,,,,,
2024-12-14 14:45:56,,,36.18015686274511,,,,,,
2024-12-14 14:46:58,,,36.17030065359477,,,,,,
2024-12-14 14:48:03,,,36.1801568627451,,,,,,
2024-12-14 14:49:05,,,36.16078431372549,,,,,,
2024-12-14 14:51:08,,,36.1453081232493,,,,,,
2024-12-14 14:52:10,,,36.166428571428575,,,,37.0006862745098,,
2024-12-14 14:53:12,,,36.15058823529412,,,,37.03764705882353,,
2024-12-14 14:54:14,,,36.14490196078432,,,,37.03764705882353,,
2024-12-14 14:55:15,,,36.126933333333334,,,,37.02532679738562,,
2024-12-14 14:56:17,,,,,,,37.03764705882353,,
2024-12-14 14:57:18,,,36.054168797953956,,,,37.01300653594771,,
2024-12-14 14:58:20,,,35.98930481283423,,,,36.97604575163398,,
2024-12-14 14:59:22,,,35.981624649859945,,,,37.03764705882353,,
2024-12-14 15:00:24,,,35.921431372549016,,,,37.01300653594771,,
2024-12-14 15:01:25,,,35.901589267285864,,,,37.01300653594771,,
2024-12-14 15:02:27,,,35.912396514161216,,,,37.0006862745098,,
2024-12-14 15:03:31,,,35.98631808278867,,,,37.01300653594771,,
2024-12-14 15:05:34,,,35.99404844290658,,,,,,
2024-12-14 17:09:54,38.07254901960785,,,,,,,,
2024-12-14 17:15:03,,,,,34.82,36.71239215686275,,,
2024-12-14 17:16:05,,,36.0323137254902,,,,,,
2024-12-14 17:20:12,,36.86023529411765,,,,37.03764705882354,,,
2024-12-14 17:21:14,,,,36.00274509803921,,,,,
2024-12-14 17:22:16,,,,35.85490196078432,,36.9489411764706,,,
2024-12-14 17:23:18,,36.84756302521008,,,,,,,
2024-12-14 17:24:20,,,,36.59411764705882,,,,,
2024-12-14 17:25:21,,36.805322128851536,,36.741960784313726,,36.919372549019606,,34.2286274509804,
2024-12-14 17:26:23,,,,,,,,33.63725490196079,
2024-12-14 19:05:18,,,,,,36.77152941176471,,,
2024-12-14 19:22:48,,36.63107843137254,,,,,,,
2024-12-14 19:23:49,37.333333333333336,36.59411764705882,,,,,,,
2024-12-14 19:24:51,,,36.69760784313725,,,,,,
2024-12-14 19:33:06,,,,,,,37.03764705882353,,
2024-12-14 19:35:09,36.741960784313726,,,,,,,,
2024-12-14 19:38:15,,,36.59411764705882,,,,,,
2024-12-14 19:47:30,37.03764705882353,,,,,,,,
2024-12-14 19:56:46,,,36.4865953654189,,,,,,
2024-12-14 19:57:48,,36.44627450980392,,,,,,,
2024-12-14 19:59:51,,,36.30980392156862,,,,,,
2024-12-14 20:08:05,,36.44627450980392,,,,,,,
2024-12-14 20:13:14,,,,,,,,36.88980392156863,
2024-12-14 20:14:15,,,36.24299019607844,,,,36.88980392156863,,
2024-12-14 20:22:31,,,,,35.41137254901961,,,,
2024-12-14 20:24:35,,,36.281038062283734,,,,,,
2024-12-14 20:26:39,,35.55921568627451,,,,,,,
2024-12-14 20:28:42,,,36.290217864923754,,,,,,
2024-12-14 20:29:44,,,36.26557734204793,,,,36.00274509803922,,
2024-12-14 20:30:46,,,,,,36.59411764705882,,,
2024-12-14 20:51:21,,,36.33949891067538,,,,,,
2024-12-14 20:52:23,,,36.36068111455108,,,,,,
2024-12-14 20:53:25,,,36.36068111455108,,,,,,
2024-12-14 20:54:27,37.00807843137255,,36.33733746130031,,,,,,
2024-12-14 20:55:29,37.06721568627451,,36.345118679050564,,,,,,
2024-12-14 20:56:32,37.06721568627451,,36.345118679050564,,,,,,
2024-12-14 20:58:35,37.00807843137255,,36.29021786492375,,,,,,
2024-12-14 20:59:37,37.03764705882353,,36.29843137254902,,,,,,
2024-12-14 21:01:40,,,36.257363834422655,,,,,,
2024-12-14 21:02:42,,,36.19407151095732,,,,36.42779411764705,,
2024-12-14 21:03:44,,,,,,,36.446274509803914,,
2024-12-14 21:04:46,,,,,,,36.446274509803914,,
2024-12-14 21:06:49,,,36.20808278867103,,,,,,
2024-12-14 21:08:52,,,,,,,36.45405572755417,,
2024-12-14 21:09:54,,,,,,,36.5240866873065,,
2024-12-14 21:10:56,,,36.132107843137256,,,,36.3945294117647,,
2024-12-14 21:11:58,,,36.130875816993466,,,,36.37974509803921,,
2024-12-14 21:13:00,,,36.17170868347339,,,,36.3945294117647,,
2024-12-14 21:14:01,,,,,,,36.38713725490196,,
2024-12-14 21:15:03,,,36.230196078431376,,,,36.39452941176471,,
2024-12-14 21:16:04,,,,,,,36.40192156862745,,
2024-12-14 21:20:11,,,,,,,36.38713725490196,,
2024-12-14 21:21:13,,,,,,,36.36883286647993,,
2024-12-14 21:22:14,,,,,,,36.37587301587301,,
2024-12-14 21:23:16,,,,,,,36.41811391223156,,
2024-12-14 21:24:18,,,36.37235294117647,,,,36.461058823529406,,
2024-12-14 21:25:22,,,36.35387254901961,,,,,,
2024-12-14 21:26:23,,,,,,,36.56126361655773,,
2024-12-14 21:28:27,,,,,,,36.55305010893246,,
2024-12-14 21:29:28,,,,,,,36.559331026528255,,
2024-12-14 23:31:01,,,,,,,,,
2024-12-15 00:18:19,,36.6236862745098,,,,,,,
2024-12-15 00:23:26,,,,,,,,,34.5243137254902
2024-12-15 00:24:28,,,,,35.70705882352941,,,,
2024-12-15 00:29:39,,,36.00274509803921,,,,,,
2024-12-15 00:30:41,37.333333333333336,,,,,,,,
2024-12-15 00:31:42,37.18549019607843,,,,,,,,
2024-12-15 00:32:44,37.03764705882353,,35.85490196078432,,,36.15058823529412,36.511982570806104,,
2024-12-15 00:33:46,,37.13620915032679,,,,,,,
2024-12-15 00:34:48,,,,,,,36.425154061624646,,
2024-12-15 02:57:54,,,,37.16084967320262,,,,,
2024-12-15 02:58:56,,37.11978213507625,,37.16084967320262,,,,,
2024-12-15 02:59:57,,,,37.18549019607843,,,,,
2024-12-15 03:00:59,,,,37.111568627450986,,,,,
2024-12-15 03:03:03,,36.86023529411764,,,,,,,
2024-12-15 03:04:05,,36.72852049910873,,,,,,,
2024-12-15 03:08:14,,36.661319073083774,,,,,,,
2024-12-15 03:40:09,,,,,,37.333333333333336,,,
2024-12-15 03:57:37,,36.520196078431375,,,,,,,
2024-12-15 03:58:39,,36.52588235294117,,,,,,,
2024-12-15 04:00:42,,,,,,,,,
2024-12-15 05:50:48,,36.29843137254902,,,,,,,
2024-12-15 05:51:49,,,,36.9883660130719,,,,,
2024-12-15 05:59:04,,,,37.18549019607843,,,,,
2024-12-15 06:08:19,,,35.55921568627451,,,,,,
2024-12-15 06:09:21,,,35.55921568627451,,,,,,
2024-12-15 08:52:01,,,,,34.08078431372549,,,33.63725490196079,
2024-12-15 08:54:05,,36.414593837535016,,,,,,,
2024-12-15 09:01:20,,,,,35.70705882352941,,,,
2024-12-15 09:02:22,,,,,35.26352941176471,,,,
2024-12-15 09:07:31,,36.34771241830065,,,,,,,
2024-12-15 09:10:38,,,,,35.26352941176471,,,,
2024-12-15 09:11:40,,36.150588235294116,,,,,,,
2024-12-15 09:18:52,,36.170300653594765,,,,36.30980392156862,,,
2024-12-15 09:19:54,,36.1801568627451,,,,36.31955182072829,,,
2024-12-15 09:22:59,,36.19282913165266,,,,36.361792717086836,,,
2024-12-15 09:26:05,,,,,,36.20745098039216,,,
2024-12-15 09:28:08,,36.087226890756305,,,,,,,
2024-12-15 09:29:10,,,,,,36.203389355742296,,,
2024-12-15 09:30:11,,,,,,36.22450980392157,,,
2024-12-15 09:33:16,,35.8207843137255,,,,36.150588235294116,,,
2024-12-15 09:35:22,,,,,,,34.08078431372549,,
2024-12-15 09:36:24,,,,,,36.150588235294116,,,
2024-12-15 09:37:26,,,,,,36.071738562091504,,,
2024-12-15 09:41:33,,35.891862745098045,,,,36.09145098039216,,,
2024-12-15 09:48:45,,35.8302614379085,,,,36.09145098039216,,,
2024-12-15 09:49:48,,36.0296256684492,,,,36.12101960784314,,,
2024-12-15 09:50:50,,35.93554367201427,,,,36.08159477124183,,,
2024-12-15 09:51:52,,,36.36563279857398,,,,37.18549019607843,,
2024-12-15 09:52:53,,35.95839215686275,,,,36.01260130718955,,,
2024-12-15 09:53:55,,,36.27568627450981,,,,,,
2024-12-15 09:55:58,,,36.34392156862745,,,,35.67749019607844,,
2024-12-15 09:57:00,,35.96989106753813,,,,36.116470588235295,,,
2024-12-15 09:58:02,,,36.337856209150324,,,,36.027385620915034,,
2024-12-15 09:59:03,,,36.26886274509804,,,,,,
2024-12-15 10:01:07,,,,,,36.31075163398693,,,
2024-12-15 10:03:10,,,36.28857516339869,,,,,,
2024-12-15 10:04:12,,,36.316911764705885,,,,,,
2024-12-15 10:06:15,,,36.30712802768167,,,,,,
2024-12-15 10:07:16,,,36.30712802768167,,,,,,
2024-12-15 10:08:18,,,36.323071895424846,,,,,,
2024-12-15 10:12:24,,,36.3217750257998,,,,,,
2024-12-15 10:15:29,,,36.31321568627452,,,,,,
2024-12-15 10:17:32,,36.273790849673205,,,,,,,
2024-12-15 10:19:37,,,36.27508771929825,,,,,,
2024-12-15 10:34:04,,,,,,,36.150588235294116,,
2024-12-15 10:35:06,,,,,,36.175228758169936,,,
2024-12-15 10:38:12,,,36.26886274509804,,,,,,
2024-12-15 10:42:19,,,,,,,36.192829131652665,,
2024-12-15 10:43:21,,36.15058823529412,,,,36.1801568627451,36.27379084967321,,
2024-12-15 10:46:26,,36.44627450980393,,,,,,,
2024-12-15 10:51:37,,,,,,,36.361792717086836,,
2024-12-15 10:52:39,,36.59411764705882,36.31955182072829,,,36.59411764705882,,,
2024-12-15 10:53:41,,,36.446274509803914,,,,36.361792717086836,,
2024-12-15 11:00:53,,,,,,37.18549019607843,,,
2024-12-15 11:18:27,,,36.43219421101774,,,,,,
2024-12-15 11:19:29,37.59205882352941,,36.460354808590104,,,,,,
2024-12-15 11:21:32,37.59205882352941,,36.468450980392156,,,,,,
2024-12-15 11:22:34,37.573578431372546,,,,,,,,
2024-12-15 11:23:35,37.555098039215686,,,,,,,,
2024-12-15 11:26:40,,,36.39699346405229,,,,,,
2024-12-15 11:27:42,,,36.44627450980393,,,,,34.5243137254902,
2024-12-15 11:28:44,,,36.45331465919702,36.59411764705882,,,,,
2024-12-15 11:29:46,,,36.41107376283848,,,,36.626971677559915,34.9678431372549,
2024-12-15 11:31:50,37.555098039215686,,36.44627450980393,,,,,,
2024-12-15 11:32:51,,,,,,,36.67859943977591,,
2024-12-15 11:33:54,,,36.4798752228164,36.00274509803921,,,,34.37647058823529,
2024-12-15 11:36:59,,,36.49769820971867,,,,,,
2024-12-15 11:39:03,37.68446078431372,,,,,,,34.5243137254902,
2024-12-15 11:40:05,,,36.6277183600713,,,,,,
2024-12-15 11:41:07,37.678300653594775,,36.6209982174688,35.41137254901961,,,,,
2024-12-15 11:42:08,37.70294117647058,,36.608197945845,,,,,,
2024-12-15 11:44:12,,,,,,36.00274509803921,,,
2024-12-15 11:45:14,,,36.71861713106295,,,,,,
2024-12-15 11:49:20,,,36.65636738906088,,,,36.80109803921569,,
2024-12-15 11:50:22,,,36.65636738906088,,,,,,
2024-12-15 11:52:26,,,36.70089324618736,,,,36.79124183006536,,
2024-12-15 11:53:28,,,,,,,,,
2024-12-15 11:54:29,,,36.751200980392156,,,,36.79124183006536,,
2024-12-15 11:56:32,,,,,,36.65325490196078,,,
2024-12-15 11:57:34,37.832303921568624,,36.741960784313726,,,,,,
2024-12-15 11:58:36,,,36.69971988795519,,,,,,
2024-12-15 11:59:37,,,36.73058823529412,,,,,,
2024-12-15 12:00:39,,,,,,36.717320261437905,,,
2024-12-15 12:01:41,,,,,,36.569477124183,,,
2024-12-15 12:02:43,37.86134453781512,,,,,,,,
2024-12-15 12:08:53,37.87542483660131,,,,,,,,
2024-12-15 12:09:55,37.924705882352946,,,37.03764705882353,,,,,
2024-12-15 12:10:59,37.924705882352946,,,,,,,,
2024-12-15 12:12:01,37.89513725490197,,,35.55921568627451,,,,,
2024-12-15 12:16:08,,37.11978213507625,,,,,36.88980392156863,,
2024-12-15 12:17:10,,37.10335511982571,,,,,,,
2024-12-15 12:18:11,,37.11978213507625,,,,36.69267973856209,,,
2024-12-15 12:20:15,,,,,,36.69267973856209,,,
2024-12-15 12:27:30,,37.11978213507625,,,,,,,
2024-12-15 12:33:40,,37.11978213507625,,,,,,,
2024-12-15 12:34:41,,37.10335511982571,,,,36.91444444444445,,,
2024-12-15 12:35:43,,37.086928104575165,,,,,,,
2024-12-15 12:42:54,,37.086928104575165,,,,,,,
2024-12-15 13:17:56,,37.13620915032679,36.56947712418301,,,,,,
2024-12-15 13:21:02,,,,,,36.97850980392157,,,
2024-12-15 13:22:06,,,,,,,,,
2024-12-15 13:26:12,,,,,,,37.18549019607843,,
2024-12-15 13:30:20,,,36.86023529411765,,,,,,
2024-12-15 13:32:23,,,36.88980392156863,,,,,,
2024-12-15 13:33:25,37.77686274509804,,36.9301247771836,,,,,,
2024-12-15 13:34:27,37.836,,,,,,,,
2024-12-15 13:36:30,,,36.71508021390374,,36.741960784313726,,,,
2024-12-15 13:37:32,,,,,36.29843137254902,,,,
2024-12-15 13:38:34,,,36.795721925133684,,,,,,
2024-12-15 14:48:42,,,,,,,,,
2024-12-15 15:54:38,,,,,,35.495854341736695,,,
2024-12-15 17:09:46,,,,,,,,,
2024-12-15 17:17:59,37.86556862745099,,,,,,,,
2024-12-15 17:25:12,,,,,,35.18139433551198,,,
2024-12-15 17:26:14,,,36.90458823529412,,,,35.115686274509805,,
2024-12-15 17:27:16,,,36.875019607843136,,,,,,
2024-12-15 17:28:18,,,36.919372549019606,,,,,,
2024-12-15 17:30:22,37.90006535947713,,36.90324420677362,,,,,,
2024-12-15 17:31:23,,,36.875019607843136,,,,,,
2024-12-15 17:35:30,,31.271764705882354,,,,,,,
2024-12-15 17:40:39,38.030308123249306,,,,,,,,
2024-12-15 17:47:53,,,,,,,35.115686274509805,,
2024-12-15 17:50:58,,,,,,35.384491978609624,,,
2024-12-15 17:52:00,,,,,,35.4113725490196,,,
2024-12-15 17:58:10,,,,,,35.485294117647065,,,
2024-12-15 18:14:37,,,,,,,,,
2024-12-15 18:20:47,,,,,,35.31729055258467,,,
2024-12-15 18:23:51,,,,,,35.53457516339869,,,
2024-12-15 18:25:55,,,,,,35.559215686274506,,,
2024-12-15 18:48:31,,,,,,35.337450980392155,,,
2024-12-15 18:50:35,,35.64792156862745,,,,35.31281045751634,,,
2024-12-15 18:51:36,,,,,,35.47960784313726,,,
2024-12-15 18:52:38,37.84257080610022,,36.59411764705883,,,,,,
2024-12-15 18:54:42,37.81382352941176,,,,,,,,
2024-12-15 18:55:45,37.31690631808279,,,,,,,,
2024-12-15 18:58:50,,,36.38713725490196,,,,,,
2024-12-15 18:59:52,37.3924705882353,,,,,,37.18549019607843,,
2024-12-15 19:00:54,,,36.35756862745098,,,,,,
2024-12-15 19:01:56,,,36.44627450980392,,,,36.29843137254902,,
2024-12-15 19:05:01,37.35607843137255,36.66803921568628,,,,35.384491978609624,,,
2024-12-15 19:06:03,37.24885154061625,,36.35756862745098,,,,,,
2024-12-15 19:07:04,37.25941176470588,,,,,,,,
2024-12-15 19:09:07,,36.64339869281046,,,,35.85490196078431,,,
2024-12-15 19:10:09,,36.57299719887955,,,,36.0323137254902,,,
2024-12-15 19:11:13,37.30165266106443,,,,,,,,
2024-12-15 19:12:15,,36.55187675070028,,,,,,,
2024-12-15 19:13:16,,,,,,36.11773420479304,,,
2024-12-15 19:14:18,,36.56947712418301,,,,,,,
2024-12-15 19:15:19,,36.520196078431375,,,,,,,
2024-12-15 19:18:24,,,,,,,,,
2024-12-15 20:15:57,37.151372549019605,,,,,,,,
2024-12-15 20:16:59,37.16274509803922,,,,,,,,
2024-12-15 20:19:02,37.12388888888889,,,,,,,,
2024-12-15 20:20:04,37.1362091503268,,,,,,,,
2024-12-15 20:21:06,37.16274509803922,,,,,,,,
2024-12-15 20:23:09,37.196862745098045,,,,,,,,
2024-12-15 20:24:11,,,,,,36.12946778711485,,,
2024-12-15 20:29:19,,,,,,36.150588235294116,,,
2024-12-15 20:39:36,,36.511982570806104,,,,36.175228758169936,,,
2024-12-15 20:53:01,,,,,,36.150588235294116,,,
2024-12-15 21:14:40,,,,,,,37.18549019607843,,
2024-12-15 21:15:41,,,,,,,,,
2024-12-15 21:16:43,36.90117647058823,,,,,,,,
2024-12-15 21:19:49,36.90117647058823,,,,,,,,
2024-12-15 21:23:56,,36.69267973856209,,,,,,,
2024-12-15 21:44:32,,36.59411764705883,,,,,,,
2024-12-15 23:05:46,,36.618758169934644,,,,,,,
2024-12-15 23:06:48,,36.520196078431375,,,,,,,
2024-12-15 23:07:50,,,36.48323529411765,,,,,,
2024-12-15 23:08:52,37.111568627450986,,36.47912854030501,,,,35.85490196078432,,
2024-12-15 23:09:53,37.122128851540616,,,,,,,,
2024-12-15 23:10:55,37.29109243697479,,36.4758431372549,,,,37.18549019607843,,
2024-12-15 23:11:56,37.29109243697479,,,,,,,,
2024-12-15 23:17:06,,36.520196078431375,,,,,,,
2024-12-15 23:43:48,,,,,,,,,
2024-12-15 23:50:01,,,,,,,,,
2024-12-15 23:51:02,,,,33.93294117647059,,,,,
2024-12-15 23:53:06,,,36.44627450980393,,,,,,
2024-12-15 23:54:07,,,36.43641830065359,,,,,,
2024-12-15 23:55:09,,,36.42656209150327,,,,,,
2024-12-15 23:56:10,,,36.46598692810458,,,,,,
2024-12-15 23:57:12,,,,36.44627450980393,,,,,
2024-12-15 23:59:16,,,36.43641830065359,,,,,,
2024-12-16 00:00:17,,,36.475843137254905,,,,,,
2024-12-16 00:02:21,,,36.43571428571429,,,,,,
2024-12-16 00:06:28,,,36.41215686274511,,,,,,
2024-12-16 00:08:32,37.06721568627451,,,,,,,,
2024-12-16 00:11:37,,,36.44627450980392,,,,,,
2024-12-16 00:17:49,,,36.4093137254902,,,,,,
2024-12-16 00:20:54,,,,,,,,,
2024-12-16 00:21:55,,,,,,36.00274509803921,,,
2024-12-16 00:23:59,,,36.48323529411765,,,,,,
2024-12-16 00:27:05,,,36.434901960784316,,,,,,
2024-12-16 00:29:09,,,,,,34.82,,,
2024-12-16 00:35:20,,,,,,,,,
2024-12-16 01:16:29,37.03764705882353,,,,,,,,
2024-12-16 01:30:54,,36.33011204481793,,,,,,,
2024-12-16 01:45:16,,36.337856209150324,,,,,,,
2024-12-16 01:47:20,,36.39083333333333,,,,,,,
2024-12-16 01:48:22,,36.47236447520184,,,,,,,
2024-12-16 03:07:35,,36.544836601307196,,,,,,,
2024-12-16 03:15:52,37.333333333333336,36.5629927760578,,,,,,,
2024-12-16 03:17:55,,,,,,36.741960784313726,,,
2024-12-16 03:23:03,,36.68563958916901,,,,,,,
2024-12-16 03:24:04,,36.68819964349377,,,,,,,
2024-12-16 03:26:08,,36.71624893435636,,,,,,,
2024-12-16 04:55:37,,36.671253196930955,,,,,,,
2024-12-16 06:01:34,,,36.44627450980393,,,,,,
2024-12-16 06:10:49,,,38.07254901960785,,,,,,
2024-12-16 06:49:57,,36.53156862745098,,,,,,,
2024-12-16 06:54:04,,36.67941176470589,,,,,,,
2024-12-16 06:56:07,,36.690784313725494,,,,,,,
2024-12-16 06:57:09,,36.673725490196084,,,,,,,
2024-12-16 06:58:11,,36.639607843137256,,,,,,,
2024-12-16 06:59:14,,36.6355137254902,,,,,,,
2024-12-16 07:02:21,,36.64955882352941,,,,,,,
2024-12-16 07:03:22,,36.67125319693095,,,,,,,
2024-12-16 07:04:24,,36.674759358288775,,,,,,,
2024-12-16 07:05:25,,36.76212121212121,,,,,,,
2024-12-16 07:06:28,,36.82932263814616,,,,,,,
2024-12-16 08:25:44,,36.84756302521008,35.87338235294118,,,,,,
2024-12-16 08:35:00,,,35.910343137254905,,,35.26352941176471,35.41137254901961,,
2024-12-16 08:36:01,,36.959834881320944,,,,,,,
2024-12-16 08:37:03,,36.959834881320944,,,,,,,
2024-12-16 08:44:16,,36.89758513931888,,,,,,,
2024-12-16 08:47:21,,36.81588235294117,35.55921568627451,,31.419607843137257,,,,
2024-12-16 08:49:24,36.697607843137256,,35.503774509803925,,30.828235294117647,,,,
2024-12-16 08:50:26,,,,,,,,,
2024-12-16 08:53:32,,36.78816176470588,,,,,,,
2024-12-16 08:55:36,36.73058823529412,,35.41137254901961,,,,,,
2024-12-16 08:56:37,,,35.38673202614379,,,,,,
2024-12-16 08:57:40,36.72084033613446,,35.26352941176471,,,,,,
2024-12-16 08:58:42,36.3969934640523,,,,,,,,
2024-12-16 09:00:45,,36.37803921568628,,,,,,,
2024-12-16 09:14:11,,36.230196078431376,,,,37.48117647058824,,,
2024-12-16 09:22:27,36.43703431372549,,,,,,,,
2024-12-16 09:23:29,36.41855392156863,,,,,,,,
2024-12-16 09:24:31,36.42779411764705,,,,,,,,
2024-12-16 09:25:33,36.45497116493656,,,,,,,,
2024-12-16 09:27:36,36.53662309368191,,,,,,,,
2024-12-16 09:28:38,36.50852425180598,,34.930882352941175,,,,,,
2024-12-16 09:29:40,36.52758823529412,,34.75839869281047,,,,,,
2024-12-16 09:30:41,36.57194117647059,,34.59823529411766,,,,,,
2024-12-16 09:31:43,36.56454901960784,34.78303921568628,34.54705882352942,,,,,,
2024-12-16 09:32:45,36.58672549019607,,34.72495798319328,,,,,,
2024-12-16 09:33:47,,34.79535947712418,34.629915966386555,,,,,,
2024-12-16 09:34:49,36.57855521155831,,34.75663865546218,,,,,,
2024-12-16 09:38:56,,34.71764705882353,,,,,,,
2024-12-16 09:40:00,,,,,,37.18549019607843,32.45450980392157,,
2024-12-16 09:41:02,,34.45039215686275,,,,,,30.23686274509804,
2024-12-16 09:42:03,36.59411764705883,34.41871148459384,,,,,,,
2024-12-16 09:44:07,,,,,,36.741960784313726,,,
2024-12-16 09:45:08,,34.736838235294115,,,,,,27.28,
2024-12-16 09:46:10,36.64955882352942,34.872179930795845,,,,,,,
2024-12-16 09:47:12,36.59411764705883,,,,,,,,
2024-12-16 09:48:14,36.7321045751634,,34.72433679354095,26.097254901960785,,,31.271764705882354,,
2024-12-16 09:49:16,36.6926797385621,,34.718357843137255,,,,,31.12392156862745,
2024-12-16 09:50:18,36.63635854341737,,34.76455882352941,,,,,,
2024-12-16 09:51:22,,35.082085561497315,34.721437908496725,,,,,,
2024-12-16 09:52:24,,34.685597147950084,34.53487394957983,29.29066666666667,,,32.75019607843137,,
2024-12-16 09:53:26,,,34.71439775910364,,,,,,
2024-12-16 09:54:28,,,34.672156862745105,,,,,,
2024-12-16 09:55:29,,34.90008169934641,,,,,,,
2024-12-16 09:56:31,,34.47503267973857,,,,,,,
2024-12-16 09:57:33,37.14516934046347,34.35281568627451,35.01404411764706,28.927394957983193,,,32.75019607843137,,
2024-12-16 09:58:35,,34.06846405228758,,,,,,,
2024-12-16 09:59:38,37.13172905525847,33.95865302642797,35.054809688581315,,,,,,
2024-12-16 10:00:40,,34.14798573975045,35.074618736383435,,,,,,
2024-12-16 10:01:41,,34.03854341736695,,,,,,,
2024-12-16 10:02:44,,33.99207843137255,,,,,,,
2024-12-16 10:03:46,37.04996732026144,34.01425490196078,35.02416433239963,,,,,,
2024-12-16 10:04:48,37.111568627450986,34.368689370485036,,29.349803921568633,,,,,
2024-12-16 10:05:49,,34.32978328173375,35.197,29.251241830065364,,,,,
2024-12-16 10:06:52,,34.29087719298246,,29.49764705882353,,,,,
2024-12-16 10:07:54,,34.64751633986928,,,,,,,
2024-12-16 10:09:58,,34.306897347174164,35.4113725490196,,,,,,
2024-12-16 10:11:00,,34.2721107266436,35.46311764705882,29.438509803921573,,,,,
2024-12-16 10:12:02,,34.34168396770473,35.45572549019607,29.438509803921573,,,35.70705882352941,,
2024-12-16 10:13:03,36.96372549019608,,35.418412698412695,,,,,,
2024-12-16 10:14:05,36.954485294117646,,35.451693404634575,,,,,,
2024-12-16 10:15:08,,,,,,,34.2286274509804,,
2024-12-16 10:16:10,36.954485294117646,,35.53993179880648,,,,,,
2024-12-16 10:17:12,,,35.610639386189256,,,,,,
2024-12-16 10:18:14,36.898500576701274,,35.68134697357204,,,,,,
2024-12-16 10:19:16,36.84873638344227,,35.66849104859335,,,,,,
2024-12-16 10:20:18,36.84873638344227,,35.67491901108269,,,,,,
2024-12-16 10:21:19,36.837623990772784,,,,,,,,
2024-12-16 10:22:21,36.8202306805075,,35.63313725490196,,,,,,
2024-12-16 10:25:27,36.82892733564014,,35.60625668449199,,,,,,
2024-12-16 10:26:31,36.8202306805075,,35.59778346121057,,,,35.58033613445378,,
2024-12-16 10:27:33,36.82892733564014,,35.71937908496732,,,,,,
2024-12-16 10:28:35,,,35.762499999999996,,,,,,
2024-12-16 10:29:37,36.82892733564014,,35.79946078431373,,,,,,
2024-12-16 10:30:39,36.83230936819172,,35.910343137254905,,,,,,
2024-12-16 10:31:40,,,35.880613810741686,,,,,,
2024-12-16 10:33:44,,,35.895222816399276,,,,35.485294117647065,,
2024-12-16 10:34:47,,,35.895222816399276,33.04588235294118,,,35.76619607843137,,
2024-12-16 10:35:49,36.79124183006535,,35.91826330532213,,,,35.73662745098039,,
2024-12-16 10:36:50,36.781385620915025,,35.93621568627451,,,,35.87954248366014,,
2024-12-16 10:37:52,36.77152941176471,,,,,,35.90418300653595,,
2024-12-16 10:38:55,,33.440130718954244,,,34.08078431372549,,,,
2024-12-16 10:39:57,,33.56333333333333,,,,,,,
2024-12-16 10:40:59,36.66235294117648,33.94638146167558,,,,32.60235294117648,,,
2024-12-16 10:43:03,,,36.00274509803921,,,,,,
2024-12-16 10:44:04,,,36.061882352941176,,34.37647058823529,,,,
2024-12-16 10:45:06,,,,,,,,,
2024-12-16 10:46:08,,,36.048235294117646,,,,,,
2024-12-16 10:47:10,,,36.1259477124183,,,,,,
2024-12-16 10:48:11,36.54976470588236,,,,,,,,
2024-12-16 10:49:13,,33.80357843137255,,,,,,,
2024-12-16 10:51:17,,33.66334486735872,,,,29.49764705882353,,,
2024-12-16 10:52:19,,33.66189542483661,,,,,,,
2024-12-16 10:53:21,,33.551661506707944,,,,,,,
2024-12-16 10:54:22,,,,,,,36.29843137254902,,
2024-12-16 10:55:24,36.59411764705882,33.3267843137255,,,,,,,
2024-12-16 10:56:26,,33.566853408029885,,,,,35.55921568627451,,
2024-12-16 10:57:27,,33.60909430438843,,,,,,,
2024-12-16 10:58:29,36.61259803921568,33.658375350140055,,,,,,,
2024-12-16 10:59:32,,34.05966386554623,,,,,,,
2024-12-16 11:00:33,,34.05966386554623,,,,,,,
2024-12-16 11:01:35,,34.1511858076564,,,,28.314901960784315,,,
2024-12-16 11:06:44,36.65982570806099,,,,,,,,
2024-12-16 11:07:46,,33.91182072829132,,,,28.167058823529413,,,
2024-12-16 11:08:48,36.72717647058824,,,,,,,,
2024-12-16 11:09:49,,34.162098039215685,,,,,,,
2024-12-16 11:10:51,36.72717647058824,34.332117647058816,,,,,,,
2024-12-16 11:11:53,,34.450392156862755,,,,,,,
2024-12-16 11:12:55,36.71239215686275,34.568666666666665,,,,,,,
2024-12-16 11:13:57,,,,,,,,,
2024-12-16 11:14:58,36.741960784313726,,,,,,,,
2024-12-16 11:17:03,,34.58063492063493,,,,,,,
2024-12-16 11:18:05,,34.73551820728292,,,,,,,
2024-12-16 11:19:06,,34.848160597572374,,,,,,,
2024-12-16 11:21:10,,34.86224089635854,,,,,,,
2024-12-16 11:24:14,,,,,35.26352941176471,,,,
2024-12-16 11:25:17,36.80109803921568,,,,,,,,34.08078431372549
2024-12-16 11:26:18,36.836042780748656,,,,,,,,34.5243137254902
2024-12-16 11:27:20,36.84545098039215,,,,,,,,
2024-12-16 11:30:25,,,,,,,,,31.419607843137257
2024-12-16 11:31:27,,,,,,,,,31.71529411764706
2024-12-16 11:32:29,36.83604278074866,35.73277067348679,,,,,,,
2024-12-16 11:33:30,,35.80347826086957,,,,,,,
2024-12-16 11:34:33,,35.95774936061382,,,,,,,
2024-12-16 11:39:42,,36.25986359761296,,,,,,,
2024-12-16 11:40:43,,36.66482523444161,,,,,,,
2024-12-16 11:43:48,,36.723480392156866,,,,,,,
2024-12-16 11:44:50,,36.803562091503274,35.70705882352941,,,,,,
2024-12-16 11:45:52,36.88980392156863,36.87132352941177,35.41137254901961,,,,,,
2024-12-16 11:46:54,,36.9206045751634,,,,,,,
2024-12-16 11:47:56,,36.95140522875817,,,,33.78509803921568,,,
2024-12-16 11:48:57,36.90324420677362,37.02581960784314,,,,,,,
2024-12-16 11:49:59,36.889803921568635,37.01490196078431,,,,,,,
2024-12-16 11:51:01,,36.9883660130719,,,,,,,
2024-12-16 11:55:08,,37.069327731092436,,,,,,,
2024-12-16 11:56:10,36.93012477718361,37.022352941176464,,,,,,,
2024-12-16 11:57:11,,37.00315032679738,,,,,,,
2024-12-16 11:58:13,36.889803921568635,37.05294117647059,,,,,,,
2024-12-16 11:59:15,,37.111568627450986,,,,,,,
2024-12-16 12:03:22,,,,,,,,,
2024-12-16 12:04:24,,37.10588235294118,,,,,,,
2024-12-16 12:05:26,,37.14409411764706,,,,,,,
2024-12-16 12:06:27,36.85501730103806,37.16084967320261,,,,,,,
2024-12-16 12:07:29,,37.19834612105712,,,,,,,
2024-12-16 12:08:31,,37.23253119429591,,,,,,,
2024-12-16 12:09:32,,37.262931839402434,,,,,,,
2024-12-16 12:10:34,36.83533539731682,37.269971988795525,,,,,,,
2024-12-16 12:12:38,36.83230936819172,37.35445378151261,,,,,,,
2024-12-16 12:13:40,36.84873638344228,37.39669467787115,,,,34.37647058823529,,,
2024-12-16 12:14:41,36.874241486068115,37.34072549019608,,,,,,,
2024-12-16 12:15:43,,37.51230134158927,,35.55921568627451,,,,,
2024-12-16 12:16:45,36.94729847494553,37.56331154684096,,,,36.741960784313726,,,
2024-12-16 12:17:47,36.96372549019608,,35.74929971988796,,,,,,
2024-12-16 12:18:48,37.02122004357298,,35.58033613445378,,,,,,
2024-12-16 12:19:50,37.02122004357298,,,,,,,,
2024-12-16 12:20:52,37.03764705882353,,,,,,,,
2024-12-16 12:21:54,37.029865841073274,,35.98796078431373,,,,,,
2024-12-16 12:23:57,36.86023529411765,,,,,,,,
2024-12-16 12:27:03,36.889803921568635,,36.03970588235294,,,,,,
2024-12-16 12:28:05,36.89758513931889,,,,,,,,
2024-12-16 13:34:07,,,,,,,36.59411764705882,,
2024-12-16 13:36:10,36.882411764705886,37.11156862745098,,,,,,,
2024-12-16 13:37:12,,36.910924369747896,,,,,,,
2024-12-16 13:38:14,36.86516339869282,36.840522875816994,,,,,,,
2024-12-16 14:04:00,36.88159041394336,,36.06742647058823,,,,,,
2024-12-16 14:06:03,,,36.03753171856979,,,,,,
2024-12-16 14:07:04,36.92265795206971,,,,,,,,
2024-12-16 14:08:06,,,36.16615067079464,,,36.88980392156863,,,
2024-12-16 14:09:08,36.94198385236447,,,,,,,,
2024-12-16 14:10:10,,,36.23618163054696,,,,,,
2024-12-16 14:11:12,37.03764705882353,,36.23618163054696,,,,36.741960784313726,,
2024-12-16 14:12:14,,,36.25174406604747,,36.59411764705882,,35.55921568627451,,
2024-12-16 14:14:17,,,36.345118679050564,,,,35.70705882352941,,
2024-12-16 14:15:23,,,36.32955624355005,,,,,,
2024-12-16 14:16:25,,,,,,34.82,,,
2024-12-16 16:01:32,36.935294117647054,,,,,,,,
2024-12-16 16:02:34,,,36.679711042311666,,,,,,
2024-12-16 16:06:41,,,36.74935294117647,,35.26352941176471,,,,
2024-12-16 16:07:43,,,36.77012138188609,,,,,,
2024-12-16 16:09:47,36.88980392156862,,36.763081232493,,,,,,
2024-12-16 16:10:49,,,36.79828197945845,,,,,,
2024-12-16 16:11:51,36.80916221033868,,36.741960784313726,,,,,,
2024-12-16 16:12:52,,,36.770121381886085,,,,,,
2024-12-16 16:13:54,36.84948306595365,,36.80849019607843,,,,,,
2024-12-16 16:14:56,36.86292335115865,,36.88980392156863,,,,,,
2024-12-16 16:18:01,,36.59411764705882,,,,,,,
2024-12-16 16:19:03,,,,,,36.741960784313726,,,
2024-12-16 16:20:05,,,37.03764705882353,,,,36.66803921568627,,
2024-12-16 16:21:07,37.08692810457516,,,,,,,,
2024-12-16 16:24:12,,,,,,,,,
2024-12-16 16:27:18,,,37.1362091503268,,,,36.86023529411765,,
2024-12-16 16:28:20,,,,,,,36.83066666666666,,
2024-12-16 16:34:30,,,37.098523644752014,,,,36.80109803921569,,
2024-12-16 16:37:35,37.11156862745098,,37.148529411764706,,,,,,
2024-12-16 16:39:39,,,,,,,36.86023529411765,,
2024-12-16 16:40:40,,,37.23829131652661,,,,,,
2024-12-16 16:41:42,,,37.2878431372549,,,,,,
2024-12-16 16:42:43,36.86516339869281,,,,,,,,
2024-12-16 16:43:45,,,,,,,,,39.25529411764706
2024-12-16 16:45:49,36.68282352941177,,37.30869281045752,,,,,,
2024-12-16 16:46:51,,,37.387094474153294,,,,,,
2024-12-16 16:47:52,,,37.602139037433155,,,,,,
2024-12-16 16:55:05,,,,,,,,,32.75019607843137
2024-12-16 16:57:08,,,,,,,,,
2024-12-16 17:02:17,,36.57563725490196,,,,,,,
2024-12-16 17:04:21,,36.5571568627451,,,,,,,
2024-12-16 17:05:22,,36.520196078431375,,,,,,,
2024-12-16 17:06:24,,36.538676470588236,,,,,,,
2024-12-16 17:07:26,,36.52019607843137,,,,,,,
2024-12-16 17:08:27,,36.52019607843137,,,,,,,
2024-12-16 17:09:29,,36.538676470588236,,,,,,,
2024-12-16 17:10:32,,36.52019607843137,,,,,,,
2024-12-16 17:11:36,,,37.18549019607843,,,,,,
2024-12-16 17:12:37,,,37.333333333333336,,,,,,
