timestamp,Zona1,codo_izq,codo_drc,rodilla_izq,rodilla_drc,mano_izq,mano_drc,pie_izq,pie_drc
2024-12-01 19:35:00,,,38.22039215686274,35.115686274509805,,,,,34.69679738562092
2024-12-01 19:36:02,,,,,,,,,
2024-12-01 19:37:03,37.93949019607843,,,,37.03764705882353,,,35.55921568627451,34.1731862745098
2024-12-01 19:38:04,37.87094474153297,,,,,,,,34.01507625272331
2024-12-01 19:39:06,37.89782531194295,,,,,,,,33.91815686274509
2024-12-01 19:41:08,37.924705882352946,,,,,,,,
2024-12-01 19:42:09,37.900065359477125,,,,,,,,
2024-12-01 19:43:11,,,,,,,,,34.06941176470588
2024-12-01 19:44:12,37.89302521008403,37.629019607843134,,,,,,40.438039215686274,
2024-12-01 19:45:13,37.88528104575163,,,,,,,39.99450980392157,
2024-12-01 19:46:14,37.88774509803922,,,,,,,,
2024-12-01 19:47:15,37.889919261822385,,,,,,,33.78509803921568,
2024-12-01 19:48:17,37.90006535947713,,,,,,,,
2024-12-01 19:49:18,,,,34.37647058823529,,,,,
2024-12-01 19:50:19,,,,,,,,,34.51653250773994
2024-12-01 19:51:20,,,,,,,,,34.53209494324045
2024-12-01 19:52:21,,,,,,,,,34.44217864923747
2024-12-01 19:53:22,,,,,,,,,34.47503267973856
2024-12-01 19:54:24,37.48821661998132,,,,,,,,34.37647058823529
2024-12-01 19:55:25,,,,,,,,,34.26558823529412
2024-12-01 19:56:26,,,,,,,,,34.21938725490196
2024-12-01 19:59:30,37.34072549019608,,,,,,,,34.06339100346021
2024-12-01 20:00:31,37.31115686274511,,,,,,,,33.985121107266444
2024-12-01 20:01:32,37.31854901960784,,,,,,,,
2024-12-01 20:02:34,37.30998968008256,,,,,,,,33.98222222222223
2024-12-01 20:03:35,37.27886480908154,,,,,,,35.55921568627451,33.987409700722395
2024-12-01 20:04:36,37.23217750257999,,,,,,,,33.91815686274509
2024-12-01 20:05:37,37.20105263157895,,,,,,,,33.89070028011205
2024-12-01 20:07:40,37.16214654282766,,,,,,,34.6721568627451,33.973262032085564
2024-12-01 20:08:41,37.141137254901956,,,,,,,,33.89934046345811
2024-12-01 20:09:43,,,,,,,,34.9678431372549,
2024-12-01 20:10:44,,,,,,,,,
2024-12-01 20:11:45,37.07621483375958,,,,,,,,
2024-12-01 20:12:46,37.031219096334176,,,,,,,,
2024-12-01 20:13:48,37.121210571184996,,36.59411764705882,,,,,,
2024-12-01 20:14:49,,,,,,,,,33.932941176470585
2024-12-01 20:17:52,37.132266666666666,,,,,,,,33.979982174688054
2024-12-01 20:18:54,37.09308823529412,,,,,,,,
2024-12-01 20:21:58,,,,,,,,,33.79181818181817
2024-12-01 20:24:00,,,,,,,,,33.80438192668371
2024-12-01 20:25:01,37.07460784313725,,,,,,,34.37647058823529,33.73805704099822
2024-12-01 20:26:02,37.105408496732025,,,,,,,,33.69357609710551
2024-12-01 20:27:04,37.09308823529412,,,,,,,33.78509803921568,33.665415499533154
2024-12-01 20:28:05,37.0684477124183,,,,,,,,33.52637254901961
2024-12-01 20:29:06,37.04996732026144,,,,,,,,
2024-12-01 20:30:07,37.01300653594771,,,,,,,,33.55944272445821
2024-12-01 20:31:09,37.07312941176471,,,,,,,,33.674215686274515
2024-12-01 20:32:10,37.54622745098039,,,,,,,,33.74989729225023
2024-12-01 20:33:11,,,,,,,,,33.825418894830655
2024-12-01 20:34:12,,,,,,,,,33.92651321398125
2024-12-01 20:35:13,37.40429803921569,,,,,,,,33.93294117647059
2024-12-01 20:36:15,37.40725490196078,,,,,,,,33.977936913895995
2024-12-01 20:38:17,,,,,,,,,34.05507246376813
2024-12-01 20:39:18,37.452745098039216,,,,,,,,34.06846405228759
2024-12-01 20:40:19,37.4318954248366,,,,,,,,34.04221653878943
2024-12-01 20:41:21,37.444215686274504,,,,,,,,
2024-12-01 20:42:22,37.460056022408956,,,,,,,,
2024-12-01 20:43:23,37.486652142338414,,,,,,,,34.14414565826331
2024-12-01 20:44:25,37.52098039215686,,,,,,,,
2024-12-01 20:45:26,37.5344,,,,,,,,34.197502579979364
2024-12-01 20:46:27,37.56125816993464,,,,,,,,
2024-12-01 20:47:28,37.57973856209151,,,,,,,,34.261481481481475
2024-12-01 20:48:30,37.635447570332474,,37.18549019607843,,,,,,34.40932461873638
2024-12-01 20:49:31,37.667587382779196,,,,,,,,34.49822376009227
2024-12-01 20:50:32,37.68446078431373,,,,,,,,34.646066897347175
2024-12-01 20:51:33,37.74606209150327,,,,,,,,
2024-12-01 20:52:35,37.770434782608696,,,,,,,,34.938274509803925
2024-12-01 20:53:36,37.79702317290553,,,,,,,,35.126246498599436
2024-12-01 20:54:37,37.79702317290553,,,,,,,,35.343137254901954
2024-12-01 20:56:40,37.91126559714796,,,,,,,,
2024-12-01 20:57:41,37.93814616755793,,,,,,,,
2024-12-01 20:58:42,37.93878618113913,,,,,,,,
2024-12-01 20:59:43,,,37.23477124183007,,,,,,
2024-12-01 21:00:45,,,37.210130718954254,,,,,,
2024-12-01 21:03:49,,,,,,,,,
2024-12-01 21:04:50,,36.88980392156863,,,,,,,
2024-12-01 21:05:51,38.02080392156863,,,,,,,,
2024-12-01 21:06:52,,,37.20661064425771,,,,,,35.707058823529415
2024-12-01 21:08:54,37.969058823529416,,37.18549019607843,,,,,,
2024-12-01 21:09:55,37.95427450980392,,37.227731092436976,,,,,,35.74929971988796
2024-12-01 21:12:59,37.97645098039216,,,,,,,,
2024-12-01 21:15:01,,,,,,,,35.24240896358544,
2024-12-01 21:16:02,,,,,,,,35.24240896358544,
2024-12-01 21:18:05,,,,,,,,35.20016806722689,
2024-12-01 21:19:06,,37.77686274509804,,,,,,35.17904761904762,
2024-12-01 21:21:08,37.963611971104235,,,,,,,,
2024-12-01 21:22:10,,38.811764705882354,,,,,,,
2024-12-01 21:23:11,37.89358101135191,,,,,,,,
2024-12-01 21:24:12,37.91692466460269,,,,,,,35.115686274509805,
2024-12-01 21:25:13,37.91692466460269,,37.21013071895425,,,,,,
2024-12-01 21:26:15,37.954274509803916,,,,,,,,
2024-12-01 21:28:17,,36.88980392156863,,,,,,35.284649859943976,
2024-12-01 21:29:18,37.91062558356676,,,,,,,,
2024-12-01 21:30:19,37.92470588235294,,,,,,,,
2024-12-01 21:31:20,37.902529411764704,,37.16084967320261,,,,,,
2024-12-01 21:32:22,37.85817647058823,,,,,,,,35.529647058823535
2024-12-01 21:33:23,37.870237358101136,,37.21013071895425,,,,,35.24874509803922,
2024-12-01 21:34:24,37.84689370485036,,,,,,,,35.55921568627451
2024-12-01 21:35:25,37.870237358101136,,,,,,,,
2024-12-01 21:38:29,37.92470588235294,,,,,,,,35.58878431372549
2024-12-01 21:39:31,,,,,,,36.59411764705882,,
2024-12-01 21:40:32,37.828607843137256,,,,,,,,35.583856209150326
2024-12-01 21:41:33,37.819103641456586,,,,,,,,
2024-12-01 21:42:34,,,,,,,,,35.47050980392157
2024-12-01 21:43:35,,,,,,,,,
2024-12-01 21:44:37,,,,,,,,,
2024-12-01 21:45:38,37.70294117647059,,37.2840522875817,,,,,,
2024-12-01 21:46:39,,,37.29637254901961,,,,,,
2024-12-01 21:47:40,,37.03764705882353,,,,,,35.559215686274506,
2024-12-01 21:48:42,,36.88980392156863,,,,,,35.647921568627446,
2024-12-01 21:49:44,37.74729411764706,,37.321960784313724,,,,,,
2024-12-01 21:50:45,,,,,,,,35.559215686274506,
2024-12-01 21:51:46,,36.88980392156863,,,,,,35.58878431372549,
2024-12-01 21:52:47,,,37.343893557422966,,,,,,
2024-12-01 21:53:49,37.643803921568626,,,,,,,,
2024-12-01 21:55:51,37.68815686274509,,37.3227731092437,,,,,,
2024-12-01 21:56:52,37.72054154995331,,37.29921568627451,,,,,,35.70705882352941
2024-12-01 21:57:53,37.74166199813258,,37.30165266106443,,,,,,
2024-12-01 21:58:55,37.77686274509803,,,,,,,,
2024-12-01 21:59:56,37.79030303030302,,37.333333333333336,,,,,,
2024-12-01 22:00:57,,,37.3246366782007,,,,,,
2024-12-01 22:01:58,37.72982174688056,,37.3169063180828,,,,,,
2024-12-01 22:02:59,37.72982174688056,,,,,,,,
2024-12-01 22:04:01,,,37.333333333333336,,,,,,
2024-12-01 22:05:02,37.75115089514066,,37.34202998846598,,,,,,
2024-12-01 22:06:03,37.764542483660136,,,,,,,35.55921568627451,
2024-12-01 22:07:04,37.78918300653594,,37.3681199538639,,,,,,
2024-12-01 22:08:05,37.79460392156862,,37.3681199538639,,,,,,
2024-12-01 22:09:07,37.78254901960784,,,,,,,,
2024-12-01 22:10:08,37.77686274509803,,,,,,,,
2024-12-01 22:11:09,37.759803921568626,,,,,,,,
2024-12-01 22:12:10,37.74729411764706,,,,,,,,
2024-12-01 22:13:12,37.75222222222222,,37.41160322952711,,,,,,
2024-12-01 22:14:13,37.74472293265131,,37.40725490196079,,,,,,
2024-12-01 22:15:14,37.76400682011934,,37.39801470588236,,,,,,
2024-12-01 22:16:15,37.78329070758737,,37.422039215686276,,,,,,
2024-12-01 22:17:16,,,37.42837535014006,,,,,,
2024-12-01 22:18:17,,,,,,,,,
2024-12-01 22:19:18,37.819983660130724,,,,,,,,
2024-12-01 22:20:20,37.819983660130724,,,,,,,,
2024-12-01 22:21:21,37.8154305200341,,37.435686274509806,,,,,,
2024-12-01 22:22:22,37.82828644501278,,,,,,,,
2024-12-01 22:23:23,37.83734402852049,,,,,,,,
2024-12-01 22:24:25,37.84406417112299,,,,,,36.59411764705882,,
2024-12-01 22:26:27,37.850784313725484,,,,,,,,
2024-12-01 22:27:28,,,37.42837535014006,,,,,,
2024-12-01 22:28:29,,,37.42837535014006,,,,,,
2024-12-01 22:29:31,,,37.42837535014006,,,,,,
2024-12-01 22:31:33,,,,,,,36.88980392156863,,
2024-12-01 22:33:36,37.81046345811051,,,,,,,,
2024-12-01 22:37:41,37.8239037433155,,,,,,,,
2024-12-01 22:38:42,37.817183600713,,,,,,,,
2024-12-01 22:39:43,37.82828644501278,,37.48117647058824,,,,,,
2024-12-01 22:41:46,37.850784313725484,,,,,,,,
2024-12-01 22:42:47,,37.48117647058824,,,,,,,
2024-12-01 22:43:48,,,37.50581699346405,,,,,,
2024-12-01 22:44:49,37.87766488413546,,,,,,,,
2024-12-01 22:45:50,,,37.534937611408196,,,,,,
2024-12-01 22:46:52,37.89782531194296,,37.555098039215686,,,,,,
2024-12-01 22:47:53,37.88438502673797,,,,,,,,
2024-12-01 22:48:54,37.88438502673797,,37.54941176470588,,,,,,
2024-12-01 22:49:55,37.898994032395564,,,,,,,,
2024-12-01 22:50:56,37.90006535947712,,,,,,,,
2024-12-01 22:51:57,37.90105098039216,,,,,,,,
2024-12-01 22:54:00,37.896274509803916,,37.505816993464045,,,,,,
2024-12-01 22:56:03,37.87352941176471,,,,,,,,
2024-12-01 22:57:04,37.879215686274506,,,,,,,,
2024-12-01 22:59:06,37.8735294117647,,37.48117647058824,,,,,,
2024-12-01 23:00:08,,37.629019607843134,,,,,,,
2024-12-01 23:01:09,37.867843137254894,,37.49173669467787,,,,,,
2024-12-01 23:02:10,,,37.48117647058824,,,,,,
2024-12-01 23:04:13,37.88774509803921,,,,,,,,
2024-12-01 23:05:14,37.89302521008403,,,,,,,,
2024-12-01 23:06:15,,,,,,,,,
2024-12-01 23:07:17,37.898305322128856,,,,,,,,
2024-12-01 23:08:18,37.908865546218486,,37.502296918767506,,,,,,
2024-12-01 23:09:19,37.89732752360204,,,,,,,,
2024-12-01 23:11:22,37.9082788671024,,,,,,,,
2024-12-01 23:16:28,37.91923021060276,,37.523417366946774,,,,,,
2024-12-01 23:17:29,37.924705882352946,,37.523417366946774,,,,,,
2024-12-01 23:19:32,,,,,,,,,
2024-12-01 23:20:33,37.92470588235293,,37.500888888888895,,,,,,
2024-12-01 23:21:34,37.93018155410312,,,,,,,,
2024-12-01 23:22:36,37.93018155410312,,37.48117647058824,,,,,,
2024-12-01 23:23:37,37.924705882352946,,37.48987312572088,,,,,,
2024-12-01 23:24:38,37.91942577030812,,,,,,,,
2024-12-01 23:25:40,37.9141456582633,,37.46269607843138,,,,,,
2024-12-01 23:26:41,37.92470588235294,,,,,,,,
2024-12-01 23:27:42,,,37.48117647058824,,,,,,
2024-12-01 23:28:43,37.924705882352946,,37.46269607843137,,,,,,
2024-12-01 23:29:45,37.92470588235294,,,,,,,,
2024-12-01 23:30:46,,,,,,,,,35.85490196078432
2024-12-01 23:31:47,37.88637618010167,,37.44638985005767,,,,,,
2024-12-01 23:32:48,37.88090050835149,,,,,,,,
2024-12-01 23:33:50,37.88637618010167,,,,,,,,
2024-12-01 23:34:51,37.89732752360204,,37.455086505190316,,,,,,
2024-12-01 23:35:52,37.90280319535221,,37.44832244008715,,,,,,
2024-12-01 23:36:53,37.88637618010167,,37.440108932461875,,,,,,
2024-12-01 23:37:55,37.891851851851854,,37.44227038183695,,,,,,
2024-12-01 23:38:56,37.90280319535221,,37.45783281733746,,,,,,
2024-12-01 23:40:59,37.90280319535221,,37.450051599587205,,,,,,
2024-12-01 23:42:00,37.89185185185185,,,,,,,,
2024-12-01 23:43:01,37.89058823529411,,,,,,,,
2024-12-01 23:44:02,37.88330980392157,,37.41781512605043,,,,,,
2024-12-01 23:46:05,,37.629019607843134,,,,,,,
2024-12-01 23:47:06,37.85078431372549,,37.438935574229696,,,,,,
2024-12-01 23:48:08,37.85374117647059,,37.447575757575756,,,,,,
2024-12-01 23:49:09,,,,,,,,,
2024-12-01 23:50:10,37.822352941176476,,,,,,,,
2024-12-01 23:51:11,37.78254901960784,37.48117647058824,37.442608695652176,,,,,,
2024-12-01 23:52:12,37.77117647058823,,37.450375816993464,,,,,,
2024-12-01 23:54:15,37.77117647058823,,37.45546462063086,,,,,,
2024-12-01 23:55:16,37.776862745098036,,37.45546462063086,,,,,,
2024-12-01 23:56:17,37.748431372549014,,37.45546462063087,,,,,,
2024-12-01 23:57:18,37.73137254901961,,,,,,,,
2024-12-01 23:58:19,37.74274509803921,,37.48117647058824,,,,,,
2024-12-01 23:59:21,37.74843137254902,,37.4747485080989,,,,,,
2024-12-02 00:00:22,,,37.48760443307758,,,,,,
2024-12-02 00:01:23,,,,,,,,,
2024-12-02 00:02:24,,,37.49349673202614,,,,,,
2024-12-02 00:03:26,37.76043572984749,,37.49349673202614,,,,,,
2024-12-02 00:04:27,,,37.51197712418301,,,,,,
2024-12-02 00:05:28,37.76591140159768,,37.50581699346406,,,,,,
2024-12-02 00:06:29,37.82066811909949,,37.510745098039216,,,,,,
2024-12-02 00:07:30,,,,,,,,,
2024-12-02 00:09:33,37.815192447349304,,37.51529411764706,,,,,,
2024-12-02 00:10:34,37.79876543209876,37.629019607843134,,,,,,,
2024-12-02 00:11:35,37.776862745098036,,37.53235294117647,,,,,,
2024-12-02 00:12:36,37.793289760348586,,37.53235294117647,,,,,,
2024-12-02 00:13:38,37.7878140885984,,37.52666666666667,,,,,,
2024-12-02 00:14:39,37.765490196078424,,37.50392156862745,,,,,,
2024-12-02 00:15:40,37.759803921568626,,37.51529411764706,,,,,,
2024-12-02 00:16:42,37.759803921568626,,,,,,,,
2024-12-02 00:17:43,37.76591140159768,,37.49823529411765,,,,,,
2024-12-02 00:18:44,37.776862745098036,,37.51665882352941,,,,,,
2024-12-02 00:19:45,37.81382352941176,,,,,,,,
2024-12-02 00:20:47,37.80854341736694,,37.463435294117645,,,,,,
2024-12-02 00:21:48,37.80745098039216,,37.475262745098036,,,,,,
2024-12-02 00:22:49,37.79270308123249,,37.450375816993464,,,,,,
2024-12-02 00:23:51,37.80854341736694,,37.449036658141516,,,,,,
2024-12-02 00:24:52,37.84550420168067,,37.468320545609544,,,,,,
2024-12-02 00:25:53,37.86447349310094,,37.447575757575756,,,,,,
2024-12-02 00:26:54,37.84257080610021,,37.35261722080136,,,,,,
2024-12-02 00:27:55,37.83372549019607,,37.340053475935825,,,,,,
2024-12-02 00:28:57,37.78823529411764,,37.2258110516934,,,,,,
2024-12-02 00:29:58,,,37.13172905525847,,,,,,
2024-12-02 00:30:59,37.7256862745098,,36.99732620320855,,,,,,
2024-12-02 00:32:00,37.70589803921569,,36.96724556489263,,,,,,
2024-12-02 00:33:02,37.676329411764705,,36.99540616246499,,,,,,
2024-12-02 00:34:03,37.63493333333333,,,,,,,,
2024-12-02 00:35:04,37.587623529411765,,36.92092879256967,,,,,,
2024-12-02 00:36:06,37.56988235294118,,36.913147574819405,,,,,,
2024-12-02 00:37:07,37.55805490196079,,36.86516339869281,,,,,,
2024-12-02 00:39:09,,,,,,,,,33.63725490196079
2024-12-02 00:40:11,37.518137254901966,,,,,,,,
2024-12-02 00:41:12,37.487604433077585,,,,,,,,
2024-12-02 00:42:13,,,,,,,,32.29023965141612,
2024-12-02 00:43:15,37.52617220801364,,36.776078431372554,,,,,32.30666666666667,
2024-12-02 00:44:16,,,,,,,,32.27381263616558,
2024-12-02 00:45:17,,,36.64339869281046,,,,,32.2081045751634,
2024-12-02 00:46:19,37.516377217553696,,36.54483660130719,,,,,32.191677559912854,
2024-12-02 00:47:20,37.50229691876751,,36.48323529411765,,,,,32.109542483660135,
2024-12-02 00:48:21,,,,,,,,32.33623529411765,
2024-12-02 00:49:22,37.44227038183694,,,,,,,,
2024-12-02 00:50:23,37.4318954248366,,,,,,,,
2024-12-02 00:51:25,37.42029988465975,,,,,,,,32.30666666666667
2024-12-02 00:52:26,37.361053921568626,,,,,,,,32.45450980392157
2024-12-02 00:53:27,37.32347712418301,,,,,,,32.898039215686275,
2024-12-02 00:54:28,,,,,,,,32.86635854341737,
2024-12-02 00:55:30,37.293908496732016,,,,,,,,
2024-12-02 00:56:31,,,,,,,,32.92760784313726,
2024-12-02 00:57:33,37.19686274509803,,,,,,,,
2024-12-02 00:58:34,,,,,,,,,
2024-12-02 00:59:35,37.210130718954254,,,,,,,,
2024-12-02 01:01:37,,,36.28200435729847,,,,37.03764705882353,,
2024-12-02 01:02:39,,,36.42779411764706,,,,,,
2024-12-02 01:03:40,,,36.57563725490196,,,,,,
2024-12-02 01:05:42,,,,,,,,33.834379084967324,
2024-12-02 01:06:44,,,36.741960784313726,,,,37.333333333333336,33.92308496732026,
2024-12-02 01:07:45,,,,,,,37.48117647058824,33.95142156862745,
2024-12-02 01:08:46,,,,,,,37.48117647058824,33.950334486735876,
2024-12-02 01:09:48,,,,,,,,33.965795206971684,
2024-12-02 01:10:49,,,,,,,,,
2024-12-02 01:13:53,,,,,,,,,
2024-12-02 01:14:54,37.18549019607843,,36.605490196078435,,,,,,
2024-12-02 01:15:56,,,,,,,,34.08856553147575,
2024-12-02 01:17:58,,,,,,,,34.12747162022704,
2024-12-02 01:18:59,,,,,,,,34.11774509803922,
2024-12-02 01:20:01,,,,,,,,34.12302521008404,
2024-12-02 01:21:02,,,,,,,,34.12782531194296,
2024-12-02 01:22:03,,,,,,,,34.132208013640245,
2024-12-02 01:23:05,,,36.71732026143791,,,,,,
2024-12-02 01:24:06,,,36.68819964349377,,,,,34.13863597612959,
2024-12-02 01:26:08,,,,,,,,34.11935208866156,
2024-12-02 01:27:10,,,,,,,,34.11935208866156,
2024-12-02 01:28:11,,,36.74196078431373,,,,,34.11935208866156,
2024-12-02 01:29:12,,,36.72717647058825,,,,,34.10649616368287,
2024-12-02 01:30:13,,,36.71239215686275,,,,,,
2024-12-02 01:31:14,,,36.59411764705882,,,,,34.09364023870418,
2024-12-02 01:32:15,,,36.528409586056654,,,,36.59411764705882,34.10542483660131,
2024-12-02 01:33:17,,,,,,,,34.09852549019608,
2024-12-02 01:34:18,,,,,,,,34.15174901960784,
2024-12-02 01:35:19,,,,,,,,34.16702614379085,
2024-12-02 01:36:20,,,,,,,,34.17934640522876,
2024-12-02 01:37:21,,,,,,,,34.21630718954248,
2024-12-02 01:38:23,37.702941176470596,,,35.55921568627451,,,,34.2157715260017,
2024-12-02 01:39:24,37.713501400560226,,,,,,,,
2024-12-02 01:40:25,37.7346218487395,,,,,,,,
2024-12-02 01:41:27,,,,,,,,34.267195225916446,
2024-12-02 01:42:28,,,,,,,,34.26719522591645,
2024-12-02 01:43:29,37.69238095238096,36.741960784313726,,,,,,34.29290707587382,
2024-12-02 01:44:31,37.75574229691877,,,,,,,34.33790281329923,
2024-12-02 01:45:32,,,,,,,,,
2024-12-02 01:46:33,37.75574229691877,,36.52019607843137,,,,,,
2024-12-02 01:47:35,,36.44627450980393,,,,,,34.35075873827792,
2024-12-02 01:48:36,,36.29843137254902,,,,,,34.376470588235286,
2024-12-02 01:49:37,,36.59411764705882,,,,,,,
2024-12-02 01:51:40,,,36.380566448801744,,,,,,
2024-12-02 01:52:41,,,,,,,,34.392033023735806,
2024-12-02 01:53:43,,,,,,,,34.38468409586057,
2024-12-02 01:54:44,37.7663025210084,,36.44627450980392,,,,,,34.9678431372549
2024-12-02 01:55:45,37.776862745098036,,36.45859477124183,,,,,,34.37647058823529
2024-12-02 01:56:46,,36.29843137254902,,,,,,34.41343137254901,
2024-12-02 02:00:51,,,,,,,,34.40419117647059,
2024-12-02 02:01:52,,,,,,,,34.43560784313727,
2024-12-02 02:02:53,,,36.43490196078431,,,,,34.418711484593835,
2024-12-02 02:03:55,,,,,,,,34.418711484593835,
2024-12-02 02:04:56,,,,,,,,34.456078431372546,
2024-12-02 02:05:57,,,36.44627450980392,,,,,,
2024-12-02 02:09:01,37.804583333333326,,,,,,,,
2024-12-02 02:11:04,37.77686274509804,,36.505411764705876,,,,,,
2024-12-02 02:13:06,37.77686274509804,,36.50171568627451,,,,,,
2024-12-02 02:14:08,37.78464396284829,,36.52454440599769,,,,,,33.63725490196079
2024-12-02 02:15:09,37.76947058823529,,36.515847750865056,,,,,,
2024-12-02 02:16:10,37.769822595704944,,36.50715109573241,,,,,,
2024-12-02 02:17:11,37.76342245989304,,36.49555555555556,,,,,,
2024-12-02 02:20:15,37.77686274509804,,,,,,,,
2024-12-02 02:21:16,,,,,,,,,
2024-12-02 02:23:19,37.79614663256607,,36.559331026528255,,,,,,
2024-12-02 02:24:20,37.78329070758738,,,,,,,,
2024-12-02 02:26:23,37.78302287581699,,,,,,,,
2024-12-02 02:28:25,,,,,,,,34.5243137254902,
2024-12-02 02:29:26,37.77117647058824,,36.516305469556244,,,,,,
2024-12-02 02:30:27,37.75496005809732,,,,,,,,
2024-12-02 02:31:29,37.72934173669468,,36.51280392156862,,,,,,
2024-12-02 02:32:30,37.72934173669468,,36.50259570494864,,,,,,
2024-12-02 02:33:31,37.69238095238096,,36.50963585434173,,,,,,34.6721568627451
2024-12-02 02:34:32,37.644859943977586,,36.50541176470588,,,,,,
2024-12-02 02:35:33,37.65542016806723,,36.58672549019608,,,,,34.5243137254902,
2024-12-02 02:36:35,37.62901960784314,,,,,,,,
2024-12-02 02:37:36,37.597338935574236,,36.59411764705883,,,,,,34.6721568627451
2024-12-02 02:38:37,37.57426289034132,,,,,,,,34.82
2024-12-02 02:39:39,37.55236020334059,,36.609680082559336,,,,,,34.9678431372549
2024-12-02 02:40:40,37.53593318809005,,,,,,,,
2024-12-02 02:41:41,,36.29843137254902,,,,,,,
2024-12-02 02:42:42,37.52498184458969,,36.69021568627452,,,,,,
2024-12-02 02:44:45,37.52098039215686,,36.68282352941178,,,,,,
2024-12-02 02:46:47,37.51403050108933,,36.68282352941178,,,,,,
2024-12-02 02:47:49,37.51403050108933,,36.68749226006192,,,,,,
2024-12-02 02:48:50,37.52498184458969,,36.7197843137255,,,,,,
2024-12-02 02:49:51,37.519506172839506,,36.74974200206398,,,,,,
2024-12-02 02:50:52,37.52666666666667,,36.81199174406604,,,,,,
2024-12-02 02:51:54,,,,,,,,,
2024-12-02 02:52:55,37.51529411764705,,36.819772961816305,,,,36.15058823529412,,
2024-12-02 02:53:56,37.54941176470588,,,,,,,,
2024-12-02 02:54:57,37.560784313725485,,36.95633333333334,,,,,,
2024-12-02 02:55:59,,,36.95633333333334,,,,,,
2024-12-02 02:57:00,37.5344,,,,,,,,
2024-12-02 02:58:01,37.54031372549019,,,,,,,,
2024-12-02 02:59:02,37.50483137254902,,36.995406162464995,,,,,,
2024-12-02 03:00:04,37.50483137254902,,36.995406162464995,,,,,,
2024-12-02 03:01:05,,,37.0587675070028,,,,,,
2024-12-02 03:02:06,37.5344,,,,,,,,
2024-12-02 03:03:07,37.55214117647059,,,,,,,,
2024-12-02 03:04:09,37.56396862745098,,37.17070588235295,,,,,,
2024-12-02 03:05:10,37.59353725490196,,,,,,,,
2024-12-02 03:07:12,,,37.25552115583076,,,,,,
2024-12-02 03:08:13,37.629019607843134,,37.31777089783282,,,,,,
2024-12-02 03:09:14,37.676329411764705,,37.340725490196085,,,,,,
2024-12-02 03:10:15,37.67632941176471,,37.317770897832816,,,,,,
2024-12-02 03:11:17,37.723639215686276,,37.34811764705883,,,,,,
2024-12-02 03:12:18,,,37.39986274509804,,,,,,
2024-12-02 03:13:20,37.759803921568626,,37.44421568627451,,,,,,
2024-12-02 03:14:21,37.78277647058824,,,,,,,,
2024-12-02 03:15:22,37.836,,37.42741532976827,,,,,,
2024-12-02 03:16:23,,,,,36.15058823529412,,,,
2024-12-02 03:19:27,37.85078431372549,,37.42741532976827,,,,,,
2024-12-02 03:20:28,37.85078431372549,,37.42741532976827,,,,,,
2024-12-02 03:21:29,37.8604262574595,,37.45546462063087,,,,,,
2024-12-02 03:22:31,37.87328218243819,,,,,,,,
2024-12-02 03:23:32,37.87328218243819,,,,,,,,
2024-12-02 03:25:35,37.87971014492753,,37.450375816993464,,,,,,
2024-12-02 03:26:36,37.88774509803921,,37.43805555555556,,35.85490196078432,,,,
2024-12-02 03:28:39,37.86926470588235,,37.42573529411765,,,,,,
2024-12-02 03:29:40,37.8631045751634,,,,,,,,
2024-12-02 03:30:41,,,37.42975277067349,,,,,,
2024-12-02 03:31:42,37.856944444444444,,37.447575757575756,,,,,,
2024-12-02 03:32:44,37.85965490196079,,37.438935574229696,,,,,,
2024-12-02 03:33:45,,,37.467096171802055,,,,,,
2024-12-02 03:34:46,37.8419137254902,,37.467096171802055,,,,,,
2024-12-02 03:35:48,37.841913725490194,,37.45301587301587,,,,,,
2024-12-02 03:36:49,,,37.447575757575756,,,,,,
2024-12-02 03:37:50,,,37.447575757575756,,,,,,
2024-12-02 03:38:52,,,37.42069518716578,,36.44627450980393,,,,
2024-12-02 03:39:53,37.82235294117647,,37.44085561497326,,,,,,
2024-12-02 03:40:54,37.81098039215686,,37.449036658141516,,,,,,
2024-12-02 03:42:56,37.80529411764706,,,,,,,,
2024-12-02 03:43:58,37.79960784313725,,37.468856209150324,,,,37.92470588235294,,
2024-12-02 03:44:59,37.82235294117647,,37.46832054560955,,,,,,
2024-12-02 03:46:00,37.81666666666666,,,,,,,,
2024-12-02 03:47:01,37.81666666666666,,37.43618073316283,,,,,,
2024-12-02 03:48:03,37.80529411764706,,,,,,,,
2024-12-02 03:49:04,,,,,,,,,
2024-12-02 03:50:05,37.79960784313725,,37.44085561497326,,,,,,
2024-12-02 03:51:06,37.793289760348586,,,,,,,,
2024-12-02 03:52:08,37.77686274509804,,37.42741532976827,,,,,,
2024-12-02 03:53:09,37.776862745098036,,37.41397504456328,,,,,,
2024-12-02 03:54:10,37.77138707334785,,37.41077497665733,,,,,,
2024-12-02 03:55:12,37.77138707334785,,37.41077497665732,,,,,,
2024-12-02 03:56:13,37.77158263305322,,37.41077497665733,,,,37.29109243697479,,
2024-12-02 03:57:14,37.766302521008406,,37.399862745098034,,,,37.31221288515406,,
2024-12-02 03:58:16,37.76102240896358,,37.407254901960776,,,,37.333333333333336,,
2024-12-02 03:59:17,37.766302521008406,,37.41077497665733,,,,37.26997198879552,,
2024-12-02 04:00:19,37.74948438634713,,,,,,,,
2024-12-02 04:01:20,37.759803921568626,,37.458999999999996,,,,,,
2024-12-02 04:02:21,37.75912156862745,,,,,,,,
2024-12-02 04:03:22,37.758382352941176,,,,,,,,
2024-12-02 04:04:24,37.758382352941176,,37.40725490196078,,,,,,
2024-12-02 04:05:25,37.744722932651314,,37.40404092071612,,,,,,
2024-12-02 04:06:26,37.75670231729055,,37.40404092071612,,,,,,
2024-12-02 04:09:30,37.76342245989304,,,,,,37.18549019607843,,
2024-12-02 04:10:31,37.756702317290554,,37.42573529411765,,,,37.17411764705883,,
2024-12-02 04:11:33,,37.03764705882353,,35.85490196078432,,36.88980392156863,,,
2024-12-02 04:12:34,,,37.431895424836604,,,,,,
2024-12-02 04:13:35,37.769822595704944,,37.40404092071613,,,,,,
2024-12-02 04:14:36,37.78390289449113,,,,,,,,
2024-12-02 04:15:38,37.78390289449113,,37.37832907075874,,,,,,
2024-12-02 04:16:39,37.769822595704944,,37.35904518329071,,,,,,
2024-12-02 04:17:40,,37.629019607843134,,,,37.03764705882353,,,
2024-12-02 04:18:41,,,37.32101307189543,,,37.18549019607843,37.15380952380952,,
2024-12-02 04:19:43,,,37.34565359477124,,,,37.155921568627456,,
2024-12-02 04:20:44,,,37.33924705882353,,,,,,
2024-12-02 04:21:45,37.77686274509804,,37.36745098039216,,36.00274509803921,,37.16809688581315,,
2024-12-02 04:22:46,,,37.34470588235294,,,,37.17727668845316,,
2024-12-02 04:23:48,,,37.34470588235295,,,,37.20883384932921,,
2024-12-02 04:24:49,37.786102941176466,,37.33924705882353,,,,37.23995872033024,,
2024-12-02 04:25:50,37.786718954248364,,37.374729411764704,,,,37.218344226579525,,
2024-12-02 04:26:51,37.78742296918768,,37.3924705882353,,,,,,
2024-12-02 04:27:52,37.78742296918768,,37.398384313725494,36.00274509803921,,,37.22245098039216,,
2024-12-02 04:28:54,,37.48117647058824,,,,37.30376470588235,37.24093137254902,,
2024-12-02 04:29:55,37.77686274509804,,37.42795294117647,,,,37.23169117647059,,
2024-12-02 04:30:56,37.78918300653595,,37.418627450980395,,,,,,
2024-12-02 04:31:57,37.838464052287584,,37.435686274509806,,,,37.272456747404846,,
2024-12-02 04:32:59,37.8631045751634,,,,,,37.22897347174165,,
2024-12-02 04:34:00,,,37.42641975308642,,,,,,
2024-12-02 04:35:01,,,37.418627450980395,,,37.03764705882353,37.27245674740485,,
2024-12-02 04:36:02,37.836000000000006,,37.44137254901961,,,,37.27245674740485,,
2024-12-02 04:37:04,,,37.435686274509806,,,,,,
2024-12-02 04:38:05,,,37.46411764705883,,,,37.26376009227221,,
2024-12-02 04:39:06,37.872525951557094,,37.46411764705883,,,37.629019607843134,37.2637600922722,,
2024-12-02 04:40:07,,36.88980392156863,,,,37.629019607843134,,,
2024-12-02 04:41:09,,,37.48117647058824,,,,,,
2024-12-02 04:42:10,,37.629019607843134,37.49254901960784,,,,,,
2024-12-02 04:43:11,,37.48117647058824,,,,,,,
2024-12-02 04:44:12,,37.77686274509804,37.493496732026145,,,,,,
2024-12-02 04:45:13,,,37.4996568627451,,,,,,
2024-12-02 04:46:15,,,37.51813725490196,,,37.48117647058824,37.37029411764706,,
2024-12-02 04:47:16,37.80150326797386,,37.50581699346405,,,,,,
2024-12-02 04:48:17,37.80971677559913,,37.511977124183005,,,,,,
2024-12-02 04:49:18,37.84257080610021,,37.54893790849673,,,,37.440855614973266,,
2024-12-02 04:50:20,37.831331269349846,,,,,,,,
2024-12-02 04:51:21,37.858176470588226,,,,,,,,
2024-12-02 04:54:24,37.82860784313725,,37.573578431372546,,,,,,
2024-12-02 04:55:25,37.840224089635846,,37.58589869281045,,,,37.48117647058823,,
2024-12-02 04:56:27,37.83734402852049,,37.59205882352941,,,,37.48117647058824,,
2024-12-02 04:57:28,,,37.59821895424836,,,,,,
2024-12-02 04:58:29,37.853998294970154,,37.599450980392156,,,,,,
2024-12-02 04:59:30,37.86926470588235,,37.587623529411765,,,,37.46269607843137,,
2024-12-02 05:00:31,37.8478274509804,,,,,,,,
2024-12-02 05:01:32,37.850784313725484,,,,,,,,
2024-12-02 05:02:34,37.83709513435004,,,,,,,,
2024-12-02 05:03:35,37.84022408963585,,37.55214117647059,,,,,,
2024-12-02 05:04:36,,,37.55214117647059,,,,,,
2024-12-02 05:05:38,37.83803921568627,,37.546227450980396,,,,,,
2024-12-02 05:06:39,37.817647058823525,,37.52257254901961,,,,37.44421568627451,,
2024-12-02 05:08:41,37.81764705882353,,37.5284862745098,,,,,,
2024-12-02 05:09:42,37.802352941176466,,37.520980392156865,,,,,,
2024-12-02 05:10:43,37.813823529411756,,37.49254901960784,,,,,,
2024-12-02 05:11:45,37.79798319327731,,,,,,,,
2024-12-02 05:12:46,37.803263305322126,,37.486862745098044,,,,,,
2024-12-02 05:13:47,37.79270308123249,,37.47549019607844,,,,37.46005602240897,,
2024-12-02 05:14:49,,,,,,,,,
2024-12-02 05:15:50,37.781960784313725,,37.48117647058824,,,,,,
2024-12-02 05:16:51,37.80235294117647,,37.48117647058824,,,,37.464749455337696,,
2024-12-02 05:17:52,37.80235294117647,,37.47570079883806,,,,,,
2024-12-02 05:18:54,37.797254901960784,,,,,,,,
2024-12-02 05:19:55,37.78705882352941,,37.47098039215687,,,,,,
2024-12-02 05:20:56,37.776862745098036,,37.45058823529412,,,,,,
2024-12-02 05:21:57,37.7921568627451,,37.44549019607844,,,,,,
2024-12-02 05:22:58,37.80235294117647,,37.43019607843138,,,,,,
2024-12-02 05:24:00,37.78705882352942,,37.42309523809524,,,,,,
2024-12-02 05:25:01,37.78196078431372,,37.41781512605042,,,,,,
2024-12-02 05:26:02,,,37.401974789915975,,,,37.40156862745097,,
2024-12-02 05:27:03,37.766302521008406,,37.40725490196079,,,,37.41294117647058,,
2024-12-02 05:28:04,37.75574229691877,,37.38613445378151,,,,,,
2024-12-02 05:29:06,37.77158263305322,37.48117647058824,37.39669467787115,,,,37.40156862745097,,
2024-12-02 05:30:07,37.77158263305322,,37.39141456582633,,,,37.390196078431366,,
2024-12-02 05:31:09,37.74518207282913,,37.37029411764706,,,,37.390196078431366,,
2024-12-02 05:32:10,37.73462184873949,,37.370294117647056,,,,37.390196078431366,,
2024-12-02 05:33:11,37.739901960784316,,37.3808543417367,,,,,,
2024-12-02 05:35:14,,,37.37713870733479,,,,,,
2024-12-02 05:36:15,37.744008714596944,,37.396694677871146,,,,37.378823529411754,,
2024-12-02 05:37:16,37.748431372549014,,,,,,37.378823529411754,,
2024-12-02 05:38:18,37.73705882352941,,37.36501400560224,,,,37.343893557422966,,
2024-12-02 05:39:19,37.7256862745098,,,,,,37.343893557422966,,
2024-12-02 05:40:20,37.7313725490196,,,,,,,,
2024-12-02 05:41:21,37.729552941176465,,37.36501400560225,,,,,,
2024-12-02 05:43:24,37.73546666666666,,37.37557422969188,,,,37.324093137254906,,
2024-12-02 05:44:25,,,37.36501400560224,,,,,,
2024-12-02 05:45:27,37.72758169934641,,37.380854341736686,,,,,,
2024-12-02 05:46:28,37.72142156862745,,37.37029411764706,,,,,,
2024-12-02 05:47:29,37.739901960784316,,37.386134453781516,,,,37.24093137254902,,
2024-12-02 05:48:30,37.758382352941176,,37.396694677871146,,,,,,
2024-12-02 05:49:32,37.758382352941176,,37.39141456582633,,,,37.2066106442577,,
2024-12-02 05:50:33,37.744722932651314,,37.37713870733479,,,,37.196862745098045,,
2024-12-02 05:51:34,37.751150895140654,,,,,,,,
2024-12-02 05:52:35,,37.629019607843134,37.34470588235294,,,,,,
2024-12-02 05:53:36,,,37.33333333333333,,,,,,
2024-12-02 05:54:38,37.70966131907308,,37.35107450980392,,,,37.198930481283426,,
2024-12-02 05:55:39,37.70646125116713,,37.33949346405229,,,,,,
2024-12-02 05:56:40,37.710333333333324,,37.32717320261438,,,,36.903244206773614,,
2024-12-02 05:58:43,,,37.297850980392155,,,,36.72964052287582,,
2024-12-02 05:59:44,37.68076470588235,37.36290196078431,37.297850980392155,,,,,,
2024-12-02 06:00:45,,,37.30253267973856,,,,36.70163992869875,,
2024-12-02 06:01:46,,,37.314852941176476,,,37.48117647058824,,,
2024-12-02 06:02:48,37.67337254901961,37.422039215686276,37.30762148337596,,,,36.71508021390375,,
2024-12-02 06:03:49,37.66014447884417,,37.29476555839727,,,,36.741960784313726,,
2024-12-02 06:04:50,37.66014447884417,,37.293012477718364,,,,,,
2024-12-02 06:05:52,37.67570691434467,,37.298132586367885,,,,,,
2024-12-02 06:06:53,,37.422039215686276,,,,,,,
2024-12-02 06:07:54,37.66792569659442,37.36290196078431,,,,,,,
2024-12-02 06:11:59,37.68348813209494,,37.25941176470589,,,,,,
2024-12-02 06:13:00,,,,,,,,,
2024-12-02 06:14:01,,36.44627450980393,,,,,,,
2024-12-02 06:15:02,,,,,,,36.63635854341737,,
2024-12-02 06:16:03,,,37.27245674740485,,,,36.63635854341737,,
2024-12-02 06:17:05,37.67570691434469,,37.25506343713957,,,,36.64339869281046,,
2024-12-02 06:18:06,37.65236326109391,,37.18549019607843,,,,,,
2024-12-02 06:19:07,37.64544662309368,,,,,,,,
2024-12-02 06:20:08,,,37.028950403690885,,,,,,
2024-12-02 06:21:10,37.63723311546841,,,,,,,,
2024-12-02 06:22:11,,,36.95937716262976,,,,,,
2024-12-02 06:23:12,37.60129901960784,,,,,,,,
2024-12-02 06:24:13,37.569882352941164,,,,,,,,
2024-12-02 06:25:15,37.5797385620915,,,,,,,,
2024-12-02 06:26:16,37.589594771241835,,,,,,,,
2024-12-02 06:27:17,37.59733893557422,,,,,,,,
2024-12-02 06:28:18,37.606274509803924,,,,,,,,
2024-12-02 06:29:20,37.653660130718954,,,,,,,,
2024-12-02 06:30:21,37.653660130718954,,,,,,,,
2024-12-02 06:37:29,,,36.94154901960784,,,,,35.70705882352941,
2024-12-02 06:38:31,,,36.98590196078432,,,,,35.85490196078432,
2024-12-02 06:39:32,,,37.0065221878225,,,,,,
2024-12-02 06:43:37,,,37.02943355119825,,,,,,
2024-12-02 06:44:38,,,37.00479302832244,,,,,,
2024-12-02 06:45:39,,,36.968073817762395,,,,,,
2024-12-02 06:48:43,,,36.94729847494553,,,,,,
2024-12-02 06:49:44,,,36.93908496732027,,,,,,
2024-12-02 06:50:46,,,36.93087145969499,,,,,,
2024-12-02 06:52:48,37.80854341736695,,36.93908496732027,,,,,,
2024-12-02 06:54:51,,,36.92265795206971,,,,,,
2024-12-02 06:55:52,,37.48117647058824,,,,,,,
2024-12-02 06:56:53,,,36.988366013071904,,,,,,
2024-12-02 06:59:57,,,36.99874097007224,,,,,,
2024-12-02 07:00:59,,,37.006522187822505,,,,,,
2024-12-02 07:02:00,,,36.99095975232199,,,,,,
2024-12-02 07:07:06,37.92470588235294,,,,,,,,
2024-12-02 07:08:08,37.94582633053221,,,,,,,,
2024-12-02 07:09:09,37.9444183006536,,,,,,,,
2024-12-02 07:11:11,37.9431862745098,,,,,,,,
2024-12-02 07:28:32,37.95079584775086,,,,,,,,
2024-12-02 07:29:33,,,36.99822222222223,,,,,,
2024-12-02 07:30:34,37.90136222910216,,36.98484593837536,,,,,,
2024-12-02 07:31:36,37.9025294117647,,,,,,,,
2024-12-02 07:32:37,37.88035294117647,,,,,,,,
2024-12-02 07:37:43,37.87801857585139,,,,,,,,
2024-12-02 07:38:44,,,,,,,,,
2024-12-02 07:40:47,,,36.90117647058824,,,,,,
2024-12-02 07:41:48,,,36.95803921568627,,,,,,
2024-12-02 07:43:51,37.893581011351905,,,,,,,,
2024-12-02 07:44:52,37.88579979360165,,,,,,,,
2024-12-02 07:45:53,37.88579979360165,,37.02286274509804,,,,,,
2024-12-02 07:46:54,37.78464396284829,,36.95551198257081,,,,,,
2024-12-02 07:47:56,37.69905056759546,,,,,,,,
2024-12-02 07:48:57,37.62123839009288,,,,,,,,
2024-12-02 07:49:58,37.62080610021786,,,,,,,,
2024-12-02 07:54:03,37.56331154684096,,,,,,,,
2024-12-02 07:59:09,37.551207430340554,,,,,,,,
2024-12-02 08:00:10,37.488957688338495,,,,,,,,
2024-12-02 08:01:12,,,36.741960784313726,,,35.115686274509805,36.741960784313726,,
2024-12-02 08:04:15,,,36.47912854030502,,,,,,
2024-12-02 08:05:17,,,36.283647058823526,,,,,,
2024-12-02 08:06:18,,,,,,,36.44627450980393,,
2024-12-02 08:07:19,,,35.98796078431373,,36.59411764705882,,36.59411764705882,,
2024-12-02 08:08:20,,,,,,,,,37.18549019607843
2024-12-02 08:16:30,,,,,,,,,32.45450980392157
2024-12-02 08:20:35,,,,,,,,33.19372549019608,
2024-12-02 08:21:37,36.74974200206398,,,,,,,33.23596638655462,
2024-12-02 08:22:38,36.703054695562436,,,,,,,,
2024-12-02 08:23:39,36.61875816993464,,,,,,,,
2024-12-02 08:25:42,,,35.626417112299464,,,,,,
2024-12-02 08:26:43,36.43703431372549,,,,,,,,
2024-12-02 08:28:46,36.327999999999996,,,,,,,,
2024-12-02 08:29:47,36.24563025210083,,,,,,,,
2024-12-02 08:30:48,36.2756862745098,,,,,,,,
2024-12-02 08:31:50,36.19282913165266,,35.50545454545455,,,,,,
2024-12-02 08:32:51,,,35.39658823529412,,,,,,
2024-12-02 08:33:52,,,35.214248366013074,,,,,33.13686274509804,
2024-12-02 08:34:54,36.393473389355734,,,,,,,,
2024-12-02 08:35:55,,,34.91240196078432,,,,,33.11487581699347,
2024-12-02 08:36:57,36.224509803921556,,,,,,,33.14752450980392,
2024-12-02 08:38:59,36.37728104575162,,,,,,,33.14752450980392,
2024-12-02 08:40:00,36.3674248366013,,,,,,,33.276887254901965,
2024-12-02 08:41:01,36.308991596638656,,34.91240196078432,34.08078431372549,,,,,33.04588235294118
2024-12-02 08:42:03,,,35.04997821350763,,,,,33.5763783160323,
2024-12-02 08:43:04,,,35.099259259259256,,,,,,
2024-12-02 08:44:05,,,,,,,,33.74619195046439,
2024-12-02 08:45:06,,,,,,,,33.800660474716196,
2024-12-02 08:47:09,,,,,,,,33.85901960784314,
2024-12-02 08:48:10,,,35.115686274509805,,,,,,
2024-12-02 08:50:13,36.46105882352941,,,,,,,,
2024-12-02 08:52:15,,,,,,,,34.022932651321405,
2024-12-02 08:53:16,,,,,,,,34.06846405228759,
2024-12-02 08:54:18,,,,,,,,34.16702614379086,
2024-12-02 08:55:19,,,,,,,,34.19314509803922,
2024-12-02 08:56:20,,,,,,,,34.25228235294118,
2024-12-02 08:57:21,37.16906318082789,,,,,,,,
2024-12-02 08:58:23,,,,,,,,34.358729411764706,
2024-12-02 08:59:24,,,,,,,,34.42969411764706,
2024-12-02 09:01:26,,,36.59411764705882,36.15058823529412,,,,34.43333333333333,
2024-12-02 09:02:27,,,,,,,,34.51862745098039,
2024-12-02 09:03:29,,,,,,,,34.54621641249092,
2024-12-02 09:04:30,,,,,,,,34.60960784313726,
2024-12-02 09:05:32,,,,,,,,34.6721568627451,
2024-12-02 09:06:33,37.51813725490196,,,,,,,34.74903529411765,
2024-12-02 09:07:34,37.555098039215686,,,,,,,34.76882352941176,
2024-12-02 09:08:36,,,,,,,,34.78167029774873,
2024-12-02 09:09:37,,,,,,,,34.85411764705882,
2024-12-02 09:10:38,37.62901960784314,,,,,,,34.92053333333333,
2024-12-02 09:11:39,37.66934046345811,,,,,,,35.038807843137256,
2024-12-02 09:12:40,,,,,,,,35.13934117647059,
2024-12-02 09:14:43,37.68588235294117,,,,,,,35.21621960784314,
2024-12-02 09:15:44,37.68588235294117,,,,,,,35.21030588235294,
2024-12-02 09:16:45,,,36.44627450980393,,,,,35.239874509803926,
2024-12-02 09:17:46,,,,,,,,,
2024-12-02 09:18:48,,,,,,,,35.24424552429667,
2024-12-02 09:19:49,,,,,,,,35.22320855614973,
2024-12-02 09:20:50,,,36.44627450980393,,,,,,
2024-12-02 09:21:51,37.63723311546841,,,,,,,,
2024-12-02 09:22:53,,,,,,,,35.21917647058824,
2024-12-02 09:23:54,,,,,,,,35.21684210526316,
2024-12-02 09:24:55,37.596165577342056,,,,,,,35.193498452012385,
2024-12-02 09:25:56,37.60437908496732,,,,,,,,
2024-12-02 09:26:58,37.5823323013416,,36.40403361344538,36.44627450980393,,,,,
2024-12-02 09:27:59,37.57973856209151,,,,,,,35.15916955017301,
2024-12-02 09:29:00,37.57973856209151,,,,,,,35.17112745098039,
2024-12-02 09:30:01,37.51230134158927,,,,,,,35.23580882352941,
2024-12-02 09:31:03,37.50581699346405,,36.39083333333333,,,,,,
2024-12-02 09:32:04,37.51403050108932,,,,,,,35.293098039215685,
2024-12-02 09:34:07,,,,,,,,,
2024-12-02 09:38:11,37.57727450980392,,,,,,,,
2024-12-02 09:39:13,37.56988235294118,,,,,,,,
2024-12-02 09:41:15,37.51813725490196,,,,,,,,
2024-12-02 09:43:17,37.56988235294117,,,,,,,,
2024-12-02 09:44:19,37.574551083591324,,,,,,,,
2024-12-02 09:45:20,,,36.31321568627451,,,,,,
2024-12-02 09:46:21,37.56676986584107,,36.31321568627451,,,,,35.680178253119436,
2024-12-02 09:47:23,,,36.29843137254902,,,,,35.67749019607844,
2024-12-02 09:48:24,37.530457516339865,,,,,,,,
2024-12-02 09:49:25,,,36.239294117647056,,,,,,
2024-12-02 09:50:27,37.47296296296297,,,,,,,,
2024-12-02 09:51:28,,,,,,,,35.65777777777778,
2024-12-02 09:52:29,,,,,,,,35.63313725490197,
2024-12-02 09:55:33,37.402906574394464,,,,,,,,
2024-12-02 09:56:34,37.37681660899654,,,,,,,,
2024-12-02 09:57:35,37.3744008714597,,,,,,,,
2024-12-02 09:58:36,,,,,,,,35.55921568627451,
2024-12-02 09:59:38,,,35.947303921568626,,,,,,
2024-12-02 10:00:39,,,36.00274509803921,,,,,,
2024-12-02 10:01:40,,,36.00274509803921,,,,,,
2024-12-02 10:06:47,,,,,,,32.15882352941176,,
2024-12-02 10:08:49,,,,,,,,35.66481792717087,
2024-12-02 10:13:56,37.2866460268318,,36.12946778711485,,,,,,
2024-12-02 10:17:00,,,,,,,,36.00274509803922,
2024-12-02 10:18:01,37.29637254901961,,,,,,,,
2024-12-02 10:19:02,37.28405228758171,,,,,,,,
2024-12-02 10:20:03,37.298132586367885,,,,,,,,
2024-12-02 10:21:05,37.34811764705883,,,,,,,,
2024-12-02 10:23:07,,,,,,,,35.115686274509805,
2024-12-02 10:24:09,37.347413632119526,,,,,,,,
2024-12-02 10:28:14,37.333333333333336,,,,,,,,
2024-12-02 10:29:15,37.3614939309057,,,,,,,,
2024-12-02 10:31:18,,,,,,,,,
2024-12-02 10:32:19,,,36.40931372549019,,,,,,
2024-12-02 10:33:21,37.413415032679744,,,,,,,,
2024-12-02 10:34:22,37.42795294117647,,,,,,,,
2024-12-02 10:35:23,37.441372549019604,,,,,,,,
2024-12-02 10:37:26,37.47570079883805,,,,,,,,
2024-12-02 10:38:27,37.47570079883805,,,,,,,,
2024-12-02 10:39:28,37.46533613445378,,,,,,,,
2024-12-02 10:40:30,37.49173669467787,,,,,,,,
2024-12-02 10:43:33,37.49701680672269,,36.97850980392157,,,,36.88980392156863,,
2024-12-02 10:44:34,,,,,,,31.71529411764706,,
2024-12-02 10:46:37,37.50960784313725,,,,,,,,
2024-12-02 10:48:40,37.49823529411765,33.34156862745098,,,,,,,
2024-12-02 10:49:41,37.510745098039216,,,,,,,,
2024-12-02 10:50:42,37.493496732026145,,37.21505882352941,,,,,,
2024-12-02 10:51:43,37.51331628303495,,,,,,,,
2024-12-02 10:52:45,37.55509803921568,,37.284052287581694,,,,,,
2024-12-02 10:53:46,37.61493930905696,37.333333333333336,37.33333333333333,,,,,,
2024-12-02 10:54:47,37.62162745098039,37.629019607843134,,,,,,,
2024-12-02 10:55:48,37.629019607843134,,,,,,,,
2024-12-02 10:56:50,37.637233115468405,37.629019607843134,,,,,,,
2024-12-02 10:57:51,37.68989619377163,,,,,,,,
2024-12-02 10:58:52,37.72142156862745,,,,,,,,
2024-12-02 10:59:54,37.71772549019608,,,,,,,,
2024-12-02 11:00:55,37.73462184873949,37.48117647058824,,,,,,,
2024-12-02 11:03:59,,,37.51074509803921,,,,,,
2024-12-02 11:05:00,,,37.45160784313726,36.29843137254902,,,,36.03686274509805,
2024-12-02 11:06:02,,,37.48117647058824,,,,,36.12946778711485,
2024-12-02 11:08:04,,,37.43682352941177,,,,,,
2024-12-02 11:09:05,,,37.43682352941177,,,,,,
2024-12-02 11:10:06,,,37.48117647058823,,,,,36.10710495963091,
2024-12-02 11:11:08,,,37.46474945533769,,,,,36.10952069716776,
2024-12-02 11:18:17,,,,,,,,,
2024-12-02 11:21:21,,,,,,,,36.098843137254896,
2024-12-02 11:22:22,,,,,,,,36.10623529411764,
2024-12-02 11:23:23,,,,,,,,36.098843137254896,
2024-12-02 11:24:25,,,,,,,,36.10623529411764,
2024-12-02 11:25:26,,,,,,,,36.136507936507925,
2024-12-02 11:26:27,,,,,,,,36.15058823529411,
2024-12-02 11:28:29,,,37.66598039215686,,,,,36.15058823529411,
2024-12-02 11:29:31,,,,,,,,36.15058823529411,
2024-12-02 11:30:32,,,,,,,,36.15058823529411,
2024-12-02 11:31:33,,,,,,,,36.143548085901024,
2024-12-02 11:32:34,,,,,,,,36.21394957983193,
2024-12-02 11:36:39,,,,,,,,36.217789661319074,
2024-12-02 11:37:41,,,,,,,,36.23415174765559,
2024-12-02 11:38:42,,,,,,,,36.259863597612956,
2024-12-02 11:40:45,,,,,,,,36.292003410059685,
2024-12-02 11:41:46,,,,,,,,36.43341858482525,
2024-12-02 11:42:47,,,,36.88980392156863,,,,,
2024-12-02 11:43:48,,,37.5797385620915,,,,,,
2024-12-02 11:44:50,,,37.5797385620915,,,,,,
2024-12-02 11:45:51,,,37.5797385620915,,,,,36.31771526001705,
2024-12-02 11:46:52,,,37.5797385620915,,,,,36.356283034953115,36.29843137254902
2024-12-02 11:47:53,,,37.56331154684096,,,,,,
2024-12-02 11:48:55,,,37.18549019607844,36.88980392156863,,,,,
2024-12-02 11:49:56,,,37.169063180827884,,,,,,
2024-12-02 11:50:57,,,37.22984313725491,,,,,,
2024-12-02 11:53:00,,,,,,,,36.446274509803914,
2024-12-02 11:54:01,,,,,,,,36.46105882352941,
2024-12-02 11:59:07,,,,,,,,36.49801960784314,
2024-12-02 12:00:09,,,37.27957219251337,,,,,36.54976470588236,
2024-12-02 12:01:10,,,,,,,,36.55521155830754,
2024-12-02 12:04:14,,,,,,,,36.55305010893247,
2024-12-02 12:05:15,,,,,,,,36.66369088811996,
2024-12-02 12:07:18,,,,,,,,,
2024-12-02 12:12:24,,,,,,,,36.648586171310626,
2024-12-02 12:13:25,,,,,,,,36.66803921568627,
2024-12-02 12:14:27,,,,,,,,36.682823529411756,
2024-12-02 12:15:28,,,,,,,,36.705,
2024-12-02 12:16:29,38.36823529411765,,,,,,,36.727880485527535,
2024-12-02 12:18:32,38.51607843137255,,,,,,,,
2024-12-02 12:19:33,,,36.71239215686275,,,,,,
2024-12-02 12:20:34,,,,,,,,36.86516339869281,
2024-12-02 12:21:36,,,37.77686274509804,,,,,,
2024-12-02 12:22:37,,,,,,,,36.93908496732026,
2024-12-02 12:23:38,,,,,,,,36.95140522875817,
2024-12-02 12:24:40,38.42737254901961,,,,,,,,
2024-12-02 12:25:41,38.48650980392158,,,,,,,,
2024-12-02 12:26:42,38.51607843137255,,,,,,,,
2024-12-02 12:28:45,,,36.830666666666666,36.741960784313726,,,,37.03121909633419,
2024-12-02 12:29:46,,,,,,,,37.14049445865303,
2024-12-02 12:30:47,,,,,,,,37.14692242114237,
2024-12-02 12:31:49,,,,,,,,37.146922421142364,
2024-12-02 12:32:50,,,,,,,,37.146922421142364,36.88980392156863
2024-12-02 12:33:51,,,,,,,,37.134066496163676,
2024-12-02 12:34:52,,,,,,,,,
2024-12-02 12:35:54,,,,,,,,,
2024-12-02 12:36:55,,,,,,,,37.055388235294124,
2024-12-02 12:37:56,,,,,,,,37.02581960784314,
2024-12-02 12:38:57,,,,,,,,37.014901960784314,
2024-12-02 12:39:59,,,,,,,,36.992156862745105,
2024-12-02 12:41:00,,,37.77686274509804,,,,,,
2024-12-02 12:42:01,,,37.77686274509804,,,,,36.93908496732027,
2024-12-02 12:43:03,,,,,,,,36.910924369747896,
2024-12-02 12:44:04,,,,,,,,36.85411764705882,
2024-12-02 12:45:05,,,,,,,,36.787843137254896,
2024-12-02 12:46:06,,,,,,,,36.70117647058823,
2024-12-02 12:48:09,,,37.48117647058824,,,,,36.62980392156864,
2024-12-02 12:49:10,,,37.333333333333336,,,,,36.55333333333334,
2024-12-02 12:50:11,37.776862745098036,,,,,,,36.4921568627451,
2024-12-02 12:51:13,37.75574229691877,,,,,,,36.42588235294118,
2024-12-02 12:52:14,37.739901960784316,,,,,,,36.323921568627455,
2024-12-02 12:54:16,,,,,,,,36.256190476190476,
2024-12-02 12:55:17,,,,,,,,36.229789915966386,
2024-12-02 12:56:19,,,,,,,,36.17698879551821,
2024-12-02 12:57:20,,,,,,,,36.150588235294116,
2024-12-02 12:58:21,,,,,,,,36.11773420479303,
2024-12-02 12:59:22,,,,,,,,36.123209876543214,
2024-12-02 13:00:24,,,,,,,,36.093725490196086,
2024-12-02 13:02:26,37.75574229691877,,,,,,,36.10327843137256,
2024-12-02 13:03:27,,,,,,,,36.07666666666667,
2024-12-02 13:04:28,37.60930718954249,,,,,,,36.05416879795397,
2024-12-02 13:05:30,,,,,,,,36.06059676044331,
2024-12-02 13:06:31,37.576839677047296,,,,,,,36.0363458110517,
2024-12-02 13:07:32,37.57973856209151,,,,,,,35.98162464985995,
2024-12-02 13:08:33,,,36.15058823529412,,,,,35.95839215686275,
2024-12-02 13:09:35,37.58795206971678,,,,,,,35.90937048503613,
2024-12-02 13:10:36,37.6125925925926,,,,,,,,
2024-12-02 13:11:37,37.61345717234262,,,,,,,35.75923875432527,
2024-12-02 13:13:40,,,37.03764705882353,,,,,35.75325980392157,
2024-12-02 13:14:41,37.6571802054155,,,36.44627450980393,,,,35.67749019607844,
2024-12-02 13:15:42,37.70294117647059,,,,,,,,
2024-12-02 13:16:44,37.70615515771526,,,,,,,,
2024-12-02 13:17:45,37.678300653594775,,,,,,,,
2024-12-02 13:18:46,37.68446078431373,,,,,,,,
2024-12-02 13:19:47,,,,,,,,,
2024-12-02 13:21:50,,,37.10100840336134,,,,37.03764705882353,,
2024-12-02 13:22:51,,,,36.88980392156863,,,,36.061882352941176,
2024-12-02 13:23:52,37.715261437908495,,,,,,,,
2024-12-02 13:26:56,37.76454248366013,,37.037647058823524,,,,,,
2024-12-02 13:30:00,37.78302287581699,,,,,,36.88980392156863,,
2024-12-02 13:31:01,37.77686274509804,,,,,,,,
2024-12-02 13:32:02,37.77043478260869,,,,,,,,
2024-12-02 13:34:05,37.803743315508015,,37.21505882352942,,,,,,
2024-12-02 13:35:06,37.817183600713,,,,,,,,
2024-12-02 13:36:07,37.82185848252344,,,,,,,,
2024-12-02 13:37:09,37.803743315508015,,,,,,,,
2024-12-02 13:39:11,37.83734402852049,,37.33333333333333,,,,,,
2024-12-02 13:40:12,37.864224598930484,,,,,,,,
2024-12-02 13:41:14,,,,,,,,40.438039215686274,
2024-12-02 13:42:15,37.83318394024277,,37.39247058823529,36.29843137254902,,,,36.15058823529412,
2024-12-02 13:44:18,,,37.48117647058823,,,,,,
2024-12-02 13:45:19,,,37.4318954248366,,,,,,
2024-12-02 13:46:20,38.06582887700535,,37.36618736383443,,,,,,37.07460784313726
2024-12-02 13:47:21,38.05910873440286,,,,,,,,37.03764705882353
2024-12-02 13:48:23,38.07926916221035,,,,,,,,37.02708683473389
2024-12-02 13:50:25,,,37.20397058823529,,,,,,
2024-12-02 13:51:27,,,37.31485294117647,,,,,,
2024-12-02 13:52:28,,,,,,,,,36.97296568627451
2024-12-02 13:53:29,38.038948306595366,,,,,,,,
2024-12-02 13:54:30,38.06550887021475,,,,,,,36.59411764705882,36.959377162629764
2024-12-02 13:55:32,,,37.23477124183007,,,,,,36.930871459695
2024-12-02 13:56:33,38.057764705882356,,,,,,,,36.95551198257081
2024-12-02 13:57:34,38.04920536635707,,,,,,,,
2024-12-02 13:58:35,38.08811145510836,,,,,,,,36.94427244582044
2024-12-02 13:59:37,,,,,,,,,
2024-12-02 14:01:39,38.11690196078432,,,,,,,,36.830666666666666
2024-12-02 14:02:41,38.11478991596639,,,,,,,,36.82644257703081
2024-12-02 14:03:42,38.11959001782532,,,,,,,,36.83604278074866
2024-12-02 14:04:43,38.099429590017834,,,,,,,,36.82644257703081
2024-12-02 14:05:44,38.09366946778712,,,,,,,,36.79124183006537
2024-12-02 14:06:45,38.128870214752574,,,,,,,,
2024-12-02 14:07:47,38.099429590017834,,,,,,,,36.79828197945845
2024-12-02 14:08:48,38.10468883205456,,,,,,,,36.805322128851536
2024-12-02 14:09:49,38.09826086956522,,37.86134453781512,,,,,,36.786313725490196
2024-12-02 14:10:50,,,37.83230392156863,,,,,,
2024-12-02 14:11:52,38.10070961718021,,,,,,,,36.780866873065015
2024-12-02 14:12:53,,,37.760435729847494,,,,,,
2024-12-02 14:13:54,,,,,,,,37.18549019607843,
2024-12-02 14:14:55,38.09270944741533,,,,,,,,36.74196078431372
2024-12-02 14:15:57,38.10070961718021,,,,,,,,36.74196078431373
2024-12-02 14:16:58,38.065828877005345,,37.62901960784314,,,,,,36.761673202614375
2024-12-02 14:17:59,38.058468720821665,,37.5867787114846,,,,,,36.752521008403356
2024-12-02 14:19:00,38.0303081232493,,,,,,,,36.73058823529412
2024-12-02 14:20:01,38.05142857142856,,,,,,,,
2024-12-02 14:21:02,,,37.599450980392156,36.29843137254902,,,,,36.768841354723705
2024-12-02 14:22:04,37.95990662931839,,,,,,,,
2024-12-02 14:23:05,37.96905882352941,,,,,,,,36.741960784313726
2024-12-02 14:24:06,37.97645098039215,,,,,,,,
2024-12-02 14:25:08,,,37.5403137254902,,,,,,
2024-12-02 14:27:10,,,37.56565826330533,,,,,,
2024-12-02 14:29:13,,,37.560784313725485,,,,,,
2024-12-02 14:31:15,37.99123529411765,,37.54453781512605,,,,,,
2024-12-02 14:32:16,37.98384313725491,,37.54453781512605,,,,,,
2024-12-02 14:33:18,38.00214752567694,,37.55016993464052,,,,,,
2024-12-02 14:34:19,,,37.56988235294117,,,,37.77686274509804,,
2024-12-02 14:35:20,,,37.57357843137255,,,,,,
2024-12-02 14:36:21,,,37.50889705882353,,,,36.88980392156863,,
2024-12-02 14:37:23,37.96361197110423,,37.4713202614379,,,,37.18549019607843,,
2024-12-02 14:38:24,37.93291938997822,,,,,,,,
2024-12-02 14:39:25,37.99041394335512,,,,,,,,
2024-12-02 14:40:26,37.96577342047931,,,,,,,,
2024-12-02 14:41:28,,,,,,,,,37.03764705882353
2024-12-02 14:42:29,37.94934640522876,,,,,,,,
2024-12-02 14:46:34,37.9657734204793,,,,,,,,36.59411764705882
2024-12-02 14:48:36,37.94026831785345,,,,36.59411764705882,,,,
2024-12-02 14:49:38,,,,,,,,,36.44627450980393
2024-12-02 14:51:40,37.95990662931839,,37.27583877995644,,,,35.85490196078432,,
2024-12-02 14:52:42,,,37.226557734204796,,,,,,
2024-12-02 14:53:43,37.94026831785346,,37.242984749455346,,,,,,
2024-12-02 14:54:44,37.91649237472767,,,,,,,,
2024-12-02 14:55:46,,35.85490196078432,37.25119825708061,,,,,,
2024-12-02 14:56:47,,,37.30724336793541,,,,,,
2024-12-02 14:57:48,38.025861713106295,,,,,,,,36.15058823529412
2024-12-02 14:58:49,,,,,,,,,
2024-12-02 14:59:51,38.04142414860681,36.29843137254902,,,,,,,
2024-12-02 15:00:52,,,37.29637254901961,,,,,,
2024-12-02 15:01:53,38.041424148606815,,37.28713235294118,,,,,,
2024-12-02 15:02:54,38.07254901960785,,,,,,,,36.741960784313726
2024-12-02 15:04:57,38.04920536635707,,,,,,,,
2024-12-02 15:06:59,38.056122004357306,,37.36445820433436,,,,,,
2024-12-02 15:08:00,38.015054466230936,,37.37223942208462,,,,,,
2024-12-02 15:09:02,37.986955624355,,37.39986274509804,,,,,,
2024-12-02 15:10:03,,,37.3955830753354,,,,35.85490196078432,,
2024-12-02 15:11:04,,,37.38780185758514,,,,,,
2024-12-02 15:12:05,,,37.41114551083591,,,,,,
2024-12-02 15:13:07,,,37.414647058823526,,,,37.00807843137255,,
2024-12-02 15:14:08,37.924705882352946,,,,,,,,
2024-12-02 15:15:09,37.94934640522876,,,,,,,,
2024-12-02 15:18:13,37.94934640522876,,,,,,,,
2024-12-02 15:19:14,37.95755991285403,,37.52008255933953,,36.59411764705882,,,,36.00274509803921
2024-12-02 15:20:15,37.97398692810457,,,,,,,,
2024-12-02 15:22:18,37.94026831785345,,,,,,,,
2024-12-02 15:23:19,37.92470588235294,,37.59205882352941,,,,36.66803921568627,,
2024-12-02 15:24:20,,,37.57357843137255,,,38.22039215686274,,,
2024-12-02 15:25:21,,,37.57357843137255,,,,,,
2024-12-02 15:26:23,37.94804953560371,38.07254901960785,,,,,,,
2024-12-02 15:27:24,,,,,,,36.766601307189546,,
2024-12-02 15:28:25,,,,,,,,,36.59411764705882
2024-12-02 15:29:26,37.91731372549019,,37.61977941176471,,,,36.86023529411765,,
2024-12-02 15:30:27,,,37.63825980392157,,,,36.66803921568627,,
2024-12-02 15:31:29,,,37.65674019607843,,,,,36.15058823529412,
2024-12-02 15:32:30,,,37.67522058823529,,,,37.00807843137255,,
2024-12-02 15:33:31,37.911849957374244,,,,,,,,
2024-12-02 15:35:34,37.911849957374244,,,,,,,,
2024-12-02 15:37:37,,,37.6475,,,,,,
2024-12-02 15:38:38,37.892566069906216,,,,,,,,
2024-12-02 15:39:39,37.911849957374244,,,,,,,,
2024-12-02 15:40:40,37.90542199488491,,,,,,,,
2024-12-02 15:41:42,37.90454545454545,,,,,,,,
2024-12-02 15:42:43,37.89899403239556,,,,,,,,
2024-12-02 15:43:44,37.892566069906216,,37.69801307189542,,,,,,
2024-12-02 15:44:45,37.89110516934046,,37.68446078431373,,,,,,
2024-12-02 15:45:47,37.89782531194296,,37.66844444444444,,,,,,
2024-12-02 15:46:48,37.89782531194296,,37.647499999999994,,,,,,
2024-12-02 15:48:50,37.889505135387495,,37.67522058823529,,,,37.03764705882353,,
2024-12-02 15:49:52,37.89110516934046,,37.66844444444443,,,38.22039215686274,,,
2024-12-02 15:50:53,,,37.688156862745096,,,,,,
2024-12-02 15:51:54,37.89110516934046,,,,,,,,
2024-12-02 15:52:56,37.88950513538749,,,,,,,,
2024-12-02 15:53:57,37.889505135387495,,,,,37.92470588235294,,,
2024-12-02 15:54:58,37.89782531194296,37.333333333333336,,,,37.629019607843134,37.058767507002806,,
2024-12-02 15:55:59,37.891105169340456,,,,,,,,
2024-12-02 15:57:00,37.87766488413547,,,,,,,,
2024-12-02 15:58:02,,,37.71772549019608,,36.15058823529412,,36.786313725490196,,
2024-12-02 15:59:03,37.87094474153297,,,,,,,,
2024-12-02 16:01:06,,,37.74326203208556,,,,,,
2024-12-02 16:02:07,,,37.776862745098036,,,,,,
2024-12-02 16:03:08,37.89654528478057,,,,,,,,
2024-12-02 16:04:09,,,37.797023172905526,36.29843137254902,,,36.86868347338935,,
2024-12-02 16:06:12,,,37.783902894491135,,,,36.689159663865546,,
2024-12-02 16:07:13,37.909143446852426,,,,,,,,
2024-12-02 16:11:18,,,37.81910364145658,,,,,,
2024-12-02 16:12:19,,,37.84022408963584,,,,36.78138562091503,,
2024-12-02 16:13:21,,,37.830623885917994,,,,36.769681372549016,,
2024-12-02 16:14:22,37.88774509803922,,37.830623885917994,,,,,,
2024-12-02 16:15:23,37.90499346405229,,37.8154305200341,,,,36.88110726643598,,
2024-12-02 16:16:24,37.90358543417367,,37.834714407502126,,,,36.87132352941177,,
2024-12-02 16:17:25,37.95638655462185,,37.841142369991466,,,,36.8805637254902,,
2024-12-02 16:18:27,37.95638655462185,,37.841142369991466,,,,36.88980392156863,,
2024-12-02 16:19:28,37.95638655462185,,37.82185848252344,,,,36.87009150326797,,
2024-12-02 16:20:29,,,37.80900255754475,,,,36.81095424836601,,
2024-12-02 16:21:30,37.96413071895425,,37.81046345811051,,,,36.80109803921569,,
2024-12-02 16:22:32,37.99862745098039,,37.81910364145658,,,,,,
2024-12-02 16:23:33,,,37.83318394024276,,,,36.81095424836601,,
2024-12-02 16:24:34,38.029065743944635,,,,,,,,
2024-12-02 16:25:35,,,37.82355005159959,,,,36.78745098039216,,
2024-12-02 16:26:37,,,37.82355005159959,,,,,,
2024-12-02 16:27:38,,,37.8179302832244,,,,36.810196078431375,,
2024-12-02 16:28:39,,,37.837739331026526,,,,36.71732026143791,,
2024-12-02 16:29:40,38.01622782446312,,,,,,,,
2024-12-02 16:30:41,,,37.845856209150334,,,,36.58067736185384,,
2024-12-02 16:31:42,,,37.84022408963585,,,,,,
2024-12-02 16:32:44,,,,,,,,,
2024-12-02 16:33:45,38.05142857142859,,,,,,,,
2024-12-02 16:34:46,,,37.844064171122994,,,,,,
2024-12-02 16:35:48,38.07958916900094,,,,,,,,
2024-12-02 16:36:49,38.07926916221035,,,,,,,,
2024-12-02 16:37:50,38.079269162210345,,,,,,,,
2024-12-02 16:38:52,38.10614973262033,,,,,,,,
2024-12-02 16:39:53,38.11111679454391,,,,,,,,
2024-12-02 16:40:54,38.11286987522282,,,,,,,,
2024-12-02 16:46:00,,,,,,,,,
2024-12-02 16:47:02,38.078976982097196,,,,,,,,
2024-12-02 16:48:03,38.08486928104575,,,,,,,,
2024-12-02 16:55:12,38.03115294117647,,,,,,,,
2024-12-02 16:56:13,37.9838431372549,,,,,,,,
2024-12-02 16:57:14,37.9838431372549,,,,,,,,
2024-12-02 16:59:16,37.97588235294117,,,,,,,,
2024-12-02 17:01:19,37.93607843137254,,,,,,,,
2024-12-02 17:03:21,37.96450980392157,,,,,,,,
2024-12-02 17:04:22,37.935657225853305,,,,,,,,
2024-12-02 17:05:24,37.92470588235294,,,,,,,,
2024-12-02 17:06:25,37.924705882352946,,,,,,,,
2024-12-02 17:07:26,37.90827886710239,,,,,,,,
2024-12-02 17:10:30,37.90764705882353,,,,,,,,
2024-12-02 17:18:40,,,,,36.29843137254902,,,,
2024-12-02 17:20:42,,,,36.44627450980393,,,,,
2024-12-02 17:21:44,37.92470588235294,,,,,,,34.16949019607843,
2024-12-02 17:23:46,37.91827791986359,,,,,,,34.64258823529412,
2024-12-02 17:24:47,,,,,,,,,
2024-12-02 17:25:48,,,,,,,,34.58345098039216,
2024-12-02 17:26:49,,,,,,,,34.69679738562092,
2024-12-02 17:27:51,37.88774509803921,,,,,,,,
2024-12-02 17:28:52,37.893581011351905,,37.03764705882353,,,,,,
2024-12-02 17:29:53,37.83435729847494,,,,,,,,
2024-12-02 17:30:54,37.88122260668973,,,,,,,,
2024-12-02 17:31:55,37.86002450980392,,,,,,,,
2024-12-02 17:32:57,37.80643137254902,,,,,,,34.46095238095238,
2024-12-02 17:34:59,37.796575163398686,,,,,,,,
2024-12-02 17:36:00,,,37.051087344028524,,,,,,
2024-12-02 17:37:02,,,,,,,,34.54279411764706,
2024-12-02 17:38:03,,,37.062287581699344,,,,,,
2024-12-02 17:39:04,,,37.083137254901956,,,,,,
2024-12-02 17:40:05,37.74518207282914,,,,,,,,
2024-12-02 17:41:07,37.79798319327731,,,,,,,,
2024-12-02 17:42:08,,,37.08692810457516,,,,,,
2024-12-02 17:45:12,,,,,,,,34.984270152505445,
2024-12-02 17:46:13,,,37.077071895424844,,,,,,
2024-12-02 17:47:14,,,37.03764705882353,,,,,,
2024-12-02 17:50:18,,,37.077071895424844,,,,,,
2024-12-02 17:52:20,,,37.058767507002806,,,,,,
2024-12-02 17:54:23,,,,,,,,,
2024-12-02 17:55:24,,,,,,,,35.02470588235295,
2024-12-02 17:57:27,37.911265597147946,,,,,,,,
2024-12-02 17:58:28,,,36.99144607843138,,,,,,
2024-12-02 17:59:29,37.875424836601304,,36.998222222222225,,,,,34.95798692810458,
2024-12-02 18:00:30,,,,,,,,34.898849673202626,
2024-12-02 18:02:32,,,37.005966386554626,,,,,,
2024-12-02 18:03:34,37.867843137254894,,,,,,,34.86348327566321,
2024-12-02 18:04:35,37.879215686274506,,37.026274509803926,,,,,,
2024-12-02 18:05:36,37.87921568627451,,37.014901960784314,,,,,34.86348327566321,
2024-12-02 18:06:37,,,,,,,,34.869281045751634,
2024-12-02 18:07:38,37.89513725490196,,,,,,,34.83642701525054,
2024-12-02 18:09:41,37.90499346405228,,37.086928104575165,,,,,34.83642701525054,
2024-12-02 18:10:42,,,,,,,,34.82778121775026,
2024-12-02 18:11:43,,,,,,,,34.834784313725486,
2024-12-02 18:12:44,,,,,,,,34.81999999999999,
2024-12-02 18:13:46,37.907312572087655,,37.01916666666666,,,,,,
2024-12-02 18:14:47,37.907312572087655,,,,,,,34.77775910364146,
2024-12-02 18:15:48,37.915465686274516,,36.99329411764707,,,,,,
2024-12-02 18:16:49,,,,,,,,34.78479925303455,
2024-12-02 18:17:51,37.90622549019608,,,,,,,34.79183940242764,
2024-12-02 18:18:52,,,,,,,,34.76825490196079,
2024-12-02 18:19:53,,,,,,,,34.78303921568627,
2024-12-02 18:20:54,37.88774509803922,,,,,,,,
2024-12-02 18:21:56,37.87850490196078,,,,,,,,
2024-12-02 18:22:57,37.88774509803922,,,,,,,34.737864923747274,
2024-12-02 18:23:58,37.89861591695502,,,,,,,34.72433679354095,
2024-12-02 18:25:00,,,37.014901960784314,,,,,,
2024-12-02 18:26:01,,,,,,,,34.70172549019608,
2024-12-02 18:27:02,,,,,,,,34.69327731092437,
2024-12-02 18:28:03,37.924705882352946,,,,,,,34.70627450980392,
2024-12-02 18:29:04,37.93291938997821,,,,,,,34.684477124183005,
2024-12-02 18:31:07,,,37.165777777777784,,,,,,
2024-12-02 18:32:08,,,37.167009803921566,,,,,,
2024-12-02 18:33:10,,,37.15592156862746,,,,,,
2024-12-02 18:34:11,37.97398692810458,,37.16577777777778,,,,,34.68858387799564,
2024-12-02 18:35:12,,,37.185490196078426,,,,37.03764705882353,,
2024-12-02 18:36:13,37.96361197110422,,37.20520261437908,,,,,,
2024-12-02 18:37:15,,,37.18549019607843,,,,,,
2024-12-02 18:38:16,37.96905882352941,,,35.55921568627451,,,,,
2024-12-02 18:39:17,37.93209803921569,,37.168096885813156,,,,,,
2024-12-02 18:40:19,37.94688235294119,,37.15940023068051,,,,,,
2024-12-02 18:41:20,,,37.15940023068051,,,,,,
2024-12-02 18:42:21,,,37.18549019607843,,,,,,
2024-12-02 18:44:24,37.95830659536543,,,,,,,,
2024-12-02 18:45:25,37.95684569479967,,37.15263616557734,,,,,,
2024-12-02 18:46:26,37.971746880570414,,37.18549019607843,,,,,,
2024-12-02 18:47:27,37.97846702317292,,37.200274509803926,,,,,,
2024-12-02 18:48:29,37.971746880570414,,37.252019607843145,,,,,,
2024-12-02 18:49:30,37.971746880570414,,,,,,,,
2024-12-02 18:50:31,37.98518716577541,,,,,,,,
2024-12-02 18:51:33,37.97846702317292,,,,,,,,
2024-12-02 18:52:34,37.98518716577541,,,,,,,,
2024-12-02 18:53:35,37.97846702317291,,37.31777089783282,,,,,,
2024-12-02 18:54:36,37.97846702317291,,,,,,,,
2024-12-02 18:55:37,,,,,,,,34.5243137254902,
2024-12-02 18:56:39,37.9919073083779,,,,,,,,
2024-12-02 18:57:40,37.9851871657754,,,,,,,35.26352941176471,
2024-12-02 18:58:41,37.9851871657754,,37.218344226579525,,,,,,
2024-12-02 18:59:42,37.982557544757036,,,,,,,,
2024-12-02 19:01:45,37.97174688057041,,37.17727668845316,,,,,,
2024-12-02 19:02:46,,,37.111568627450986,,,,,,
2024-12-02 19:03:47,37.96905882352941,,37.095141612200436,,,,,,
2024-12-02 19:04:48,,,37.10335511982571,,,,,,
2024-12-02 19:05:49,,,37.103355119825714,,,,,,
2024-12-02 19:06:51,,,37.06877192982457,,,,36.59411764705882,35.026980392156865,
2024-12-02 19:08:53,37.97688581314879,,,,,,,,
2024-12-02 19:09:54,,,37.06877192982457,,,,,,
2024-12-02 19:10:55,37.98014705882353,,37.123240454076374,,,,,,
2024-12-02 19:11:57,,,,,,,,34.11774509803922,
2024-12-02 19:12:58,37.96413071895426,,,,,,,,
2024-12-02 19:15:01,,,37.11156862745098,,,,,34.00686274509804,
2024-12-02 19:16:02,37.99294117647059,,37.12799564270152,,,,,,
2024-12-02 19:18:04,,,37.1362091503268,,,,,33.735816993464056,
2024-12-02 19:19:05,37.98630718954249,,,,,,,,
2024-12-02 19:20:07,,,37.14200692041523,,,,,,
2024-12-02 19:21:08,,,37.120808823529416,,,,,,35.115686274509805
2024-12-02 19:22:09,,,37.06721568627451,35.973176470588236,,,,,
2024-12-02 19:23:10,,,37.016526610644256,35.94360784313726,,,,,
2024-12-02 19:24:12,,,36.963725490196076,,,33.19372549019608,,,
2024-12-02 19:29:18,,,36.93204481792718,,,,,,
2024-12-02 19:30:19,37.94934640522876,,,,,,,,
2024-12-02 19:31:21,37.92470588235293,,,,,,,33.82541889483066,
2024-12-02 19:32:22,,,,,,,,33.811978609625676,
2024-12-02 19:33:23,37.89782531194296,,,,,,,33.67757575757576,
2024-12-02 19:35:26,,,,,,,,,
2024-12-02 19:37:28,,,,35.7915406162465,,,,33.704456327985746,
2024-12-02 19:38:29,,,,35.7915406162465,,,,33.54854901960785,
2024-12-02 19:39:31,37.85078431372549,,,35.85490196078432,,,,33.7850980392157,
2024-12-02 19:40:32,,,,35.833781512605036,,,,33.79853832442068,
2024-12-02 19:41:33,,,,,,,,33.895980392156865,
2024-12-02 19:42:34,,,,,,,,33.93294117647059,
2024-12-02 19:43:35,37.84257080610021,,,,,,,,
2024-12-02 19:47:40,37.85078431372549,,,,,,,,
2024-12-02 19:51:45,,,36.76884135472371,,,,,,
2024-12-02 19:53:48,,,36.76884135472372,,,,,,
2024-12-02 19:56:52,,36.29843137254902,36.7863137254902,,,,,,
2024-12-02 19:57:53,37.924705882352946,,,,,,,,
2024-12-02 19:59:55,,,36.83604278074867,,35.70705882352941,,,,35.41137254901961
2024-12-02 20:00:57,,,,,,,,,
2024-12-02 20:01:58,,,,36.05202614379085,,,,,
2024-12-02 20:02:59,,,,,,,,34.19166666666666,
2024-12-02 20:04:01,,,36.82260249554367,,,,,,
2024-12-02 20:05:02,,,,,,,,34.28776470588235,
2024-12-02 20:06:03,,,36.7957219251337,,,,,34.55388235294117,
2024-12-02 20:07:05,,,,,,,,34.80521568627451,
2024-12-02 20:08:06,37.924705882352946,,36.82260249554367,,,,,,
2024-12-02 20:09:07,37.93814616755793,,36.76884135472371,,,,,35.293098039215685,
2024-12-02 20:10:08,37.924705882352946,,36.76884135472371,,,,,,
2024-12-02 20:11:09,37.96905882352941,,,,,,,,
2024-12-02 20:12:11,37.93949019607843,,36.809162210338684,,,,,,
2024-12-02 20:13:12,37.99862745098039,,,,,,,,
2024-12-02 20:14:14,,,,,,,,,
2024-12-02 20:15:15,37.95427450980392,,,,,,,,
2024-12-02 20:17:18,38.04566844919786,,36.945245098039216,36.53498039215686,,,,,
2024-12-02 20:25:28,,,,,,,,,
2024-12-02 20:26:29,,,,,,,,,
2024-12-02 20:41:48,,,,37.03764705882353,,,,,
2024-12-02 20:42:49,,37.92470588235294,,36.88980392156863,,,,,
2024-12-02 21:11:24,,,,,,,,35.39658823529411,
2024-12-02 21:12:26,,,,,,,,35.39494553376906,
2024-12-02 21:13:27,,,,,,,,35.31897058823529,
2024-12-02 21:14:29,,,,,,,,35.39289215686274,
2024-12-02 21:15:30,,,,,,,,35.390252100840335,
2024-12-02 21:22:38,38.03312418300653,,,,,,,,
2024-12-02 21:45:07,,,37.274196078431366,,,,,,
2024-12-02 22:04:30,,,,37.03764705882353,,,,,
2024-12-02 22:36:08,,,,,,35.55921568627451,,,
2024-12-02 22:43:17,38.023267973856214,,,,,,,,
2024-12-02 22:45:19,37.97398692810457,,,,,,,,
2024-12-02 22:47:21,,,,,,,,35.2635294117647,
2024-12-02 22:48:22,,,,,,,,,
2024-12-02 22:49:24,,37.03764705882353,,,,,,,
2024-12-02 22:51:26,37.988067226890756,36.59411764705882,,,,,,,
2024-12-02 22:53:29,,36.59411764705882,,,,,,,
2024-12-02 22:56:33,37.87850490196078,,37.37557422969188,,,,,,
2024-12-02 22:57:34,37.863829296424456,,37.35445378151261,,,,,,
2024-12-02 22:58:35,37.85513264129181,,37.353045751633985,,,,,,
2024-12-02 22:59:36,37.863829296424456,,37.342573529411766,,,,,,
2024-12-02 23:00:38,37.863829296424456,,37.342573529411766,,,,,,
2024-12-02 23:01:39,,,37.31594002306805,,,,,,
2024-12-02 23:02:40,37.86382929642446,,,,,,,,
2024-12-02 23:06:45,,,37.34202998846598,,,,,,
2024-12-02 23:07:47,,,,,,,37.629019607843134,,
2024-12-02 23:09:49,37.84643598615918,,,,,,,,
2024-12-02 23:11:51,,,37.36445820433437,,,,,,
2024-12-02 23:12:52,37.87850490196079,,37.370294117647056,,,,,,
2024-12-02 23:13:54,37.86926470588236,,37.42203921568627,,,,,,
2024-12-02 23:14:55,37.88774509803922,,37.41077497665733,,,,,,
2024-12-02 23:16:58,37.90622549019608,,37.447575757575756,,,,,,
2024-12-02 23:17:59,,,37.44260869565217,,,,,,
2024-12-02 23:23:05,,,,,,,,,
2024-12-02 23:24:07,,,37.46832054560955,,,,37.629019607843134,,
2024-12-02 23:26:09,,,37.487896613190735,,,,,,
2024-12-02 23:29:13,,37.48117647058824,,,,,,,
2024-12-02 23:31:16,,,,,,,,,
2024-12-02 23:32:17,37.75715032679738,,,,,,,,
2024-12-02 23:33:18,,,37.47413632119515,,,,,,
2024-12-02 23:34:20,37.7953431372549,,,,,,,,
2024-12-02 23:38:24,,,37.47445632798574,,,,,,
2024-12-02 23:39:25,,,37.49403239556692,,,,,,
2024-12-02 23:40:27,37.79425605536332,37.629019607843134,37.494032395566926,,,,,,
2024-12-02 23:41:28,,,37.474748508098884,,,,,,
2024-12-02 23:43:30,,,37.48117647058823,,,,,,
2024-12-02 23:46:34,37.767622549019606,38.36823529411765,37.45429590017825,,,,,,
2024-12-02 23:47:35,,,37.48789661319073,,,,,,
2024-12-02 23:48:36,,37.18549019607843,37.487896613190735,,,37.77686274509804,37.77686274509804,,
2024-12-02 23:49:37,,,37.449036658141516,,,,,,
2024-12-02 23:51:40,37.87850490196079,,,,,,,,
2024-12-02 23:52:41,37.9160092272203,,,,,,,,
2024-12-02 23:53:43,37.86721132897603,,,,,,,,
2024-12-02 23:54:44,,,37.51331628303496,,,,,,
2024-12-02 23:55:45,37.867211328976026,,37.50581699346406,,,,,,
2024-12-02 23:56:46,37.85899782135076,,37.4996568627451,,,,,,
2024-12-02 23:57:48,37.850784313725484,,37.51665882352941,,,,,,
2024-12-02 23:58:49,37.86245614035088,,37.48117647058823,,,,,,
2024-12-02 23:59:50,,,37.48117647058824,,,,,,
2024-12-03 00:00:52,,,37.494032395566926,,,,,,
2024-12-03 00:02:54,37.86838468720821,37.629019607843134,,,,,,,
2024-12-03 00:03:55,37.864224598930484,,37.48117647058824,,,,,,
2024-12-03 00:04:56,,,37.481176470588245,,,,,,
2024-12-03 00:05:57,37.879710144927536,,37.50335294117647,,,,,,
2024-12-03 00:06:59,37.875424836601304,,37.520082559339535,,,,,,
2024-12-03 00:08:00,37.85078431372549,,37.333333333333336,,,,,,
2024-12-03 00:09:02,37.85399829497017,,,,,,,,
2024-12-03 00:10:03,37.873282182438196,,37.20766666666667,,,,,,
2024-12-03 00:12:05,37.857504456327995,,37.15732959850607,,,,,,
2024-12-03 00:13:07,,,37.14113725490197,,,,,,
2024-12-03 00:14:08,,,37.12635294117648,,,,,,
2024-12-03 00:15:09,37.89782531194296,,37.12324045407637,,,,,,
2024-12-03 00:16:10,37.889505135387495,,37.13880288957688,,,,,,
2024-12-03 00:17:12,37.89513725490196,,,,,,,,
2024-12-03 00:18:13,37.89513725490196,,,,,,,,
2024-12-03 00:20:15,37.882464985994396,,,,,,,,
2024-12-03 00:21:17,37.88774509803922,,,,,,,,
2024-12-03 00:22:18,37.8780185758514,,37.20027450980392,,,,,,
2024-12-03 00:25:22,37.89358101135191,,,,,,,,
2024-12-03 00:31:29,,,,,,,,,
2024-12-03 00:32:31,,,,,,,,,
2024-12-03 00:34:33,,,,,,,,,
2024-12-03 00:35:34,37.92470588235294,,,,,,,,
2024-12-03 00:36:36,,,37.34072549019608,,,,,,
2024-12-03 00:40:41,37.92470588235294,,,,,,,,
2024-12-03 00:46:48,37.944418300653595,,37.24773993808051,,,,,,
2024-12-03 00:48:50,37.961666666666666,,,,,,,,
2024-12-03 00:49:52,,,37.23477124183007,,,,,,
2024-12-03 00:50:53,,,37.23767012687428,,,,37.03764705882353,,
2024-12-03 00:51:54,,,37.25119825708061,,,,,,
2024-12-03 00:57:00,38.051428571428566,,37.27108359133127,,,,,,
2024-12-03 00:58:01,,,37.26330237358101,,,,,,
2024-12-03 01:03:08,,,37.281588235294116,,,,,,
2024-12-03 01:04:09,,,37.2477399380805,,,,,,
2024-12-03 01:05:10,38.00534759358289,,,,,,,,
2024-12-03 01:09:15,,,37.30517273576097,,,,,,
2024-12-03 01:10:16,,,37.44421568627451,,,,,,
2024-12-03 01:11:18,,,37.57455108359134,,,,,,
2024-12-03 01:12:19,,,37.566769865841074,,,,,,
2024-12-03 01:13:20,,38.07254901960785,37.61345717234263,,,,,,
2024-12-03 01:14:21,38.00534759358288,,,,,,,,
2024-12-03 01:15:23,37.93814616755793,,,,,,,,
2024-12-03 01:16:24,37.87094474153297,,37.46005602240897,,,,,,
2024-12-03 01:17:25,37.85078431372549,,,,,,,,
2024-12-03 01:18:26,,,37.422039215686276,,,,,,
2024-12-03 01:19:27,,,37.39986274509804,,,,,,
2024-12-03 01:21:30,37.724061624649856,,,,,,,,
2024-12-03 01:22:31,,,37.3111568627451,,,,37.629019607843134,,
2024-12-03 01:23:32,,,,,,,37.77686274509804,,
2024-12-03 01:24:33,,,37.25201960784314,,,,,,
2024-12-03 01:25:35,37.681199538638985,,37.27701213818861,,,,,,
2024-12-03 01:26:36,37.68989619377163,,,,,,,,
2024-12-03 01:32:44,,36.59411764705882,,,,,,,
2024-12-03 01:33:45,,37.03764705882353,,,,,,,
2024-12-03 01:34:47,,,,,,,,,
2024-12-03 01:35:48,37.76908152734778,,37.326293183940244,,,,,,
2024-12-03 01:36:49,37.73579520697168,,,,,,,,
2024-12-03 01:37:50,37.70728950403691,,37.326905370843996,,,,,,
2024-12-03 01:38:52,37.6638062283737,,,,,,,,
2024-12-03 01:39:53,37.681199538638985,,37.30869281045752,,,,,,
2024-12-03 01:40:54,37.68989619377163,,37.296372549019615,,,,,,
2024-12-03 01:41:55,37.69859284890427,,37.30869281045752,,,,,,
2024-12-03 01:42:56,37.681199538638985,,37.333333333333336,,,,,,
2024-12-03 01:43:58,37.66380622837371,,37.33924705882353,,,,,,
2024-12-03 01:44:59,37.68989619377163,,37.34516078431373,,,,,,
2024-12-03 01:46:00,37.63771626297578,,37.30253267973856,,,,,,
2024-12-03 01:48:03,,,37.30119352088661,,,,,,
2024-12-03 01:49:04,37.57973856209151,,37.29476555839727,,,,,,
2024-12-03 01:50:05,,,37.27789215686275,,,,,,
2024-12-03 01:51:06,37.59205882352941,,37.21505882352941,,,,,,
2024-12-03 01:52:07,,,37.209145098039215,,,,,,
2024-12-03 01:54:10,,,37.209145098039215,,,,,,
2024-12-03 01:55:11,,,37.228611111111114,,,,,,
2024-12-03 01:56:13,37.65858823529412,,37.24976982097186,,,,,,
2024-12-03 01:57:14,37.61916339869281,,37.24976982097186,,,,,,
2024-12-03 01:58:15,,,37.25269162210339,,,,,,
2024-12-03 02:00:17,,,37.24885154061625,,,,,,
2024-12-03 02:03:21,37.65858823529412,,37.25201960784313,,,,,,
2024-12-03 02:05:23,,,37.255521155830756,,,,,,
2024-12-03 02:06:25,,,,,,,,33.957581699346406,
2024-12-03 02:07:26,,,,,,,,33.98222222222222,
2024-12-03 02:09:28,,,,,,,,34.00686274509804,
2024-12-03 02:10:29,,,,,,,,33.98222222222222,
2024-12-03 02:11:31,37.68446078431373,,37.23477124183007,,,,,34.031503267973854,
2024-12-03 02:12:32,,,37.244627450980396,,,,,34.080784313725495,
2024-12-03 02:13:33,,,37.195346405228754,,,,,34.080784313725495,
2024-12-03 02:14:35,,,37.16577777777778,,,,,,
2024-12-03 02:15:36,37.64458204334366,,,,,,,,
2024-12-03 02:16:37,37.64380392156863,,,,,,,,
2024-12-03 02:17:39,37.62901960784315,,,,,,,,
2024-12-03 02:18:40,37.60437908496733,,,,,,,,
2024-12-03 02:19:41,37.60437908496733,,,,,,,,
2024-12-03 02:20:43,37.596165577342056,,,,,,,,
2024-12-03 02:21:44,37.55944636678201,,,,,,,,
2024-12-03 02:22:45,37.58795206971678,,,,,,,,
2024-12-03 02:23:47,37.58233230134159,,,,,,,,
2024-12-03 02:24:48,37.59945098039215,,,,,,,,
2024-12-03 02:25:49,37.61493930905695,,,,,,,,
2024-12-03 02:26:50,37.61493930905695,,36.780866873065015,,,,,,
2024-12-03 02:27:52,37.62162745098039,,36.788648090815265,,,,,,
2024-12-03 02:28:53,37.64309990662932,,36.84311661506708,,,,,,
2024-12-03 02:29:55,37.662620320855616,,36.87424148606811,,,,,,
2024-12-03 02:30:56,37.67606060606061,,36.94427244582044,,,,,,
2024-12-03 02:31:57,37.70294117647059,,36.91314757481941,,,,,,
2024-12-03 02:33:59,,,36.92676470588236,,,,,,
2024-12-03 02:35:00,,,36.93204481792718,,,,,,
2024-12-03 02:36:02,,,,,,,,,
2024-12-03 02:37:03,,,36.95700534759359,,,,,,
2024-12-03 02:38:04,,,36.95408354646206,,,,,,
2024-12-03 02:39:05,37.85467492260062,,36.95408354646206,,,,,35.70705882352941,
2024-12-03 02:40:07,37.87542483660131,,36.95140522875817,,,,,35.41137254901961,
2024-12-03 02:41:08,37.891851851851854,,36.945245098039216,,,,,,
2024-12-03 02:42:09,37.898615916955016,,,,,,,,
2024-12-03 02:43:10,,,36.96941176470588,,,,,,
2024-12-03 02:44:11,,,36.990337254901966,,,,,,
2024-12-03 02:45:13,37.944418300653595,,37.01399215686275,,,,,,
2024-12-03 02:46:14,37.966946778711474,,37.031733333333335,,,,,,
2024-12-03 02:48:16,,37.03764705882353,37.025326797385624,,,,,,
2024-12-03 02:49:18,38.0619887955182,,,,,,,,
2024-12-03 02:50:19,,,37.069786871270246,,,,,,
2024-12-03 02:54:24,,,37.09549872122762,,,,,,
2024-12-03 02:55:25,38.155710784313726,,37.13406649616368,,,,,,
2024-12-03 02:56:26,,37.03764705882353,,,,,,,
2024-12-03 02:58:29,,,37.24334185848252,,,,,,
2024-12-03 02:59:30,38.21261093911249,,,,,,,,
2024-12-03 03:06:38,,36.88980392156863,37.33333333333332,,,,,,
2024-12-03 03:07:40,38.25929824561404,,,,,,,,
2024-12-03 03:08:41,,,37.37029411764705,,,,,,
2024-12-03 03:09:42,38.29431372549019,,37.38507843137255,,,,,,
2024-12-03 03:10:43,,37.48117647058824,,,,,,,
2024-12-03 03:11:45,,,37.46639215686274,,,,,,
2024-12-03 03:14:48,,,37.49673890608875,,,,,,
2024-12-03 03:15:50,38.30252723311547,,,,,,,,
2024-12-03 03:16:51,38.30598555211559,,,,,,,,
2024-12-03 03:18:54,38.3215479876161,,37.56676986584107,,,,,,
2024-12-03 03:19:55,38.24373581011351,,37.61345717234262,,,,,,
2024-12-03 03:20:56,38.19082352941176,,37.62901960784314,,,,,,
2024-12-03 03:21:57,38.176039215686274,,37.69905056759545,,,,,,
2024-12-03 03:22:58,38.1781512605042,,37.70294117647059,,,,,,
2024-12-03 03:24:00,38.166631016042786,,,,,,,,
2024-12-03 03:25:01,38.15991087344028,,37.73250980392157,,,,,,
2024-12-03 03:26:02,38.15611253196931,,,,,,,,
2024-12-03 03:28:05,38.166631016042786,,,,,,,,
2024-12-03 03:30:07,,,37.784254901960786,,,,,,
2024-12-03 03:31:08,,,37.81382352941176,,,,,,
2024-12-03 03:33:11,,,37.81910364145658,,,,,,
2024-12-03 03:34:12,38.164950980392156,,,,,,,,
2024-12-03 03:35:13,38.16125490196079,,,,,,,,
2024-12-03 03:36:15,38.14942745098039,,37.81718360071301,,,,,,
2024-12-03 03:37:16,38.13415032679739,,37.8154305200341,,,,,,
2024-12-03 03:38:17,,,37.82185848252344,,,,,,
2024-12-03 03:39:18,,,37.84757033248081,,,,,,
2024-12-03 03:40:20,38.17111111111111,,37.834714407502126,,,,,,
2024-12-03 03:41:21,38.15263071895425,,37.83734402852049,,,,,,
2024-12-03 03:42:22,38.15263071895425,,,,,,,,
2024-12-03 03:43:23,38.15263071895425,,37.841142369991466,,,,,,
2024-12-03 03:44:24,38.13415032679739,,37.82828644501278,,,,,,
2024-12-03 03:46:27,,,,,,38.07254901960785,,,
2024-12-03 03:50:32,,,,,,,,,
2024-12-03 03:51:33,38.155341176470586,,37.81382352941176,,,,37.92470588235294,,
2024-12-03 03:52:34,38.13509803921569,,37.80900255754475,,,,,,
2024-12-03 03:53:36,38.14373275236021,,37.81046345811051,,,,,,
2024-12-03 03:54:37,38.149208424110384,,37.817183600713,,,,,,
2024-12-03 03:55:38,38.15468409586057,,,,,,,,
2024-12-03 03:56:40,,,37.803743315508015,,,,,,
2024-12-03 03:57:41,38.12730573710966,,37.797983193277304,,,,,,
2024-12-03 03:58:42,38.1578431372549,,37.78390289449112,,,,,,
2024-12-03 03:59:44,,,37.79094304388421,,,,,,
2024-12-03 04:00:45,38.20265098039216,,,,,,,,
2024-12-03 04:01:46,38.190823529411766,,,,,,,,
2024-12-03 04:02:47,38.19673725490197,,37.74326203208556,,,,,,
2024-12-03 04:03:49,38.19673725490197,,37.736541889483064,,,,,,
2024-12-03 04:04:50,38.190823529411766,,37.736541889483064,,,,,,
2024-12-03 04:05:51,38.191960784313736,,37.73186700767263,,,,,,
2024-12-03 04:06:52,38.18206245461148,,,,,,,,
2024-12-03 04:07:53,38.19301379811184,,,,,,,,
2024-12-03 04:08:55,38.19196078431373,,,,,,,,
2024-12-03 04:09:56,38.17490196078432,,,,,,,,
2024-12-03 04:10:57,38.19196078431373,,,,,,,,
2024-12-03 04:11:59,38.197647058823534,,37.70294117647059,,,,,,
2024-12-03 04:13:00,38.21491648511257,,,,,,,,
2024-12-03 04:14:01,,,37.69472766884532,,,,,,
2024-12-03 04:15:02,38.20333333333333,,37.681199538638985,,,,,,
2024-12-03 04:16:04,,,37.66598039215687,,,,,,
2024-12-03 04:17:05,38.135098039215684,,37.66598039215687,,,,,,
2024-12-03 04:18:06,38.13509803921569,,,,,,,,
2024-12-03 04:19:07,38.146470588235296,,37.69238095238095,,,,,,
2024-12-03 04:20:09,38.1316862745098,,37.65176470588235,,,,,,
2024-12-03 04:21:10,38.11985882352942,,37.64133986928105,,,,,,
2024-12-03 04:22:11,38.11566993464053,,37.62901960784314,,,,,,
2024-12-03 04:23:12,38.09102941176471,,37.61557932263815,,,,,,
2024-12-03 04:28:19,,,,,,,,35.85490196078432,
2024-12-03 04:29:20,38.09826086956521,,,,,,,,
2024-12-03 04:30:21,,37.92470588235294,,,,,,,
2024-12-03 04:32:24,38.06582887700535,,37.60437908496732,,,,,,
2024-12-03 04:34:27,38.05142857142857,,,,,,,,
2024-12-03 04:36:29,,37.92470588235294,,,,,,,
2024-12-03 04:38:32,38.03734827264238,,,,,,,,
2024-12-03 04:40:34,38.00918767507002,,,,,,,,
2024-12-03 04:41:35,37.99190730837789,,,,,,,,
2024-12-03 04:47:43,37.95990662931839,,,,,,,,
2024-12-03 04:48:44,37.92470588235294,,,,,,,,
2024-12-03 04:49:45,,37.688156862745096,,,,,,,
2024-12-03 04:50:47,37.909921568627446,,,,,35.26352941176471,,,
2024-12-03 04:51:48,,,,,,34.2286274509804,,,
2024-12-03 04:52:49,37.91649237472767,,,,,,,,
2024-12-03 04:53:50,37.883638344226576,,,,,,,,
2024-12-03 04:56:54,,,,,,,,38.07254901960785,
2024-12-03 04:58:56,37.846893704850366,,,,,,,,
2024-12-03 05:06:05,,,37.42573529411764,,,,,,
2024-12-03 05:09:09,,37.70294117647059,37.56565826330533,,,36.741960784313726,,,
2024-12-03 05:15:16,,,37.438935574229696,,,,37.03764705882353,,
2024-12-03 05:20:22,,37.79798319327731,37.39669467787115,,,,,,
2024-12-03 05:21:23,37.80295271049596,,,,,,,,
2024-12-03 05:23:26,37.776862745098036,,,,,,,,
2024-12-03 05:24:27,,,37.35445378151261,,,,,,
2024-12-03 05:26:30,37.7681660899654,37.844064171122994,37.37557422969188,,,,,,
2024-12-03 05:27:31,37.71218137254901,,37.35445378151261,,,,37.629019607843134,,
2024-12-03 05:28:32,,,,,,,36.59411764705882,,
2024-12-03 05:29:33,,,,,,,,,
2024-12-03 05:30:34,,37.76207843137255,,,,,,,
2024-12-03 05:35:41,37.69801307189542,,,,,,,,
2024-12-03 05:36:42,37.660700280112046,,,,,,,,
2024-12-03 05:37:43,37.70786928104575,,,,,,,34.5243137254902,
2024-12-03 05:38:45,37.70294117647059,,,,,,,,
2024-12-03 05:42:49,,,,37.10100840336135,,,,,
2024-12-03 05:43:51,,37.793289760348586,,,,,,,
2024-12-03 05:44:52,37.678300653594775,37.793289760348586,,,,,,,
2024-12-03 05:46:55,,37.850784313725484,,37.07988795518207,,,,,
2024-12-03 05:47:56,37.83599999999999,37.850784313725484,,,,,,,
2024-12-03 06:06:17,37.840224089635846,37.850784313725484,,,,,,,
2024-12-03 06:07:19,37.85078431372549,37.850784313725484,,,,,,,
2024-12-03 06:08:20,,,,,,,,35.5860962566845,
2024-12-03 06:10:23,37.879215686274506,,,37.07988795518207,,,,,
2024-12-03 06:11:24,,,,37.0587675070028,,,,,
2024-12-03 06:12:25,,,,36.97428571428571,,,,,
2024-12-03 06:13:27,,,,,,,,35.559215686274506,
2024-12-03 06:16:30,,,,,,,,35.559215686274506,
2024-12-03 06:17:32,37.912385620915025,,,,,,,35.58609625668449,
2024-12-03 06:18:33,,,,37.2840522875817,,,,35.66270588235294,
2024-12-03 06:19:34,,,,37.26997198879552,,,,35.7204991087344,
2024-12-03 06:20:35,37.98156862745098,,,,,,,35.707058823529415,
2024-12-03 06:21:37,,,,,,,,35.7204991087344,
2024-12-03 06:22:38,37.945826330532206,,,,,,,35.69361853832442,
2024-12-03 06:23:39,37.96694677871148,,,,,,,35.583856209150326,
2024-12-03 06:24:40,,,,,,,,35.43411764705883,
2024-12-03 07:00:24,,,38.07254901960784,,,,,,
2024-12-03 07:01:26,,,38.05142857142857,,,,,,
2024-12-03 07:02:27,37.94582633053221,,38.09366946778711,,,,,,
2024-12-03 07:03:28,37.94582633053221,,38.09366946778711,,,,,,
2024-12-03 07:04:29,,,38.07254901960784,,,,,,
2024-12-03 07:05:31,,,38.09366946778711,,,,,,
2024-12-03 07:06:32,,,38.07254901960784,,,,,,
2024-12-03 07:27:58,,37.776862745098036,,,,,,,
2024-12-03 07:30:00,37.93456209150326,,,,,,,,
2024-12-03 07:33:04,37.933946078431376,37.70294117647059,,37.333333333333336,,,,35.091045751633985,
2024-12-03 07:35:07,37.933402537485584,,,,,,,,
2024-12-03 07:36:08,37.94209919261822,,,,,,,,
2024-12-03 07:37:09,37.941132897603495,37.68588235294118,,,,,,,
2024-12-03 07:38:11,,,,,,,,35.01219607843138,
2024-12-03 07:39:12,37.933946078431376,,,,,,,35.17482352941177,
2024-12-03 07:40:13,,37.69238095238096,,,,,,35.337450980392155,
2024-12-03 07:41:14,37.933946078431376,37.681820728291314,,,,,,35.45169340463458,
2024-12-03 07:42:16,,,,,,,,35.55921568627451,
2024-12-03 07:43:17,37.914849673202625,37.660700280112046,,37.607899159663866,,35.115686274509805,,35.27584967320262,
2024-12-03 07:44:19,37.91414565826331,37.69238095238096,,,,34.5243137254902,,,
2024-12-03 07:45:20,,,,,37.333333333333336,,,,
2024-12-03 07:46:21,,37.70294117647058,,,37.03764705882353,,,,
2024-12-03 07:47:23,,37.74729411764705,,,37.18549019607843,,,,
2024-12-03 07:48:24,37.898615916955016,37.79798319327732,,,,35.26352941176471,,,
2024-12-03 07:49:25,37.89698529411764,37.78742296918767,,,,,,,
2024-12-03 07:50:26,37.89698529411765,37.79798319327731,38.36823529411765,,,,,,
2024-12-03 07:51:27,,37.776862745098036,,37.49596078431373,,,,35.559215686274506,
2024-12-03 07:52:29,37.89513725490196,37.767622549019606,,37.467736185383245,,,,,
2024-12-03 07:55:33,,37.75838235294118,,37.50805704099822,,,,35.628209150326796,
2024-12-03 07:56:34,,,,,,,,35.559215686274506,
2024-12-03 07:57:35,,,,,,,,35.6843137254902,
2024-12-03 07:58:36,,,,37.54941176470588,,,,35.87954248366013,
2024-12-03 07:59:38,,,,,,,,36.056506238859185,
2024-12-03 08:00:39,,,,37.538039215686275,,,,,
2024-12-03 08:01:40,,,,37.54277777777778,,,,,
2024-12-03 08:08:49,37.90499346405229,,,37.5674183006536,,,,,
2024-12-03 08:09:50,37.92470588235294,,,,,,,,
2024-12-03 08:10:51,37.94209919261823,37.671260504201676,,,,,,,
2024-12-03 08:12:54,,,,37.55509803921569,,,,35.94360784313726,
2024-12-03 08:13:55,,,,37.57973856209151,,,,35.91403921568627,
2024-12-03 08:14:56,37.97688581314879,37.80374331550802,,,,,,36.28364705882353,
2024-12-03 08:15:57,37.96818915801615,37.821215686274506,,,,,,36.29843137254902,
2024-12-03 08:16:58,,37.7604357298475,,37.534937611408196,,,,,
2024-12-03 08:18:00,37.952426470588236,37.85078431372549,,,,,,,
2024-12-03 08:19:01,37.96818915801615,37.86134453781513,,37.48117647058823,,,,,
2024-12-03 08:20:02,37.96577342047931,37.713501400560226,,37.49760348583878,,,,,
2024-12-03 08:21:03,,37.75574229691877,,,,,,,
2024-12-03 08:24:07,,,37.03764705882353,,,,37.18549019607843,,
2024-12-03 08:28:12,,,,,,,36.741960784313726,,
2024-12-03 08:30:15,38.00918767507004,,,,,,,,
2024-12-03 08:32:18,37.97846702317292,,,,,,,,
2024-12-03 08:33:19,37.95830659536542,,,,,,,,
2024-12-03 08:34:20,37.96502673796792,,,,,,,,
2024-12-03 08:35:22,,,,,,,,35.85490196078432,
2024-12-03 08:36:23,37.95684569479966,,,,,,,,
2024-12-03 08:37:25,37.95550653594771,,,,,,,,
2024-12-03 08:38:26,37.982557544757036,,,,,,,,
2024-12-03 08:40:28,37.97612958226769,,,,,,,,
2024-12-03 08:41:30,,,37.629019607843134,,,,,35.115686274509805,
2024-12-03 08:42:31,37.980147058823526,,,,,,,35.26352941176471,
2024-12-03 08:43:32,37.99246732026144,,,,,,,,
2024-12-03 08:44:34,,,,,,,,37.77686274509804,
2024-12-03 08:45:35,37.9838431372549,,,,,,,,
2024-12-03 08:46:36,37.97019607843137,,,,,,,,
2024-12-03 08:47:38,37.998627450980386,,,,,,,,
2024-12-03 08:48:39,38.015686274509804,,36.88980392156863,,,,,,
2024-12-03 08:49:40,38.01,,,,,,,,
2024-12-03 08:50:41,37.9897568627451,,,,,,,,
2024-12-03 08:51:43,37.95427450980392,,,,,,,35.15792717086835,
2024-12-03 08:52:44,37.94836078431373,,,,,,,,
2024-12-03 08:54:47,37.93086601307189,,,,,,,,
2024-12-03 08:55:48,,,,,,,36.59411764705882,,
2024-12-03 08:56:49,37.92470588235294,,,,,,,,
2024-12-03 08:57:51,37.93113384484228,,36.74196078431372,,,,,,
2024-12-03 08:58:52,37.93702614379085,,,,,,,,
2024-12-03 08:59:54,37.924705882352946,,,,,,,,
2024-12-03 09:00:55,37.92470588235294,,,,,,,,
2024-12-03 09:01:56,37.881584967320265,,,,,,,34.08078431372549,
2024-12-03 09:02:58,37.875424836601304,,,,,,,,
2024-12-03 09:03:59,37.8631045751634,,,,,,,34.82,
2024-12-03 09:06:01,37.86926470588236,,,,,,,,
2024-12-03 09:07:03,37.873282182438196,,,,,,,,
2024-12-03 09:08:04,,,,,,,,35.02698039215686,
2024-12-03 09:09:05,,,,,,,,,
2024-12-03 09:10:06,,,,,,,,,
2024-12-03 09:12:09,,,36.93908496732026,,,,,,
2024-12-03 09:13:10,,,36.94894117647059,,,,,,
2024-12-03 09:14:11,37.93949019607844,,,,,,,,
2024-12-03 09:15:12,37.917313725490196,,,,,,,,
2024-12-03 09:16:14,37.93209803921569,,,,,,,,
2024-12-03 09:18:17,37.91731372549019,,36.876363636363635,,,,,35.140326797385626,
2024-12-03 09:19:18,,,36.88980392156862,,,,,,
2024-12-03 09:20:19,,,36.93908496732026,,,,,,
2024-12-03 09:21:21,37.92470588235294,,,,,,,,
2024-12-03 09:22:22,37.92470588235294,,,,,,,,
2024-12-03 09:23:23,37.932098039215695,,,,,,,,
2024-12-03 09:24:25,,37.03764705882353,36.978509803921575,,,,,,
2024-12-03 09:25:26,37.932098039215695,,,,,,,,
2024-12-03 09:26:27,37.94582633053222,,,,,,,,
2024-12-03 09:27:28,,,36.96865359477124,,,,36.741960784313726,,
2024-12-03 09:30:32,,,37.11156862745098,,,,,,
2024-12-03 09:31:33,,,37.117254901960784,,,,,,
2024-12-03 09:35:39,,,37.148529411764706,,,,,,
2024-12-03 09:37:41,38.030308123249306,,,,,,,,
2024-12-03 09:38:43,38.013411764705886,,,,,,,35.1156862745098,
2024-12-03 09:39:44,38.0258617131063,,37.16274509803922,,,,,35.07133333333333,
2024-12-03 09:40:46,38.01029927760578,,,,,,,35.26352941176471,
2024-12-03 09:41:47,38.01341176470588,,37.13172905525847,,,,,35.2963834422658,
2024-12-03 09:42:48,38.057764705882356,,37.12635294117647,,,,,35.2963834422658,
2024-12-03 09:43:50,38.05776470588235,,37.12635294117647,,,,,35.2963834422658,
2024-12-03 09:44:51,38.05698658410732,,37.12635294117647,,,,,35.27995642701524,
2024-12-03 09:47:55,38.03364293085655,,,,,,,,
2024-12-03 09:52:00,38.049205366357064,,,,,,,,
2024-12-03 09:55:04,38.02586171310629,,,,,,,,
2024-12-03 09:56:05,,,,,,,,,
2024-12-03 09:57:07,38.01341176470588,,,,,,,,
2024-12-03 10:02:13,,,,,34.6721568627451,,,,
2024-12-03 10:03:14,,,,,,,,34.82,
2024-12-03 10:07:20,,,36.610544662309366,,,,,,
2024-12-03 10:13:27,,,,,37.333333333333336,,,,
2024-12-03 10:14:29,,37.03764705882353,,,,,,,
2024-12-03 10:28:47,38.00918767507002,,,,,,,,
2024-12-03 10:30:50,37.99510737628385,,,,,,,,
2024-12-03 10:32:53,37.981027077497664,,,,,,,,
2024-12-03 10:33:54,37.98102707749766,,,,,,,,
2024-12-03 10:37:59,,,,,,,36.44627450980393,,
2024-12-03 10:42:04,37.93174603174603,,36.77152941176471,,,,,,
2024-12-03 10:43:05,,,36.80109803921569,,,,,,
2024-12-03 10:44:06,37.83318394024276,,,,,,,,
2024-12-03 10:48:11,37.76278244631186,,,,,,,,
2024-12-03 10:49:13,37.74729411764706,,,,,,,,
2024-12-03 10:50:14,,,36.298431372549025,,,,,,
2024-12-03 10:51:15,,,36.56947712418301,,,,,,
2024-12-03 10:52:16,37.67830065359477,,,,,,,,
2024-12-03 10:53:18,37.71638146167558,,,,,,,,
2024-12-03 10:54:19,37.70294117647059,,,,,,,,
2024-12-03 10:57:23,37.709661319073085,,,,,,,,
2024-12-03 10:59:25,37.70646125116713,,,,,,,,
2024-12-03 11:00:26,37.706461251167134,,,,,,,,
2024-12-03 11:01:27,37.67830065359477,,,,,,,,
2024-12-03 11:03:30,37.678300653594775,,,,,,,,
2024-12-03 11:05:32,37.73462184873949,,,,,,,,
2024-12-03 11:06:33,37.72054154995332,36.59411764705882,,,,,,,
2024-12-03 11:07:34,37.74166199813259,,,,,,,,
2024-12-03 11:08:36,,,,,,,,,
2024-12-03 11:10:39,,,36.639607843137256,,,,,,
2024-12-03 11:11:40,37.6912693498452,,,,,,,,
2024-12-03 11:13:43,37.68076470588235,,,,,,,,
2024-12-03 11:14:44,,,,,,,,,
2024-12-03 11:15:45,37.664220354808585,,,,,,,,
2024-12-03 11:17:48,,,36.66803921568628,,,,,,
2024-12-03 11:19:50,,,36.60397385620915,,,,,,
2024-12-03 11:20:51,,,36.62183823529412,,,,,,
2024-12-03 11:21:52,37.65858823529411,,,,,,,,
2024-12-03 11:22:54,37.673372549019604,,,,,,,,
2024-12-03 11:24:56,37.63680082559339,,36.58590413943355,,,,,,
2024-12-03 11:25:58,,,36.570773993808054,,,,,,
2024-12-03 11:26:59,37.66792569659442,,36.571941176470595,,,,,,
2024-12-03 11:28:00,,,36.57299719887956,,,,,,
2024-12-03 11:29:02,,,36.560516934046355,,,,,,
2024-12-03 11:30:03,,,36.555549872122775,,,,,,
2024-12-03 11:31:04,37.78464396284829,,36.61340153452686,,,,,,
2024-12-03 11:32:06,37.82614379084967,,36.60643790849674,,,,,,
2024-12-03 11:33:07,37.837739331026526,,36.6355137254902,,,,,,
2024-12-03 11:34:08,37.84643598615917,,36.676909803921575,,,,,,
2024-12-03 11:35:10,,,36.656666666666666,,,,,,
2024-12-03 11:37:12,37.832303921568624,,,,,,,,
2024-12-03 11:38:13,37.8551326412918,,36.7021568627451,,,,,,
2024-12-03 11:39:15,37.8551326412918,,,,,,,,
2024-12-03 11:40:16,37.84154411764706,,36.752912127814085,,,,,,
2024-12-03 11:41:17,,,36.768361344537816,,,,,,
2024-12-03 11:42:18,37.840224089635846,,36.77364145658264,,,,,,
2024-12-03 11:43:19,37.82614379084966,,36.78948179271708,,,,,,
2024-12-03 11:44:21,37.786718954248364,,36.79124183006536,,,,,,
2024-12-03 11:45:22,37.767622549019606,,36.79882352941176,,,,,,
2024-12-03 11:46:23,37.750772779700114,,36.80109803921569,,,,,,
2024-12-03 11:49:27,,,36.77892156862745,,,,,,
2024-12-03 11:50:29,,,36.793384484228476,,,,,,
2024-12-03 11:51:30,,,36.7676726342711,,,,,,
2024-12-03 11:52:31,,,36.78052855924979,,,,,,
2024-12-03 11:56:36,,,36.81909633418586,,,,,,
2024-12-03 12:05:48,,,36.81266837169651,,,,,,
2024-12-03 12:20:06,,,36.77892156862745,,,,,,
2024-12-03 12:21:08,,,36.78695652173913,,,,,,
2024-12-03 12:23:10,,,36.78508169934641,,,,,,
2024-12-03 12:24:12,,,36.79740196078432,,,,,,
2024-12-03 12:25:13,,,36.82820261437909,,,,,,
2024-12-03 12:29:18,37.66598039215687,,,,,,,,
2024-12-03 12:30:19,37.65674019607843,,,,,,,,
2024-12-03 12:32:22,,,,,,,,,
2024-12-03 12:33:23,37.6197794117647,,,,,,,,
2024-12-03 12:34:24,37.61053921568627,,,,,,,,
2024-12-03 12:35:26,37.60129901960785,,,,,,,,
2024-12-03 12:36:27,,,36.80244206773618,,,,,,
2024-12-03 12:37:28,37.57973856209151,,36.77716153127918,,,,,,
2024-12-03 12:38:29,37.5823323013416,,36.78420168067227,,,,,,
2024-12-03 12:39:31,37.58466666666668,,36.847563025210086,,,,,,
2024-12-03 12:40:32,37.55157796451914,,36.847563025210086,,,,,,
2024-12-03 12:41:33,37.516377217553696,,,,,,,,
2024-12-03 12:42:34,37.52341736694678,,36.786313725490196,,,,,,
2024-12-03 12:43:35,,,36.76413725490196,,,,,,
2024-12-03 12:44:37,,,36.71239215686275,,,,,,
2024-12-03 12:45:38,,,36.74935294117647,,,,,,
2024-12-03 12:53:49,37.54837789661319,,,,,,,,
2024-12-03 12:55:51,37.541657754010686,,36.71083591331269,,,,,,
2024-12-03 12:56:53,37.555098039215686,,36.69760784313725,,,,,,
2024-12-03 12:57:54,37.56181818181818,,36.69267973856209,,,,,,
2024-12-03 13:01:59,,,36.70836007130125,,,,,,
2024-12-03 13:03:01,37.572698412698415,,,,,,,,
2024-12-03 13:04:02,37.58677871148459,,,,,,,,
2024-12-03 13:06:05,37.56988235294117,,36.67768115942029,,,,,,
2024-12-03 13:07:06,37.55898864809081,,,,,,,,
2024-12-03 13:08:07,,,36.677681159420295,,,,,,
2024-12-03 13:12:13,37.57152505446623,,,,,,,,
2024-12-03 13:13:14,,,36.67419934640523,,,,,,
2024-12-03 13:15:17,,,36.67419934640523,,,35.41137254901961,,,
2024-12-03 13:17:19,,,36.684109121909636,,,,,,
2024-12-03 13:18:21,37.592058823529406,,36.64115864527629,,,,,,
2024-12-03 13:19:22,37.62197945845004,,,,,,,,
2024-12-03 13:20:23,37.66422035480859,,,,,,,,
2024-12-03 13:22:25,37.69238095238096,,36.73492063492064,,,,,,
2024-12-03 13:23:27,37.69942110177404,,36.749352941176475,,,,,,
2024-12-03 13:24:28,37.69942110177404,,36.741960784313726,,,,,,
2024-12-03 13:25:30,,,36.804210526315785,,,,,,
2024-12-03 13:26:31,,,36.80849019607843,,,,,,
2024-12-03 13:27:32,,,36.823274509803916,,,,,,
2024-12-03 13:28:33,,,36.80849019607843,,,,,,
2024-12-03 13:29:35,,,36.765304437564495,,,,,,
2024-12-03 13:30:36,37.81206349206349,,36.79124183006535,,,,,,
2024-12-03 13:32:39,37.82860784313725,38.07254901960785,36.788648090815265,,,,,,
2024-12-03 13:33:40,37.83318394024276,38.22039215686274,36.819772961816305,,,,,,
2024-12-03 13:34:41,37.81046345811051,38.22039215686274,,,,,,,
2024-12-03 13:36:44,37.8154305200341,,,,,,,,
2024-12-03 13:37:45,37.8154305200341,,,,,,,,
2024-12-03 13:39:48,37.81718360071301,,36.91198039215686,,,,,,
2024-12-03 13:40:49,,,,,,,,,
2024-12-03 13:41:50,37.86838468720821,,,,,,,,
2024-12-03 13:42:52,37.88035294117647,,,,,,,,
2024-12-03 13:44:54,37.87801857585139,,36.91198039215686,,,,,,
2024-12-03 13:45:56,,,36.88980392156863,,,,,,
2024-12-03 13:46:57,37.87801857585139,,,,,,,,
2024-12-03 13:47:58,37.86245614035087,,36.88202270381837,,,,,,
2024-12-03 13:49:00,37.86245614035087,,,,,,,,
2024-12-03 13:50:01,37.85467492260062,,,,,,,,
2024-12-03 13:51:03,,37.03764705882353,36.819772961816305,,,,,,
2024-12-03 13:52:04,37.84257080610022,37.77686274509804,36.8076688453159,,,,,,
2024-12-03 13:53:05,37.85513264129181,,36.71732026143791,,,,,,
2024-12-03 13:54:06,37.832303921568624,,36.733747276688455,,,,,,
2024-12-03 13:56:09,37.81382352941176,,36.71732026143791,,,,,,
2024-12-03 13:57:11,,,36.72639834881321,,,,,,
2024-12-03 13:58:12,,,36.609680082559336,,,,,,
2024-12-03 14:00:15,37.74518207282913,,,,,,,,
2024-12-03 14:04:20,,,36.60150980392157,,,,,,
2024-12-03 14:05:21,,,36.59411764705883,,,,,,
2024-12-03 14:06:23,,,36.57933333333334,,,,,,
2024-12-03 14:07:24,,,,,,,,31.86313725490196,
2024-12-03 14:08:26,,,36.53498039215687,,,,,,
2024-12-03 14:09:27,,,36.516305469556244,,,,,,
2024-12-03 14:10:28,,,36.50541176470588,,,,,,
2024-12-03 14:13:32,,,36.52371615312792,,,,,,
2024-12-03 14:24:46,,,,,,,,,
2024-12-03 14:25:47,,,36.48323529411765,,,,,,
2024-12-03 14:30:53,,,,,,,33.78509803921568,,
2024-12-03 14:32:56,37.88246498599441,,,,,,,,
2024-12-03 14:45:11,,,36.405206971677565,,,,,,
2024-12-03 14:57:26,,35.26352941176471,,,,,,,
2024-12-03 15:03:33,37.89698529411765,,,,,,,,
2024-12-03 15:05:36,,,36.35930795847751,,,,,,
2024-12-03 15:08:40,37.89698529411765,,36.31691176470588,,,,,,
2024-12-03 15:12:45,37.88122260668973,,,,,,,,
2024-12-03 15:15:49,37.872525951557094,,,,,,,,
2024-12-03 15:16:50,37.90006535947712,,36.27071078431373,,,,,,
2024-12-03 15:18:52,37.90136222910217,,,,,,,,
2024-12-03 15:20:55,37.90136222910217,,36.26886274509805,,,,,,
2024-12-03 15:22:58,37.89358101135191,,36.25900653594771,,,,,,
2024-12-03 15:23:59,37.89358101135191,,,,,,,,
2024-12-03 15:25:00,37.94113289760348,,36.27071078431373,,,,,,
2024-12-03 15:28:04,,,,,,,,,
2024-12-03 15:29:06,,,,,,,,,
2024-12-03 15:30:07,37.94934640522876,,,,,,,,
2024-12-03 15:31:08,37.95583075335397,,,,,,,,
2024-12-03 15:32:10,37.95583075335397,,,,,,,,
2024-12-03 15:34:13,,,36.26730650154799,,,,,,
2024-12-03 15:35:14,37.948049535603715,,,,,,,,
2024-12-03 15:37:17,37.9657734204793,,,,,,,,
2024-12-03 15:39:20,,,36.246686274509806,,,,,,
2024-12-03 15:40:21,37.92470588235294,,36.239294117647056,,,,,,
2024-12-03 15:41:22,37.924705882352946,,,,,,,,
2024-12-03 15:43:25,,,36.20690943043884,,,,,,
2024-12-03 15:44:26,,,36.20233333333333,,,,,,
2024-12-03 15:46:29,,,36.19727554179567,,,,,,
2024-12-03 15:47:30,,,36.19727554179567,,,,,,
2024-12-03 15:48:31,,,36.166150670794636,,,,,,
2024-12-03 15:49:32,37.964130718954245,,36.16537254901961,,,,35.115686274509805,,
2024-12-03 15:50:33,,,36.0323137254902,,,,,,
2024-12-03 15:51:35,37.961666666666666,,36.0168253968254,,,,,,
2024-12-03 15:53:37,,,36.00946524064172,,,,,,
2024-12-03 15:54:38,37.954274509803916,,36.00917306052856,,,,,,
2024-12-03 15:55:40,,,36.04131287297528,,,,,,
2024-12-03 15:56:41,,,36.070506535947715,,,,,,
2024-12-03 15:57:42,37.94582633053221,,36.070506535947715,,,,,,
2024-12-03 15:58:43,37.95427450980392,,,,,,,,
2024-12-03 16:00:46,,,36.09916453537937,,,,,,
2024-12-03 16:01:47,,,36.113627450980395,,,,,,
2024-12-03 16:02:49,37.94582633053221,,,,,,,,
2024-12-03 16:05:52,37.935266106442576,,,,,,,,
2024-12-03 16:06:54,37.944418300653595,,,,,,,,
2024-12-03 16:07:55,37.961666666666666,,36.13714795008913,,,,,,
2024-12-03 16:08:56,,36.00274509803921,36.129467787114855,,,,,,
2024-12-03 16:09:57,37.952426470588236,,36.18578898225958,,,,,,
2024-12-03 16:10:59,37.952426470588236,35.70705882352941,36.22802987861812,,,,,,
2024-12-03 16:12:00,,,36.23190196078432,,,,,,
2024-12-03 16:13:01,,,36.26886274509805,,,,,,
2024-12-03 16:14:03,,,36.2614705882353,,,,,,
2024-12-03 16:15:04,,,36.28286893704851,,,,,,
2024-12-03 16:16:05,37.994736842105254,,,,,,,,
2024-12-03 16:17:07,37.98695562435499,,,,,,,,
2024-12-03 16:18:08,,,36.333217993079586,,,,,,
2024-12-03 16:19:09,,,36.38539792387543,,,,,,
2024-12-03 16:20:11,37.979174406604734,,,,,,,,
2024-12-03 16:21:12,,36.44627450980393,36.44627450980393,,,,,,
2024-12-03 16:22:13,37.97688581314878,,36.46961816305469,,,,,,
2024-12-03 16:23:14,37.9594925028835,,,,,,,,
2024-12-03 16:24:16,37.970906862745096,,,,,,,,
2024-12-03 16:25:17,,,36.54743034055728,,,,,,
2024-12-03 16:27:19,,,36.59411764705882,,,,,,
2024-12-03 16:28:21,37.95427450980391,,,,,,,,
2024-12-03 16:29:22,37.988067226890756,,36.77481481481482,,,,,,
2024-12-03 16:30:23,37.97750700280112,,36.840522875816994,,,,,,
2024-12-03 16:31:25,37.998627450980386,,,,,,,,
2024-12-03 16:32:26,38.00355555555555,,,,,,,,
2024-12-03 16:34:28,38.013411764705886,,,,,,,,
2024-12-03 16:35:30,38.013411764705886,,,,,,,,
2024-12-03 16:39:35,,,36.93087145969499,,,,,,
2024-12-03 16:40:36,,,36.95937716262976,,,,,,
2024-12-03 16:44:41,,,36.9680738177624,,,,,,
2024-12-03 16:45:42,,37.03764705882353,36.98220588235294,,,,,,
2024-12-03 16:46:44,37.94113289760348,,37.0277908496732,,,,,,
2024-12-03 16:47:45,,,,,,,36.29843137254902,,
2024-12-03 16:48:46,,36.741960784313726,37.00992647058824,,,,,,
2024-12-03 16:49:48,37.9329193899782,,,,,,,,
2024-12-03 16:51:50,,,36.998222222222225,,,,,,
2024-12-03 16:52:51,,,37.00807843137256,,,,,,
2024-12-03 16:53:52,,,37.04820728291317,,,,,,
2024-12-03 16:55:55,,,37.04901960784314,,,,,,
2024-12-03 16:56:56,38.02586171310629,,37.07176470588235,,,,,,
2024-12-03 16:58:59,38.03969498910675,,,,,,,,
2024-12-03 17:00:00,38.02326797385621,,,,,,36.59411764705882,,
2024-12-03 17:01:01,38.031481481481485,,,,,,,,
2024-12-03 17:02:03,38.04920536635707,,,,,,,,
2024-12-03 17:03:04,38.02819607843138,,,,,,,,
2024-12-03 17:04:05,38.03558823529412,,,,,,,,
2024-12-03 17:05:07,38.03734827264239,,,,,,,,
2024-12-03 17:07:09,,,37.24093137254902,,,,,,
2024-12-03 17:08:11,38.02550802139038,,,,,,,,
2024-12-03 17:09:12,38.00826939471441,,37.24885154061625,,,,,,
2024-12-03 17:14:18,38.040409207161126,,,,,,,32.15882352941176,
2024-12-03 17:16:21,,,,,,,,,
2024-12-03 17:18:24,,,,,,,,,
2024-12-03 17:19:25,37.98725490196079,,,,35.115686274509805,,37.48117647058824,,
2024-12-03 17:20:26,38.00136528685549,,,,,,,,
2024-12-03 17:21:27,,,,,,,36.59411764705882,,
2024-12-03 17:22:29,37.9958896151053,,,,,,,,
2024-12-03 17:23:30,37.97398692810457,,,,,,,,
2024-12-03 17:24:31,37.95755991285403,,,,,,36.59411764705882,,36.29843137254902
2024-12-03 17:25:32,37.97398692810457,,,,,,,,
2024-12-03 17:26:34,,,,,,,,34.45039215686274,
2024-12-03 17:27:35,37.95755991285404,,,,,,,34.40111111111111,
2024-12-03 17:28:37,37.95208424110385,,,,,,,,
2024-12-03 17:29:38,37.951106442577036,,,,,,,,
2024-12-03 17:30:39,37.95638655462185,,,,,,,,
2024-12-03 17:31:40,37.94582633053222,,,,,,,34.253267973856204,
2024-12-03 17:33:43,37.961666666666666,,37.629019607843134,,,,37.48117647058824,34.58345098039216,
2024-12-03 17:34:44,37.90358543417367,,,,,,,34.64258823529412,
2024-12-03 17:35:45,37.84550420168067,,,,,,,,
2024-12-03 17:36:47,37.84022408963585,,,,,,,,
2024-12-03 17:37:48,37.84550420168067,,,,,,,,
2024-12-03 17:38:49,37.85078431372549,,,,,,,34.86928104575164,
2024-12-03 17:39:50,37.864473493100945,,,,,,,,
2024-12-03 17:40:52,37.86994916485113,,,,,,,,
2024-12-03 17:41:53,37.8621568627451,,,,,,,,
2024-12-03 17:42:54,37.86556862745098,,,,,,,,
2024-12-03 17:43:56,37.87148235294117,,37.18549019607843,,,,,,
2024-12-03 17:44:57,37.86926470588235,,,,,,,,
2024-12-03 17:45:58,37.853998294970154,,,,,,,,
2024-12-03 17:47:00,37.850784313725484,,37.19781045751634,,,,,,
2024-12-03 17:48:01,37.85430438842203,,37.19686274509804,,,,,,
2024-12-03 17:49:02,37.85817647058823,,37.22773109243697,,,,,,
2024-12-03 17:51:05,37.85078431372549,,,,,,,,
2024-12-03 17:52:06,37.846893704850366,,,,,,,,
2024-12-03 17:53:07,37.83435729847494,,,,,,,,
2024-12-03 17:54:09,37.82904267589388,,,,,,,,
2024-12-03 17:55:10,,,,,,,,,
2024-12-03 17:57:13,,,,,,,29.793333333333333,,
2024-12-03 17:58:14,,,37.216615067079466,,,,,,
2024-12-03 18:00:16,,,37.2298431372549,,,,,33.99630252100841,
2024-12-03 18:01:18,,,37.227731092436976,,,,,,
2024-12-03 18:02:19,,,37.227731092436976,,,,,,
2024-12-03 18:03:20,,,37.22069094304389,,,,,,
2024-12-03 18:05:23,,,37.22069094304389,,,,,,
2024-12-03 18:06:24,,,37.227731092436976,,,,,,
2024-12-03 18:07:25,,,37.22245098039216,,,35.41137254901961,37.333333333333336,,
2024-12-03 18:08:26,,,37.216615067079466,,,,,33.90337254901961,
2024-12-03 18:09:28,38.07254901960784,37.333333333333336,,,,,,33.977294117647055,35.115686274509805
2024-12-03 18:10:29,,,37.2265577342048,,,,,33.94772549019608,
2024-12-03 18:12:31,,,,,,,,,
2024-12-03 18:14:34,,,37.23477124183007,,,,,,
2024-12-03 18:15:35,,,37.23217750257999,,,,,33.719389978213506,
2024-12-03 18:16:36,,,37.26330237358102,,,,,33.799882352941175,
2024-12-03 18:18:39,,,37.259411764705895,,,,,,
2024-12-03 18:19:40,,,37.23723529411766,,,,,,
2024-12-03 18:20:42,,,37.24773993808051,,,,,33.91815686274511,
2024-12-03 18:22:44,,,,,,,,33.888588235294115,
2024-12-03 18:23:46,,,37.259411764705895,,,,,,
2024-12-03 18:26:49,,,,,,,,33.93294117647059,
2024-12-03 18:27:50,,,,35.55921568627451,,,,,
2024-12-03 18:28:51,,,,35.85490196078432,,,,,
2024-12-03 18:29:53,,,,,,,,,
2024-12-03 18:30:54,38.07254901960784,,,,,,,,
2024-12-03 18:31:55,,,,,,,37.71115468409587,,
2024-12-03 18:33:57,,,,,,,37.65858823529412,,
2024-12-03 18:34:59,,,,,,,37.65590017825312,,
2024-12-03 18:36:00,,,37.20027450980392,,,34.37647058823529,,,
2024-12-03 18:37:01,38.16125490196079,,37.18549019607843,,,34.37647058823529,,34.080784313725495,
2024-12-03 18:38:03,38.13168627450981,,37.20397058823529,,,34.6721568627451,,34.162919389978214,
2024-12-03 18:39:04,,,37.227731092436976,,,,,,
2024-12-03 18:43:09,38.030308123249306,,,,,,,,
2024-12-03 18:44:10,38.017107843137254,,,,,,,,
2024-12-03 18:48:15,,,37.227731092436976,,,,37.66598039215687,,
2024-12-03 18:49:17,,,,,,,37.640392156862745,,
2024-12-03 18:50:18,,,,,,,37.65176470588236,,
2024-12-03 18:55:25,,,,,,,37.62901960784314,,
2024-12-03 18:56:26,,,,,,,37.640392156862745,,
2024-12-03 18:57:28,,,,,,,37.67450980392157,,
2024-12-03 18:58:29,,,,,,,37.66313725490197,34.6721568627451,
2024-12-03 18:59:31,,,,,,,37.66598039215687,,
2024-12-03 19:00:32,,,,,,,37.62901960784314,,
2024-12-03 19:01:33,,,,,,,37.61423529411765,,
2024-12-03 19:02:34,,,,,,,,34.60879551820729,
2024-12-03 19:03:36,,,,,,,,34.672156862745105,
2024-12-03 19:04:37,37.86134453781512,,,,,,,34.76086274509804,
2024-12-03 19:07:41,37.90622549019608,,,,,,,,
2024-12-03 19:08:42,37.84022408963585,,37.25269162210339,,,,,,
2024-12-03 19:09:43,,,37.25269162210339,,,,,,
2024-12-03 19:10:44,,,37.2392513368984,,,,37.58466666666667,,
2024-12-03 19:21:58,,,,,,,,34.91856209150327,
2024-12-03 19:24:01,,,37.25372549019608,,,,,,
2024-12-03 19:26:03,37.82614379084967,,,,,,,,
2024-12-03 19:27:05,,,,,,,,,
2024-12-03 19:29:07,,,37.23477124183007,,,,,,
2024-12-03 19:30:08,,,37.224915032679746,,,,,,
2024-12-03 19:31:10,,,37.23477124183007,,,,,,
2024-12-03 19:32:11,,,37.23169117647059,,,,,,
2024-12-03 19:33:12,,,,,,37.333333333333336,37.333333333333336,,
2024-12-03 19:34:14,37.911265597147946,,,,,,,,
2024-12-03 19:35:15,37.924705882352946,,,,,,,,
2024-12-03 19:36:16,37.89782531194296,,37.220276816608994,,,,,,
2024-12-03 19:37:17,,,37.23767012687429,,,,,,
2024-12-03 19:38:19,,37.18549019607843,,,,,,,
2024-12-03 19:39:20,,37.18549019607843,37.21321078431373,,,,,,
2024-12-03 19:40:21,,,37.24093137254902,,,,,35.85490196078432,
2024-12-03 19:41:23,,,37.24093137254902,,,,,,
2024-12-03 19:42:24,,37.18549019607843,,,,,,34.6721568627451,
2024-12-03 19:43:25,37.95882352941176,,37.25017156862746,,,,,34.82,
2024-12-03 19:45:28,,37.18549019607843,37.23477124183007,,,,,,
2024-12-03 19:46:29,38.09366946778711,,,,,,,35.115686274509805,
2024-12-03 19:47:31,38.0922614379085,,,,,,,,
2024-12-03 19:49:33,,,37.35607843137255,,,,,,
2024-12-03 19:50:34,38.03776239907728,,,,,,,,
2024-12-03 19:51:36,38.0561220043573,,,,,,,,
2024-12-03 19:52:37,38.081245674740494,,,,,,,,
2024-12-03 19:53:39,,,37.37882352941177,,,,,,
2024-12-03 19:54:40,38.10211764705882,,,,,,,,
2024-12-03 19:55:41,38.10211764705882,,37.394934640522884,,,,,,
2024-12-03 20:12:01,38.08178921568628,,,,,,,,
2024-12-03 20:13:02,,,37.36021390374332,,,,,,
2024-12-03 20:17:07,38.031481481481485,,,,,,,,
2024-12-03 20:18:09,37.97917440660475,,,,,,,,
2024-12-03 20:19:10,,,37.3924705882353,,,,,,
2024-12-03 20:30:24,,36.741960784313726,,,,,,,
2024-12-03 20:33:28,,,,,,,,,
2024-12-03 20:34:29,37.98558246828143,,,,,,,,
2024-12-03 20:35:31,38.026348039215684,,,,,,,,
2024-12-03 20:36:32,38.00786764705882,,,,,,,,
2024-12-03 20:37:33,37.97398692810457,,,,,,,,
2024-12-03 20:41:38,,,37.169063180827884,,,,36.44627450980393,,
2024-12-03 20:46:45,,36.830666666666666,,,,,,,
2024-12-03 20:47:46,,,37.20027450980392,,,,,,
2024-12-03 20:48:47,,36.830666666666666,,,,,,,
2024-12-03 20:50:50,37.97398692810457,,,,,,,,
2024-12-03 20:51:51,38.00534759358289,,,,,,,,
2024-12-03 20:52:52,37.978467023172904,,,,,,,,
2024-12-03 20:53:53,38.07254901960784,,,,,,,,
2024-12-03 20:54:55,,36.919372549019606,37.18549019607843,,,,,,
2024-12-03 20:57:58,,,,,,,,34.169490196078435,
2024-12-03 20:59:00,,,,,,,,34.13992156862745,
2024-12-03 21:00:02,,,,,,,,34.05121568627451,
2024-12-03 21:01:03,,,,,,,,,
2024-12-03 21:02:04,,36.97850980392157,,,,,,34.05121568627451,
2024-12-03 21:04:07,,,,,,,,33.87380392156863,
2024-12-03 21:05:08,37.80971677559913,,,,,,,,
2024-12-03 21:06:10,,,36.93204481792718,35.55921568627451,,,,,
2024-12-03 21:07:11,,,36.92922875816994,,,,,,
2024-12-03 21:08:12,,,36.88980392156863,,,,,,
2024-12-03 21:09:13,,,36.89966013071896,,,,,,
2024-12-03 21:10:15,,,36.87132352941177,,,,,,
2024-12-03 21:11:16,,,,,,,,,34.37647058823529
2024-12-03 21:14:20,,,,,,,,,
2024-12-03 21:15:21,37.67126050420169,,,,,,,33.90337254901961,
2024-12-03 21:16:22,37.629019607843134,,,,,,,,
2024-12-03 21:17:23,37.629019607843134,,36.84632064590542,,,,,,
2024-12-03 21:18:25,,37.333333333333336,,,,,,,
2024-12-03 21:19:26,,,36.90623093681917,,,,,,
2024-12-03 21:20:27,,,36.955511982570805,,,,,,
2024-12-03 21:21:29,37.713501400560226,,36.998740970072234,,,,,,
2024-12-03 21:23:31,,36.29843137254902,,,,,,,
2024-12-03 21:30:40,,,37.06580765639589,,,,,,
2024-12-03 21:32:43,,,37.058767507002806,,,,,,
2024-12-03 21:33:44,,,37.0587675070028,,,,,,
2024-12-03 21:34:45,,,,,,,36.88980392156863,,
2024-12-03 21:37:49,,,37.059823529411766,,,,,,
2024-12-03 21:38:50,37.90992156862745,,,,,,,,
2024-12-03 21:39:51,,,37.03764705882354,,,,,,
2024-12-03 21:40:52,,,,,,,,,
2024-12-03 21:41:54,,36.59411764705882,,,,,,,
2024-12-03 21:42:55,,,37.011935208866156,,,,,,
2024-12-03 21:44:58,,,36.96693947144075,,,,,,
2024-12-03 21:45:59,,,36.96372549019608,,,,,,
2024-12-03 21:47:01,,,36.95408354646206,,,,,,
2024-12-03 21:48:02,,,,,,,,,
2024-12-03 21:50:04,37.7152614379085,,36.90388422035481,,,,,,
2024-12-03 21:51:06,,,36.94894117647058,,,,,,
2024-12-03 21:52:07,37.75574229691877,,36.96761609907121,,,,,,
2024-12-03 21:54:10,,,37.00652218782249,,,,,,
2024-12-03 21:56:12,,,37.006522187822505,,,,,,
2024-12-03 21:58:15,37.78610294117647,,,,,,,,
2024-12-03 21:59:16,37.84643598615918,,,,,,,,
2024-12-03 22:00:17,37.86926470588236,,37.053209494324044,,,,,,
2024-12-03 22:02:20,37.88122260668973,,37.07655314757482,,,,,,
2024-12-03 22:03:21,,36.96372549019608,37.05982352941176,,,,,,
2024-12-03 22:04:23,37.9768858131488,,37.06721568627451,,,,,,
2024-12-03 22:05:24,37.97398692810458,,37.082,,,,,,
2024-12-03 22:06:25,37.9713931888545,,37.08433436532508,,,,,,
2024-12-03 22:07:26,,37.03764705882353,,,,,,,
2024-12-03 22:08:28,37.97645098039216,,,,,,,,
2024-12-03 22:09:29,37.96905882352942,,,,,,,,
2024-12-03 22:10:30,37.93209803921569,,,,,,,,
2024-12-03 22:11:32,37.952866479925305,,,,,,,,
2024-12-03 22:12:33,37.93209803921569,37.03764705882353,36.98220588235294,,,,,,
2024-12-03 22:13:34,,37.0561274509804,37.0006862745098,,,,,,
2024-12-03 22:14:35,37.94486631016043,,36.972965686274506,,,,,,
2024-12-03 22:15:37,37.91766573295985,,,,,,,,
2024-12-03 22:16:38,,37.096784313725486,,,,,,,
2024-12-03 22:18:40,37.94026831785346,,37.04586056644881,,,,,,
2024-12-03 22:20:43,,37.145169340463454,37.09514161220044,,,,,,
2024-12-03 22:21:44,37.93291938997821,,,,,,,,
2024-12-03 22:22:45,37.94209919261822,,37.14442265795207,,,,,,
2024-12-03 22:23:46,,,,,,,,,
2024-12-03 22:24:48,37.964130718954245,,,,,,,,
2024-12-03 22:25:49,,,37.201052631578946,,,,,,
2024-12-03 22:26:51,,,37.19288235294117,,,,,,
2024-12-03 22:27:52,38.03843137254901,,37.178450046685334,,,,,,
2024-12-03 22:29:54,37.93607843137255,37.16084967320262,,,,,,,
2024-12-03 22:30:56,,37.21960784313726,,,,,,,
2024-12-03 22:31:57,37.92470588235293,37.25372549019608,37.256197783461204,,,,,,
2024-12-03 22:32:58,38.004313725490185,,37.26613190730837,,,,,,
2024-12-03 22:35:01,,37.247091503267974,37.255891690009335,,,,,,
2024-12-03 22:36:02,,37.247091503267974,37.255891690009335,,,,,,
2024-12-03 22:37:04,,37.25269162210339,37.255891690009335,,,,,,
2024-12-03 22:42:10,,,37.2770121381886,,,,,,
2024-12-03 22:43:12,,,37.31221288515406,,,,,,
2024-12-03 22:44:14,,37.37029411764706,37.34677361853832,,,,,,
2024-12-03 22:45:15,,37.34470588235294,37.36693404634581,,,,,,
2024-12-03 22:46:16,,,,,,,,,
2024-12-03 22:47:18,,,37.3719011082694,,,,,,
2024-12-03 22:48:19,,37.38261437908498,37.397612958226766,,,,,,
2024-12-03 22:49:20,,,37.41397504456328,,,,,,
2024-12-03 22:50:21,,,37.3938146167558,,,,,,
2024-12-03 22:51:23,,37.431895424836604,37.40725490196078,,,,,,
2024-12-03 22:52:24,37.99862745098039,37.46005602240897,37.436180733162836,,,,,,
2024-12-03 22:53:25,37.96502673796791,,,,,,37.629019607843134,,
2024-12-03 22:54:26,38.01341176470588,,,,,37.629019607843134,,,
2024-12-03 22:55:28,38.01341176470588,,,,,,,,
2024-12-03 22:56:29,37.95158645276292,,,,,,,,
2024-12-03 22:57:30,37.91238562091503,,37.24885154061625,,,,,,
2024-12-03 22:58:31,,37.27173202614379,37.16436974789916,,,,,,
2024-12-03 23:00:34,,37.29637254901961,37.15592156862745,,,,,,
2024-12-03 23:01:35,,37.31989304812834,37.16214654282766,,,,,,
2024-12-03 23:02:36,,37.30376470588235,37.169063180827884,,,,,,
2024-12-03 23:03:38,,37.31854901960784,,,,,,,
2024-12-03 23:04:39,37.93702614379085,,37.120808823529416,,,,,,
2024-12-03 23:06:41,37.93702614379085,,,,,,,,
2024-12-03 23:09:45,37.93702614379085,,37.25017156862745,,,,,,
2024-12-03 23:11:48,38.0109477124183,,,,,,,,
2024-12-03 23:15:53,,,37.1432492997199,,,,,,
2024-12-03 23:23:01,,,37.23829131652661,,,,,,
2024-12-03 23:24:02,,,,,,,,,
2024-12-03 23:25:04,,,,,,,36.00274509803921,,
2024-12-03 23:26:05,38.017107843137254,,,35.70705882352941,,,32.15882352941176,,
2024-12-03 23:27:06,37.99862745098039,,,,37.18549019607843,,,33.34156862745098,37.18549019607843
2024-12-03 23:28:07,,37.16906318082789,37.34318954248366,,,,,34.5243137254902,
2024-12-03 23:29:09,,,,,,,,35.41137254901961,
2024-12-03 23:33:13,,,,,,,,29.34980392156863,
2024-12-03 23:38:20,,,,,,,,,32.75019607843137
2024-12-03 23:42:25,,,,,,,,36.741960784313726,
2024-12-03 23:50:35,,37.0561274509804,,,,,,,
2024-12-04 02:59:28,,,36.98388591800357,,,,,,
2024-12-04 03:02:32,,,36.988366013071904,,,,,,
2024-12-04 03:05:36,37.80643137254903,,,,,,,,
2024-12-04 03:07:38,,,,33.78509803921568,,,,,
2024-12-04 03:08:40,,,36.766601307189546,,,,,,
2024-12-04 03:09:41,,,36.74196078431373,,,,,,
2024-12-04 03:12:44,,,36.729640522875826,,,,,,
2024-12-04 03:15:48,,36.88980392156863,,,,,,,
2024-12-04 03:16:50,38.07254901960785,,,,,,,,
2024-12-04 03:20:55,,,,,,,,,39.25529411764706
2024-12-04 03:29:05,,,37.23477124183007,,,,,,
2024-12-04 03:37:15,,36.723480392156866,,,,,,,
2024-12-04 03:44:24,,36.92265795206972,,,,,,,
2024-12-04 03:47:28,,36.80109803921569,,,,,,,
2024-12-04 03:48:29,,36.786313725490196,,,,,,,
2024-12-04 03:51:33,,36.90623093681918,,,,,,,
2024-12-04 03:54:37,,,37.36618736383443,,,,,,
2024-12-04 03:56:39,37.92470588235294,,,,,,,,
2024-12-04 03:57:41,,,37.3518137254902,,,,,,
2024-12-04 03:58:42,,36.95551198257081,37.296372549019615,,,,,,
2024-12-04 03:59:43,,,37.26997198879552,,,,,,36.44627450980393
2024-12-04 04:14:00,,,,,,,,,
2024-12-04 04:15:01,,,,,36.59411764705882,,,,
2024-12-04 04:16:03,,37.11156862745098,,,,,,,
2024-12-04 04:17:04,,,,,,,,,
2024-12-04 04:18:06,,,,,,,,35.734779411764706,
2024-12-04 04:19:07,,,,,,,,35.776632064590544,
2024-12-04 04:21:09,,,,,,,,35.83026143790849,
2024-12-04 04:22:11,,37.062287581699344,,,,,,,
2024-12-04 04:23:12,,,,,,,,35.86229411764706,
2024-12-04 04:25:14,,,38.959607843137256,,,,,35.87602240896359,
2024-12-04 04:26:16,,,,,,,,35.868342245989304,
2024-12-04 04:27:17,,,,,,,,35.874185848252345,
2024-12-04 04:28:18,,,,,,,,35.87954248366013,
2024-12-04 04:29:20,,,,,,,,35.90812549019608,
2024-12-04 04:30:21,,,,,,,,35.88901960784314,
2024-12-04 04:31:22,,,,,,,,35.893231663035586,
2024-12-04 04:32:23,,,,,,,,35.99726942628904,
2024-12-04 04:33:25,,,,,,,,36.00274509803922,
2024-12-04 04:34:26,,,,,,,,36.10980392156863,
2024-12-04 04:35:27,,,,,,,,36.176988795518206,
2024-12-04 04:36:28,,,,,,,,36.18344226579521,
2024-12-04 04:37:30,,,,,,,,36.19607843137255,
2024-12-04 04:38:31,,,,,,,,36.221552941176476,
2024-12-04 04:39:32,,,,,,,,36.221552941176476,
2024-12-04 04:40:33,,,,,,,,36.249150326797384,
2024-12-04 04:41:35,,,,,,,,36.2662915601023,
2024-12-04 04:42:36,,,,,,,,36.27155080213904,
2024-12-04 04:43:37,,,,,,,,36.338752228164,
2024-12-04 04:44:39,,,,,,,,36.37907308377896,
2024-12-04 04:45:40,37.629019607843134,,37.77686274509804,,,34.82,,36.41267379679144,
2024-12-04 04:46:41,37.629019607843134,37.92470588235294,37.92470588235294,,,,,36.43283422459893,
2024-12-04 04:47:42,,,37.77686274509804,,,,,36.439234360410836,
2024-12-04 04:48:44,,,38.22039215686274,,,,,36.48851540616246,
2024-12-04 04:49:45,,,38.22039215686274,,,,,,
2024-12-04 04:51:47,,37.844064171122994,,,,,,,
2024-12-04 04:52:49,,37.82614379084967,,,,,,,
2024-12-04 04:54:51,,37.90196078431372,,,,,,,
2024-12-04 04:55:53,,37.8507843137255,,,,,,,
2024-12-04 04:56:54,,37.86556862745098,,,,,,,
2024-12-04 04:57:55,,37.86002450980392,,,,,,,
2024-12-04 04:58:56,,37.86002450980392,,,,,,,
2024-12-04 04:59:58,,37.85078431372549,,,,,,,
2024-12-04 05:00:59,,37.84154411764706,,,,,,36.24156862745098,
2024-12-04 05:02:00,,37.86002450980392,,,,,,35.87764705882353,
2024-12-04 05:22:26,,,,,,,,35.354509803921566,
2024-12-04 05:24:29,,,,,,,,35.275849673202615,
2024-12-04 05:33:40,,,,,,,,,34.08078431372549
2024-12-04 06:43:05,,,,,,,,34.21630718954248,
2024-12-04 06:50:14,,,,,,,,34.000142602495536,
2024-12-04 07:01:29,,37.88528104575163,,,,,,,
2024-12-04 07:02:30,,37.85078431372549,,,,,,,
2024-12-04 07:04:33,,,,,,,,,
2024-12-04 07:34:10,,37.83846405228758,,,,,,,
2024-12-04 07:35:11,,37.80374331550802,,,,,,,
2024-12-04 07:36:12,,37.80643137254903,,,,,,,
2024-12-04 08:43:37,,,35.70705882352941,,,,,,
2024-12-04 08:51:47,,,,,,,35.55921568627451,,
2024-12-04 09:20:22,37.71772549019609,,,,,,,33.76175438596491,
2024-12-04 09:21:24,,,,,,,,33.52831785345717,
2024-12-04 09:23:26,,,,,,,,,
2024-12-04 09:24:27,37.776862745098036,,,,,,,,
2024-12-04 09:25:28,37.776862745098036,,,,,,,33.09256965944273,
2024-12-04 09:26:29,37.65858823529412,,,34.82,,,,33.06805882352941,
2024-12-04 09:27:31,37.71772549019609,,,,,,,,
2024-12-04 09:28:32,,,,35.973176470588236,,,,32.60974509803923,
2024-12-04 09:29:33,,,,35.953464052287586,,,,32.595312791783385,
2024-12-04 09:30:34,,,,,,,,32.57419234360412,
2024-12-04 09:31:36,,,,,,,,32.53899159663867,
2024-12-04 09:32:37,,,,,,,,32.53195144724557,
2024-12-04 09:33:38,,,,,,,,32.5108309990663,
2024-12-04 09:34:40,,,,,,,,32.55531194295901,
2024-12-04 09:35:41,,,,35.90418300653595,,,,32.5754723707665,
2024-12-04 09:36:42,,,,,,,,32.568752228164,
2024-12-04 09:37:43,,,,,,,,32.736755793226386,
2024-12-04 09:38:45,,,,,,,,32.85771836007131,
2024-12-04 09:39:46,,,,,,,,33.09964349376114,
2024-12-04 09:40:48,,37.03764705882353,,,,,,33.12652406417112,
2024-12-04 09:41:49,,,,35.953464052287586,,,,33.29228758169934,
2024-12-04 09:42:51,,,,,,,,33.43027450980393,
2024-12-04 09:43:52,,,,36.15058823529412,,,,33.445058823529415,
2024-12-04 09:44:53,,36.23929411764706,,36.741960784313726,,,,33.543880288957695,
2024-12-04 09:45:54,,,36.741960784313726,,,,,,33.19372549019608
2024-12-04 09:46:55,,,34.37647058823529,,,,,,29.793333333333333
2024-12-04 09:47:57,,,,,,,,,31.419607843137257
2024-12-04 09:57:08,,,,,,,,,28.90627450980392
2024-12-04 10:03:16,,,,,,,,33.62669467787115,
2024-12-04 10:05:19,37.90358543417368,,,,,,,,
2024-12-04 10:09:24,37.88774509803922,,,,,,,,
2024-12-04 10:12:28,,36.79740196078431,,,,,,33.516292335115864,
2024-12-04 10:14:30,,36.90623093681917,,,,,,33.54854901960785,
2024-12-04 10:15:31,,,,,,,,33.52226579520696,
2024-12-04 10:17:34,,,,,,,,,
2024-12-04 10:21:39,37.97398692810457,36.90623093681917,,,,,,,
2024-12-04 10:22:40,37.97398692810457,,,,,,,,
2024-12-04 10:25:44,,,36.91937254901961,,,,,,
2024-12-04 10:26:45,,,36.90458823529412,,,,,,
2024-12-04 10:27:46,,,36.90324420677362,,,,,,
2024-12-04 10:28:48,37.97398692810457,36.7822816399287,,,,,,,
2024-12-04 10:30:50,,,37.145169340463454,,,,,,
2024-12-04 10:31:52,,,37.185490196078426,,,,,,
2024-12-04 10:34:55,37.94113289760348,,37.219607843137254,,,,,,
2024-12-04 10:35:57,37.908278867102396,,37.22773109243697,,,,,,
2024-12-04 10:36:58,37.943186274509806,36.76884135472371,,,,,,,
2024-12-04 10:37:59,,36.76884135472371,,,,,,,
2024-12-04 10:40:02,37.86134453781513,36.786313725490196,,,,,,,
2024-12-04 10:43:05,,36.93908496732027,37.37440087145969,,,,,,
2024-12-04 10:44:06,,,,,36.15058823529412,,,,
2024-12-04 10:45:07,,,37.41464705882352,,,,,,
2024-12-04 10:49:13,,37.0561274509804,,,,37.333333333333336,37.333333333333336,,
2024-12-04 10:50:14,,37.01916666666666,,,,37.77686274509804,37.77686274509804,,
2024-12-04 10:51:15,,37.24885154061625,,,,,,,
2024-12-04 10:53:18,,,37.51477718360071,,,,,,
2024-12-04 10:54:19,,,37.56853832442067,,,,,,
2024-12-04 10:55:20,,,37.571167945439036,,,,,,
2024-12-04 10:56:22,,,37.54165775401069,,,,,,
2024-12-04 10:57:23,,,37.51477718360071,,,,,,
2024-12-04 10:58:24,,,37.51637721755368,,,,,,
2024-12-04 11:00:26,,,37.51074509803921,,,,,,
2024-12-04 11:01:28,,,37.51074509803921,,,,,,
2024-12-04 11:02:29,,,37.502296918767506,,,,,,
2024-12-04 11:03:30,,,37.494616755793224,,,,,,
2024-12-04 11:04:32,,,37.54453781512605,,,,,,
2024-12-04 11:05:33,,,37.530457516339865,,,,,,
2024-12-04 11:06:34,,,37.584666666666664,,,,,,
2024-12-04 11:09:38,,,37.572698412698415,,,,,,
2024-12-04 11:10:39,,,37.572698412698415,,,,,,
2024-12-04 11:11:40,,,37.555098039215686,,,,,,
2024-12-04 11:12:41,,,37.5483778966132,,,,,,
2024-12-04 11:13:42,,,37.58869875222817,,,,,,
2024-12-04 11:14:44,,,,,,,,,
2024-12-04 11:16:46,,,,,,,33.34156862745098,,
2024-12-04 11:43:20,,,,,,,,35.70705882352941,
2024-12-04 11:44:21,,,,,,33.63725490196079,,,
2024-12-04 11:45:22,,,,,,,,,35.485294117647065
2024-12-04 11:46:23,37.702941176470596,,37.64641291810842,,,,,,35.53457516339869
2024-12-04 11:47:25,,,37.6475,,,,,,
2024-12-04 11:48:26,,,,,,,,,35.583856209150326
2024-12-04 11:49:28,,,,,,,,,35.55921568627451
2024-12-04 11:50:29,,,,,,,,,35.53457516339869
2024-12-04 11:51:30,,,37.55016993464053,,,,,,
2024-12-04 11:52:32,,,,,,,,,35.55921568627451
2024-12-04 11:56:37,,,37.502296918767506,,,,,,
2024-12-04 11:57:38,,,37.460056022408956,,,,37.48117647058824,,
2024-12-04 11:59:41,37.599450980392156,,37.407254901960776,,,,,,
2024-12-04 12:01:43,,,37.37557422969188,,,,,,
2024-12-04 12:02:45,37.61423529411765,,,,,,,,
2024-12-04 12:03:46,37.643803921568626,,,,,,,,
2024-12-04 12:04:47,37.62901960784314,,,,,,,,
2024-12-04 12:05:48,37.599450980392156,,,,,,,,
2024-12-04 12:06:50,37.643803921568626,,,,,,,,
2024-12-04 12:07:51,37.678300653594775,,,,,,,,
2024-12-04 12:08:52,37.66187363834423,,,,,,,,
2024-12-04 12:09:53,,,37.364458204334376,,,,,,
2024-12-04 12:10:55,,,37.36290196078433,,,,,,
2024-12-04 12:11:56,,,37.35445378151262,,,,,,
2024-12-04 12:12:57,37.57973856209151,,,,,,,,
2024-12-04 12:13:58,37.64544662309368,,37.32661319073084,,,,,,
2024-12-04 12:20:06,,,37.31317290552586,,,,,,
2024-12-04 12:21:07,,,37.29973262032086,,,,,,
2024-12-04 12:22:09,,,37.29301247771837,,,,,,
2024-12-04 12:23:10,,,37.27285204991088,,,,,,
2024-12-04 12:24:11,,,37.279572192513385,,,,,,
2024-12-04 12:25:13,,,37.27285204991088,,,,,,
2024-12-04 12:26:14,,,37.27285204991088,,,,37.333333333333336,,
2024-12-04 12:27:15,,,37.26905370843991,,,,,,
2024-12-04 12:29:18,,,37.27789215686275,,,,,,
2024-12-04 12:30:19,,,37.280109803921576,,,,,,
2024-12-04 12:31:20,,,37.28784313725491,,,,,,
2024-12-04 12:32:21,,,37.28602352941177,,,,,,
2024-12-04 12:33:22,,,37.29193725490197,,,,37.333333333333336,,
2024-12-04 12:34:23,,,,,,,,,
2024-12-04 12:35:25,,,37.2878431372549,,,,,,
2024-12-04 12:36:26,,,37.29352941176471,,,,37.333333333333336,,
2024-12-04 12:37:27,,,37.29193725490197,,,,,,
2024-12-04 12:38:29,,,37.28405228758171,,,,,,
2024-12-04 12:39:30,,,37.28833759590794,,,,,,
2024-12-04 12:41:33,,,,,,37.333333333333336,,36.06610644257703,
2024-12-04 12:42:34,,,,,,37.333333333333336,,,
2024-12-04 12:43:35,,,,,,37.629019607843134,,,
2024-12-04 12:44:37,,,37.28664602683179,,,,37.333333333333336,,
2024-12-04 12:46:40,,,37.27886480908154,,,,,,
2024-12-04 12:47:41,,,37.2866460268318,,,,,,
2024-12-04 12:48:42,,,37.27886480908154,,,,,,
2024-12-04 12:50:44,38.07254901960785,37.333333333333336,,,,,,,
2024-12-04 12:51:46,,,37.24773993808051,,,,,36.09145098039217,
2024-12-04 12:52:47,,,37.251198257080624,,,,,36.09682709447416,
2024-12-04 12:53:48,,,37.27583877995643,,,,,36.11026737967915,
2024-12-04 12:54:50,,,37.242984749455346,,,,,,
2024-12-04 12:55:51,,,,,,,,36.08338680926917,
2024-12-04 12:57:53,,,,,,,,36.06994652406418,
2024-12-04 12:58:54,,,,,,,,36.09682709447416,
2024-12-04 12:59:56,,,,,,,,36.08338680926917,
2024-12-04 13:00:57,,,,,36.00274509803921,,,,36.15058823529412
2024-12-04 13:01:58,,,,,,,,36.07666666666667,
2024-12-04 13:03:00,,,,,,,,36.10623529411765,
2024-12-04 13:04:01,,,37.36290196078431,,,,,,
2024-12-04 13:05:02,,,37.377686274509806,,,,,,
2024-12-04 13:06:03,,,37.39986274509804,,,,,,
2024-12-04 13:10:08,,,,,,,,,
2024-12-04 13:11:09,,,37.41464705882352,,,,,36.258110516934046,
2024-12-04 13:13:12,,,,,,,,36.325311942959004,
2024-12-04 13:30:33,,,37.43682352941176,,,,,,
2024-12-04 13:31:34,,,,,,,,,
2024-12-04 13:32:36,,,37.43682352941177,,,,,,
2024-12-04 13:33:37,,,37.45301587301587,,,,,,
2024-12-04 13:34:38,,,37.467096171802055,,,,,,
2024-12-04 13:35:39,,,37.454295900178245,36.04498599439776,,,,,
2024-12-04 13:36:41,,,37.42975277067349,,,,,,
2024-12-04 13:41:47,,,,36.00274509803921,,,,,
2024-12-04 13:43:50,,,37.445694117647065,,,,,,
2024-12-04 13:44:51,,,37.43,35.94730392156863,,,,,
2024-12-04 13:45:52,,,37.43000000000001,35.96578431372549,,,,,
2024-12-04 13:46:54,,,37.43568627450981,35.94730392156863,,,,38.22039215686274,
2024-12-04 13:47:55,,,37.43978039215687,35.96578431372549,,,,,
2024-12-04 13:48:56,,,,35.98426470588235,,,,,
2024-12-04 13:53:01,,,37.48117647058823,,,,,36.59411764705882,
2024-12-04 13:57:06,,,37.50483137254902,,,,,,
2024-12-04 13:58:08,,,37.51074509803922,,,,,,
2024-12-04 13:59:09,37.77686274509804,,37.510745098039216,,,,,,
2024-12-04 14:00:10,,,37.50581699346406,,,,37.629019607843134,,
2024-12-04 14:02:12,37.90006535947712,,,,,,,,
2024-12-04 14:03:14,,,37.518137254901966,,,,,,
2024-12-04 14:04:15,,,,,,,,,
2024-12-04 14:05:16,,,37.49349673202615,36.1259477124183,,,37.48117647058824,,
2024-12-04 14:06:18,37.90006535947712,,37.48709019607844,,,,,,
2024-12-04 14:08:20,,,37.49300392156863,,,,37.48117647058824,,
2024-12-04 14:10:23,,,37.47526274509804,,,,37.45653594771242,,
2024-12-04 14:12:25,,,37.45160784313726,,,,,,
2024-12-04 14:13:27,37.924705882352946,,,,,,,,
2024-12-04 14:14:28,37.86134453781513,,,,,,,,
2024-12-04 14:17:32,,,37.3924705882353,,,,,,
2024-12-04 14:18:33,,,37.37029411764706,,,,,,
2024-12-04 14:19:35,,,37.38475703324809,,,,,,
2024-12-04 14:20:36,,,37.3870944741533,,,37.92470588235294,,,
2024-12-04 14:21:37,37.82614379084968,,,,,,,,
2024-12-04 14:22:39,37.82614379084968,,37.35550980392158,,,,,,
2024-12-04 14:23:40,,,37.34811764705883,,,,37.41781512605042,,
2024-12-04 14:24:41,,,37.35667698658411,,,,,,
2024-12-04 14:25:43,,,37.3744008714597,,,,,,
2024-12-04 14:26:44,,,37.39904139433551,,,,37.431895424836604,,
2024-12-04 14:27:45,,,37.415468409586055,,,,,,
2024-12-04 14:28:46,,,37.42899653979239,,,,37.45653594771242,,
2024-12-04 14:29:48,,,37.42573529411764,,,,37.45160784313725,,
2024-12-04 14:30:49,,,37.39801470588235,,,,37.1362091503268,,
2024-12-04 14:31:50,37.48117647058824,,,,,,,,
2024-12-04 14:34:54,,,,,,,,36.91444444444445,
2024-12-04 14:35:56,,,,,,,,36.71732026143791,
2024-12-04 14:36:57,,,,,,,,36.71732026143791,
2024-12-04 14:37:58,,,,,,,,36.71732026143791,
2024-12-04 14:48:10,,,,,,,,,
2024-12-04 14:54:18,,37.629019607843134,,,,,,,
2024-12-04 14:57:22,,35.85490196078432,,,,,,,
2024-12-04 14:59:24,,36.44627450980393,,,,35.115686274509805,,,
2024-12-04 16:15:58,,,,,,,,36.57299719887955,
2024-12-04 16:27:12,,,37.30376470588235,,,,,,
2024-12-04 16:37:25,,,37.30047930283225,,,,,,
2024-12-04 16:48:38,,,,,,,36.520196078431375,36.59411764705883,
2024-12-04 16:58:51,37.94113289760348,,,,,,,,
2024-12-04 17:01:55,,,37.41781512605042,,,,36.50541176470588,,
2024-12-04 17:02:57,,,37.502296918767506,,,,35.41137254901961,,
2024-12-04 17:03:58,,,,34.2286274509804,,,,,
2024-12-04 17:04:59,,,,34.2286274509804,,,,,
2024-12-04 17:12:08,38.07254901960784,,,,,,,,
2024-12-04 17:13:09,38.09718954248367,,,,,,,,
2024-12-04 17:14:11,38.12183006535948,,,,,,,,
2024-12-04 17:19:17,38.10666666666667,,,,,,,,
2024-12-04 17:20:18,,,37.50581699346406,36.59411764705882,,,,36.44627450980393,
2024-12-04 17:21:19,38.07254901960785,,,,,,,,
2024-12-04 17:26:26,38.09529411764706,,,,,,,,
2024-12-04 17:27:27,38.10666666666667,,,,,,,,
2024-12-04 17:28:28,38.118039215686274,,,,,,,,
2024-12-04 17:32:34,,,,,,,36.25407843137255,,
2024-12-04 17:34:36,,,37.3518137254902,,,,36.0684531590414,,
2024-12-04 17:36:38,38.06198879551822,,,,,,,,
2024-12-04 17:39:42,,,37.40725490196078,,,,,,
2024-12-04 17:40:43,38.06330882352941,,,,,,,,
2024-12-04 17:42:45,38.06330882352941,,,,,,,,
2024-12-04 17:43:47,,,,,,,,,
2024-12-04 17:45:49,,,,,,,36.19282913165266,,
2024-12-04 17:46:51,,,,,,,36.19282913165266,,
2024-12-04 17:47:52,38.029065743944635,,,,,,,,
2024-12-04 17:53:59,,,,,,,,,
2024-12-04 17:55:01,,,,,,,36.192829131652665,,
2024-12-04 17:56:02,,,37.48117647058823,,,,36.21394957983193,,
2024-12-04 17:57:03,,,,,,,36.23507002801121,,
2024-12-04 17:58:04,,,37.354453781512596,,,,,,
2024-12-04 17:59:06,38.07254901960784,,,,,,,,
2024-12-04 18:00:07,,,37.37557422969188,,,,,,
2024-12-04 18:01:08,38.04790849673203,,37.33333333333333,,,,,,
2024-12-04 18:02:10,38.03776239907728,,,,,,,,
2024-12-04 18:03:11,38.046459054209926,,,,,,,,
2024-12-04 18:05:14,,,,,,,,,
2024-12-04 18:07:16,38.05406862745098,,,,,,,,
2024-12-04 18:08:17,37.92470588235294,,,,,,,,
2024-12-04 18:10:20,37.924705882352946,,,,,,,35.884470588235295,
2024-12-04 18:11:21,37.84257080610021,,,,,,,,
2024-12-04 18:12:23,37.858997821350755,,,,,,,35.82533333333333,
2024-12-04 18:13:24,37.86245614035088,,,,,,,35.82533333333333,
2024-12-04 18:14:25,37.88035294117647,,,,,,,,
2024-12-04 18:15:27,37.875424836601304,,,,,,,,
2024-12-04 18:16:28,,,37.239251336898405,,,,,,
2024-12-04 18:17:29,37.873282182438196,,,,,,,35.884470588235295,
2024-12-04 18:19:31,37.873282182438196,,,,,,,,
2024-12-04 18:20:33,,,37.082,,,,36.59411764705882,,
2024-12-04 18:21:34,,,37.00479302832244,,,,,,
2024-12-04 18:22:35,,,,,,,,,
2024-12-04 18:26:40,37.875424836601304,,,36.15058823529412,,,,,
2024-12-04 18:27:42,,,37.03764705882353,,,,33.93294117647059,,
2024-12-04 18:28:43,37.88922352941177,,37.02286274509804,,,,,,
2024-12-04 18:29:44,37.877396078431374,,,,,,,,
2024-12-04 18:30:45,,,,,,,,,
2024-12-04 18:31:46,37.82417254901961,,,,,,,,
2024-12-04 18:32:48,37.80150326797386,,,,,,,,
2024-12-04 18:33:49,37.78918300653595,,37.104848484848496,,,,,,
2024-12-04 18:34:50,37.7953431372549,,37.104848484848496,,,,,,
2024-12-04 18:35:51,37.77070261437908,,37.091408199643496,,,,,,
2024-12-04 18:36:53,37.80150326797386,,37.10484848484849,,,,,,
2024-12-04 18:38:55,37.78329070758738,,,,,,,,
2024-12-04 18:40:58,37.776862745098036,,,,,,,,
2024-12-04 18:41:59,37.776862745098036,,,,,,,,
2024-12-04 18:43:00,37.78358288770053,,,,,,,,
2024-12-04 18:45:03,37.78358288770053,,37.037647058823524,,,,,,
2024-12-04 18:46:04,37.797023172905526,,,,,,,,
2024-12-04 18:47:06,37.783290707587376,,,,,,,,
2024-12-04 18:48:07,37.803743315508015,,,,,,,,
2024-12-04 18:51:11,37.81910364145658,,,,,,,,
2024-12-04 18:52:12,,,,,,,,,
2024-12-04 18:53:13,,,36.878431372549024,,,,,,
2024-12-04 18:56:17,37.83435729847494,,,,,,,,
2024-12-04 18:57:18,37.82034602076125,,,,,,,,
2024-12-04 19:01:24,37.83230392156863,,,,,,,,
2024-12-04 19:02:25,,,36.900364145658266,,,,,,
2024-12-04 19:03:26,,,36.87924369747899,36.00274509803921,,,36.29843137254902,,
2024-12-04 19:04:28,,,36.86023529411764,36.00274509803921,,,36.44627450980393,,
2024-12-04 19:05:29,,,,36.15058823529412,,,,,
2024-12-04 19:06:30,,,36.837623990772784,36.00274509803921,,,,,
2024-12-04 19:07:32,,,,36.00274509803921,,,,,
2024-12-04 19:08:33,37.79798319327732,,,,,,,,
2024-12-04 19:09:34,37.776862745098036,,,,,,,,
2024-12-04 19:10:35,,,36.80766884531591,,,,,,
2024-12-04 19:11:36,,,36.734179566563476,,,,,,
2024-12-04 19:13:39,,,36.7108359133127,,,,,,
2024-12-04 19:14:39,,,36.76413725490197,,,,,,
2024-12-04 19:15:41,,,36.76413725490197,,,,,,
2024-12-04 19:16:42,,,36.77892156862745,,,,,,
2024-12-04 19:23:51,,,36.75674509803922,,,,,,
2024-12-04 19:24:53,,,36.75604108309991,,,,,,
2024-12-04 19:25:54,,,36.720840336134465,,,,,,
2024-12-04 19:31:01,37.72758169934641,,36.713800186741366,,,,,,
2024-12-04 19:32:02,37.72758169934641,,36.68563958916901,,,,,,
2024-12-04 19:33:03,37.7152614379085,,36.70836007130126,,,,,,
2024-12-04 19:34:04,37.73137254901961,,36.69267973856209,,,,,,
2024-12-04 19:37:08,37.73462184873949,,,,,,,,
2024-12-04 19:38:09,,,,,,,,,
2024-12-04 19:42:15,,,,,,,,,
2024-12-04 19:44:17,,,,,,,,,
2024-12-04 19:45:18,,,,,,,,33.93294117647059,
2024-12-04 20:07:45,37.6881568627451,,36.73456862745098,,,,,,
2024-12-04 20:08:47,37.67522058823529,,36.741960784313726,,,,,,
2024-12-04 20:09:48,37.69370098039215,,,,,,,,
2024-12-04 20:10:49,37.68446078431372,,,,,,,,
2024-12-04 20:12:51,,,36.8980174291939,,,,,,
2024-12-04 20:13:53,37.68446078431372,,36.91589388696656,,,,,,
2024-12-04 20:17:58,,,36.88980392156863,,,,,,
2024-12-04 20:21:02,,,36.92676470588235,,,,,,
2024-12-04 20:27:09,,,36.936004901960786,,,,,,
2024-12-04 20:30:13,37.65858823529411,,,,,,,,
2024-12-04 20:33:16,37.66844444444444,,,,,,,,
2024-12-04 20:37:21,37.698013071895424,,,,,,,,
2024-12-04 20:38:22,37.74518207282913,,36.959377162629764,,,,,,
2024-12-04 20:39:23,,,37.081130334486744,,,,,,
2024-12-04 20:40:24,,,,,,,36.15058823529412,,
2024-12-04 20:43:28,37.767622549019606,,,,,,,,
2024-12-04 20:44:30,37.81382352941176,37.48117647058824,,,,,,,
2024-12-04 20:53:41,,37.77686274509804,,,,,,,
2024-12-04 20:57:46,,,37.07707189542484,,,,,,
2024-12-04 20:59:48,,,37.086928104575165,,,,,,
2024-12-04 21:03:53,,37.48117647058824,,,,,,,
2024-12-04 21:11:02,,,37.23098039215687,,,,,,
2024-12-04 21:17:09,37.79960784313725,,,,,,,,
2024-12-04 21:20:13,,,37.25269162210339,,,,,,
2024-12-04 21:22:16,37.81098039215686,,37.225811051693405,,,,,,
2024-12-04 21:29:25,37.82235294117647,,37.21237076648842,,,,,,
2024-12-04 21:35:32,37.810980392156864,,,,,,,,
2024-12-04 21:37:35,,,37.266131907308385,,,,,,
2024-12-04 21:39:38,37.87921568627451,,37.11828877005348,,,,,,
2024-12-04 21:41:40,,,37.15592156862745,,,,,,
2024-12-04 21:44:44,37.90358543417367,,,,,,,,
2024-12-04 21:46:47,37.882464985994396,,,,,,,,
2024-12-04 21:49:51,,,,,,,,,33.0163137254902
2024-12-04 21:50:52,,,,,,,,,33.075450980392155
2024-12-04 21:51:54,,,,,,,,,33.04588235294118
2024-12-04 21:55:59,,,,,,,,,33.13458823529412
2024-12-04 21:59:03,,,,,,,,33.04588235294118,
2024-12-04 22:01:05,,,,,,,,,32.98674509803921
2024-12-04 22:05:10,,,,,,,,33.19372549019608,
2024-12-04 22:06:11,,,37.01793464052288,,,,,,
2024-12-04 22:07:13,37.96166666666666,,,,,,,,
2024-12-04 22:13:20,37.97846702317291,,,,,,,,
2024-12-04 22:15:22,37.92470588235294,,,,,,,,
2024-12-04 22:16:24,37.909921568627446,,37.07460784313726,,,,,,
2024-12-04 22:17:25,37.908278867102396,,,,,,,,
2024-12-04 22:19:28,,,37.04688725490196,,,,,,
2024-12-04 22:20:29,37.92470588235294,,,,,,,,
2024-12-04 22:21:30,,,37.046343713956176,,,,36.741960784313726,,
2024-12-04 22:31:42,37.86134453781512,37.48117647058824,36.99657952069717,,,,,,
2024-12-04 22:33:45,,,37.02122004357298,,,,,,
2024-12-04 22:35:47,,,36.967616099071215,,,,,,
2024-12-04 22:37:50,,37.06721568627451,36.99329411764707,,,,,,
2024-12-04 22:38:51,,,36.96724556489263,,,,,,
2024-12-04 22:39:52,,,37.004046345811055,,,,,,
2024-12-04 22:40:53,,,37.004046345811055,,,,,,
2024-12-04 22:41:55,,,37.030926916221034,,,,,,
2024-12-04 22:42:56,,,37.010766488413545,,,,,,
2024-12-04 22:43:57,,,,,,,,,
2024-12-04 22:44:58,,,37.063358908780906,,,,,,
2024-12-04 22:46:00,,,37.06452762923351,,,,,,
2024-12-04 22:47:01,,,37.071247771836006,,,,,,
2024-12-04 22:49:03,,36.96372549019608,37.07284780578899,,,,,,
2024-12-04 22:50:05,,36.9883660130719,,,,,,,
2024-12-04 22:51:06,,36.963725490196076,37.08939215686275,,,,,,
2024-12-04 22:58:15,,,,,,,,,
2024-12-04 23:03:21,,,37.13102167182662,,,,,,
2024-12-04 23:05:23,,,37.12324045407636,,,,,,
2024-12-04 23:08:27,,,37.08433436532508,,,,,,
2024-12-04 23:09:28,,,37.11545923632611,,,,,,35.115686274509805
2024-12-04 23:10:30,,36.59411764705882,,,,,,,
2024-12-04 23:11:31,,,37.12461361014994,,,,,,
2024-12-04 23:12:32,37.790303030303036,,,,,,,,
2024-12-04 23:15:36,,,37.11649673202614,,,,,,
2024-12-04 23:16:37,,,,,,,,37.92470588235294,
2024-12-04 23:22:45,37.81382352941177,,,,,,,,
2024-12-04 23:24:48,37.8631045751634,,,,,,,,
2024-12-04 23:35:00,37.81098039215687,,,,,,,,
2024-12-04 23:44:11,,,,,,,,,
2024-12-04 23:47:15,,,,,,,35.55921568627451,,
2024-12-04 23:48:16,37.83372549019608,,,,,,,,
2024-12-04 23:49:17,37.83372549019608,,37.05504036908881,,,,37.77686274509804,,
2024-12-04 23:54:24,37.83372549019608,,37.08982698961938,,,,,,
2024-12-04 23:58:29,37.82966386554621,,37.17625,,,,,,
2024-12-05 00:02:34,,,37.08384803921569,,,,,,
2024-12-05 00:03:35,,,,,,,,36.29843137254902,
2024-12-05 00:04:36,37.788235294117655,,,,,,,,
2024-12-05 00:05:37,37.78742296918768,,,,,,,,
2024-12-05 00:07:40,37.766302521008406,,,,,,,,
2024-12-05 00:08:41,,,37.13268907563025,,,,,,
2024-12-05 00:09:43,,,37.13268907563025,,,,,,
2024-12-05 00:10:44,,,37.14606535947713,,,,,,
2024-12-05 00:11:45,37.855712418300655,,37.148529411764706,,,,,,
2024-12-05 00:12:46,,,37.16809688581314,,,,,,
2024-12-05 00:14:49,,,37.150703575547865,,,,,,
2024-12-05 00:17:52,,,37.09514161220043,,,,,,
2024-12-05 00:18:54,,,37.1154592363261,,,,,,
2024-12-05 00:21:57,,,37.06877192982456,,,,,,
2024-12-05 00:24:00,37.95427450980392,,,,,,,,
2024-12-05 00:25:01,,,37.05504036908881,,,,,,
2024-12-05 00:27:03,,,,,,,,34.9678431372549,
2024-12-05 00:29:06,,,,35.85490196078432,,,,,
2024-12-05 00:30:07,37.95427450980392,,,,,,,,
2024-12-05 00:31:08,37.95427450980392,,,,,,,,
2024-12-05 00:32:10,37.94113289760348,,,,,,,,
2024-12-05 00:33:11,,,,,,,,,
2024-12-05 00:35:13,,,36.971117647058826,,,,,,
2024-12-05 00:37:16,37.92470588235294,,36.975397316821464,,,,,,
2024-12-05 00:38:18,,,36.9883660130719,,,,,,
2024-12-05 00:40:20,,,,,,,,,34.9678431372549
2024-12-05 00:42:23,,,37.04688725490196,,,,,,
2024-12-05 00:43:24,,,36.954485294117646,,,,,34.6721568627451,
2024-12-05 00:44:25,,,36.936004901960786,,,,,,
2024-12-05 00:45:26,,36.35756862745098,,,,,,,
2024-12-05 00:47:29,,,,,,,,,
2024-12-05 00:51:34,,,36.899660130718964,,,,,,
2024-12-05 00:52:35,38.035588235294114,,36.89904411764706,,,,,,
2024-12-05 00:53:37,37.99862745098039,,36.8528431372549,,,,,,
2024-12-05 00:54:38,38.035588235294114,,36.85501730103806,,,,,,
2024-12-05 00:55:39,,,36.873376906318086,,,,,,
2024-12-05 00:56:40,,,36.95983488132095,,,,,,
2024-12-05 00:58:43,,,,,,,,34.93827450980392,
2024-12-05 01:00:45,,36.53498039215686,,,,,,,
2024-12-05 01:01:46,,36.44627450980392,,,,,,,
2024-12-05 01:02:48,,36.38713725490196,,,,,,34.90870588235295,
2024-12-05 01:03:49,,36.327999999999996,,,,,,34.84956862745098,
2024-12-05 01:04:50,,,,,,,,,
2024-12-05 01:05:52,37.954274509803916,,36.94894117647058,,,,,,35.115686274509805
2024-12-05 01:06:53,,,,,,,,34.82,
2024-12-05 01:07:54,,,,,,,,35.26352941176471,
2024-12-05 01:09:56,,,36.9341568627451,,,,,,
2024-12-05 01:10:57,,,36.919372549019606,,,,,,
2024-12-05 01:11:59,,,36.9341568627451,,,,,,
2024-12-05 01:13:00,38.22039215686274,,36.91937254901961,,,,,,
2024-12-05 01:20:08,,,,,,,,,
2024-12-05 01:21:10,,,36.84545098039216,,,,,,
2024-12-05 01:24:13,,,36.882411764705886,,,,,,
2024-12-05 01:27:18,,,36.875723622782445,,,,,,
2024-12-05 01:28:19,,,36.86164332399627,,,,,,
2024-12-05 01:29:20,,,36.85460317460318,,,,,,
2024-12-05 01:30:21,,,36.86164332399627,,,,,,
2024-12-05 01:31:23,,,36.86868347338936,,,,,,
2024-12-05 01:33:25,38.02326797385621,,,,,,,,
2024-12-05 01:34:26,37.98384313725491,,,,,,,,
2024-12-05 01:35:27,,36.88980392156863,,,,,,,
2024-12-05 01:37:30,,,36.89652406417113,,,,,,
2024-12-05 01:38:31,,,36.88308377896614,,,,,,
2024-12-05 01:43:37,,,36.87636363636364,,,,,,
2024-12-05 01:46:41,,36.44627450980393,36.90996434937612,,,,,,
2024-12-05 01:47:42,,,36.88980392156863,,,,,,
2024-12-05 01:51:47,,,36.812362278244635,,,,,,
2024-12-05 01:52:48,,,36.77892156862745,,,,,,
2024-12-05 01:53:50,,,36.780866873065015,,,,,,
2024-12-05 01:55:52,,,,,,,,35.55921568627451,
2024-12-05 01:57:54,,,,,,,,35.115686274509805,
2024-12-05 01:58:56,37.92470588235294,,,,,,,,
2024-12-05 01:59:57,37.77686274509804,,,,,,,,
2024-12-05 02:00:58,37.92470588235294,,,,,,,,
2024-12-05 02:01:59,,,36.80664215686275,,,,,,
2024-12-05 02:03:01,,,36.80283737024222,,,,,,
2024-12-05 02:04:02,,,36.79945533769064,,,,,,
2024-12-05 02:05:03,,,36.692679738562084,,,,,,
2024-12-05 02:06:04,,,36.56947712418301,,,,,,
2024-12-05 02:08:07,,,36.541937716262986,,,,,,
2024-12-05 02:09:08,,,36.45497116493657,,,,,,34.9678431372549
2024-12-05 02:11:11,,36.88980392156863,,,,,,,
2024-12-05 02:12:12,,36.59411764705882,,,,,,,
2024-12-05 02:13:13,,36.88980392156863,,,,,,,
2024-12-05 02:19:20,,,36.39347338935574,,,,,35.33745098039216,
2024-12-05 02:21:23,,,,,,,,35.293098039215685,
2024-12-05 02:22:24,,,,,,,,35.26352941176471,
2024-12-05 02:23:25,,,,,,,,35.26352941176471,
2024-12-05 02:24:26,,,,,,,,35.55921568627451,
2024-12-05 02:28:31,,,36.32307189542484,,,,,,
2024-12-05 02:34:39,,,36.38056644880175,,,,,,
2024-12-05 02:35:40,,,36.368004613610154,,,,,,
2024-12-05 02:40:46,,,,,,,,,
2024-12-05 02:41:47,37.17070588235295,,36.45613071895425,,,,,,
2024-12-05 02:42:49,37.15592156862745,,,,,,,,
2024-12-05 02:43:50,37.17204991087345,,36.33785620915033,,,,,,
2024-12-05 02:45:52,,,,,,,34.6721568627451,,
2024-12-05 02:46:54,,,,,,,34.2286274509804,,
2024-12-05 02:47:55,,,,,,,34.37647058823529,,
2024-12-05 02:50:59,,,36.141348039215686,,,,,,
2024-12-05 02:52:00,37.16436974789916,,,,,,,,
2024-12-05 02:57:07,,,36.333217993079586,,,,,,
2024-12-05 02:59:10,37.12635294117647,,36.25494809688581,,,,,,
2024-12-05 03:00:11,37.09308823529412,,36.25494809688581,,,,,,
2024-12-05 03:01:12,37.15940023068051,,36.282004357298476,,,,,,
2024-12-05 03:02:14,37.14442265795207,,36.18537485582468,,,,,,
2024-12-05 03:03:15,37.16084967320261,,,,,,,,
2024-12-05 03:04:16,37.17727668845316,,,,,,,,
2024-12-05 03:05:17,37.16084967320261,,,,,,,,
2024-12-05 03:06:19,,,36.55063437139561,,,,,,
2024-12-05 03:09:23,37.237670126874285,,36.5680276816609,,,,,,
2024-12-05 03:10:24,37.28115340253749,,36.65879901960784,,,,,,
2024-12-05 03:11:25,,36.15058823529412,36.64955882352941,,,,,,
2024-12-05 03:14:29,37.348895768833856,,,,,,,,
2024-12-05 03:15:30,37.34811764705882,,,,,,,,
2024-12-05 03:17:33,,37.629019607843134,36.59411764705882,,,,,,
2024-12-05 03:19:35,,37.03764705882353,36.626971677559915,,,,,,
2024-12-05 03:21:38,37.417815126050414,,,,,,,,
2024-12-05 03:22:39,,,,,,,,,
2024-12-05 03:23:41,37.396694677871146,,36.750174291939,,,,,,
2024-12-05 03:26:45,37.431895424836604,,,,,,,,
2024-12-05 03:30:49,,,36.750174291939,,,,,,
2024-12-05 03:31:51,,,36.750174291939,,,,,,
2024-12-05 03:32:52,,,36.75752321981424,,,,,,
2024-12-05 03:33:53,,,36.78864809081527,,,,,,
2024-12-05 03:35:55,37.466392156862746,,,,,,,,
2024-12-05 03:40:00,37.49596078431372,,,,,,,,
2024-12-05 03:41:01,37.51813725490196,,,,,,,,
2024-12-05 03:42:03,37.51637721755368,,36.96372549019608,,,,,,
2024-12-05 03:43:04,37.547705882352936,,36.99416378316033,,,,,,
2024-12-05 03:46:08,,,36.99416378316033,,,,,,
2024-12-05 03:47:09,37.566769865841074,,,,,,,,
2024-12-05 03:48:10,37.566769865841074,,36.95068050749712,,,,,,
2024-12-05 03:49:11,37.60437908496731,,36.93908496732027,,,,,,
2024-12-05 03:50:13,37.64641291810842,,36.93649122807018,,,,,,
2024-12-05 03:53:16,37.65510957324106,,36.94729847494554,,,,,,
2024-12-05 03:54:17,,,36.94729847494554,,,,,,
2024-12-05 03:55:18,,,,,,,,,
2024-12-05 03:56:20,,36.94894117647059,36.899044117647065,,,,,,
2024-12-05 03:57:21,37.66792569659442,,,,,,,,
2024-12-05 03:58:22,37.71033333333333,,,,,,,,
2024-12-05 03:59:23,37.72511764705882,,36.86868347338935,,,,,,
2024-12-05 04:00:24,37.747294117647066,,,,,,,,
2024-12-05 04:01:25,37.695549019607846,,,,,,,,
2024-12-05 04:02:27,,36.98836601307189,36.85037908496732,,,,,,
2024-12-05 04:03:28,,36.95316526610644,,,,,,,
2024-12-05 04:04:29,,,,,,,,,
2024-12-05 04:05:30,,,36.86705882352941,,,,,,
2024-12-05 04:06:31,,,36.85568627450981,,,,,,
2024-12-05 04:07:33,,36.88980392156863,36.8528431372549,,,,,,
2024-12-05 04:08:34,37.6638062283737,,,,,,,,
2024-12-05 04:09:35,37.66598039215686,,,,,,,,
2024-12-05 04:10:37,,36.88980392156863,,,,,,,
2024-12-05 04:11:38,37.712181372549026,,,,,,,,
2024-12-05 04:12:39,37.70728950403691,,,,,,,,
2024-12-05 04:13:41,37.68989619377163,,,,,,,,
2024-12-05 04:14:42,37.67250288350635,,,,,,,,
2024-12-05 04:15:43,37.67522058823529,,,,,,,,
2024-12-05 04:16:44,,,36.95140522875817,,,,,,
2024-12-05 04:17:46,,36.95140522875817,36.96941176470588,,,,,,
2024-12-05 04:18:47,,37.0006862745098,,,,,,,
2024-12-05 04:19:48,,37.025326797385624,,,,,,,
2024-12-05 04:23:53,37.5403137254902,,,,,,,,
2024-12-05 04:27:58,,37.014901960784314,36.97428571428571,,,,,,
2024-12-05 04:28:59,,37.016526610644256,,,,,,,
2024-12-05 04:31:02,37.55016993464053,,37.027086834733886,,,,,,
2024-12-05 04:32:03,,,37.05735947712419,,,,,,
2024-12-05 04:33:05,37.555098039215686,,37.05735947712419,,,,,,
2024-12-05 04:34:06,,37.03764705882353,,,,,,,
2024-12-05 04:35:07,37.49103267973856,,,,,,,,
2024-12-05 04:37:10,37.45160784313725,,,,,,,,
2024-12-05 04:38:11,37.40232679738562,,,,,,,,
2024-12-05 04:41:15,,37.00596638655462,37.09211558307534,,,,,,
2024-12-05 04:42:16,,37.00596638655462,37.111568627450986,,,,,,
2024-12-05 04:43:18,,,37.02286274509804,,,,,,
2024-12-05 04:44:19,,37.02627450980392,37.067215686274515,,,,,,
2024-12-05 04:45:20,,37.03764705882353,37.07988795518208,,,,,,
2024-12-05 04:46:21,,37.037647058823524,37.104848484848496,,,,,,
2024-12-05 04:47:22,,37.086928104575165,37.10192668371697,,,,,,
2024-12-05 04:48:24,,37.0779679144385,37.108354646206315,,,,,,
2024-12-05 04:49:25,,,37.105408496732025,,,,,,
2024-12-05 04:50:26,,37.155921568627456,37.12388888888889,,,,,,
2024-12-05 04:51:28,37.210130718954254,,,,,,,,
2024-12-05 04:52:29,37.27957219251337,37.1362091503268,37.153350383631725,,,,,,
2024-12-05 04:53:30,37.1362091503268,,37.12388888888889,,,,,,
2024-12-05 04:54:31,37.03764705882353,,37.031733333333335,,,,,,
2024-12-05 04:55:33,37.010766488413545,,,,,,,,
2024-12-05 04:56:34,36.99329411764707,,37.02581960784314,,,,,,
2024-12-05 04:58:36,,,37.01399215686274,,,,,,
2024-12-05 04:59:38,,,,,,,,,
2024-12-05 05:00:39,36.95700534759359,,36.98622335890878,,,,,,
2024-12-05 05:02:41,37.0779679144385,,36.99060606060606,,,,,,
2024-12-05 05:05:45,,,36.9883660130719,,,,,,
2024-12-05 05:10:52,,36.79572192513369,37.02286274509804,,,,,,
2024-12-05 05:11:53,,,37.02208462332301,,,,,,
2024-12-05 05:12:54,,,37.02208462332302,,,,,,
2024-12-05 05:13:56,,,36.9883660130719,,,,,,
2024-12-05 05:14:57,,36.705,36.9680738177624,,,,,,
2024-12-05 05:15:58,,36.75838779956427,,,,,,,
2024-12-05 05:19:02,37.11978213507625,,37.00992647058824,,,,,,
2024-12-05 05:20:03,,,,,,,,,
2024-12-05 05:23:06,,36.59411764705882,,,,,,,
2024-12-05 05:24:08,,36.59411764705882,,,,,,,
2024-12-05 06:16:11,,36.7078431372549,36.878431372549024,,,,,,
2024-12-05 06:29:28,36.97850980392157,,,,,,,,
2024-12-05 06:34:34,,36.751816993464054,,,,,,,
2024-12-05 06:35:35,37.18549019607843,,,,,,,,
2024-12-05 06:38:39,,,,,,,,36.29843137254902,
2024-12-05 06:39:40,,,,,,,,36.29843137254902,
2024-12-05 06:49:52,,,,36.82820261437908,,,,,
2024-12-05 06:50:54,,,36.6926797385621,36.82820261437908,,,,,
2024-12-05 07:00:05,,,,36.82820261437908,,,,,
2024-12-05 07:01:07,,,,36.840522875816994,,,,,
2024-12-05 07:04:10,,36.44627450980393,,,,,,,
2024-12-05 07:07:14,,36.4093137254902,,,,,,,
2024-12-05 07:08:15,,36.228029878618116,,36.840522875816994,,,,,
2024-12-05 07:09:17,,36.192829131652665,,36.840522875816994,,,,,
2024-12-05 07:10:18,,36.12946778711485,,36.82820261437909,,,,,
2024-12-05 07:11:19,,35.98866479925304,,,,,,,
2024-12-05 07:12:20,,35.904183006535945,,36.82820261437909,,,,36.15058823529412,
2024-12-05 07:13:21,,35.80114081996435,,36.82820261437909,,,,,
2024-12-05 07:14:23,,35.78098039215686,,36.840522875816994,,,,36.00274509803921,
2024-12-05 07:15:24,,35.73919863597614,,,,,,,
2024-12-05 07:16:25,,35.73169934640523,,36.82820261437909,,,,,
2024-12-05 07:17:27,,,,,,,,36.88980392156863,
2024-12-05 07:19:29,,35.76392156862745,,,,,,,
2024-12-05 07:24:36,37.349760348583885,35.78666666666667,,,,,,,
2024-12-05 07:25:37,37.349760348583885,35.79466957153232,,,,,,,
2024-12-05 07:26:38,37.36618736383443,35.82850140056023,,,,,,,
2024-12-05 07:27:39,37.36290196078432,35.77276688453159,,,,,,,
2024-12-05 07:28:41,37.3870944741533,35.80372549019608,,,,,,,
2024-12-05 07:29:42,37.4195751633987,35.76619607843138,,,,,,,
2024-12-05 07:30:44,,35.65777777777778,,,,,,,
2024-12-05 07:31:45,37.428375350140065,35.662063086104006,,,,,,,
2024-12-05 07:32:46,37.46146405228759,35.61297682709448,,,,,,,
2024-12-05 07:33:48,37.46269607843138,35.5662558356676,,,,,,,
2024-12-05 07:34:49,,35.40398039215687,,,,,,,
2024-12-05 07:35:50,,35.38024767801858,,,,,,,
2024-12-05 07:36:51,,35.230675381263616,,,,,,,
2024-12-05 07:37:53,,35.115686274509805,,,,,,,
2024-12-05 07:38:54,,35.13307958477509,,,,,,,
2024-12-05 07:39:55,37.487896613190735,,,,,,,,
2024-12-05 07:40:56,,34.98755555555555,37.03764705882353,,,,,,
2024-12-05 07:41:58,,34.98896358543417,36.88980392156863,,,,,,
2024-12-05 07:42:59,37.50133689839573,,,,,,,,
2024-12-05 07:44:00,37.49461675579323,,,,,,,,
2024-12-05 07:46:03,37.49461675579323,,,,,,,,
2024-12-05 07:47:04,37.495256769374414,,,,,,,,
2024-12-05 07:48:05,37.509337068160605,,,,,,,,
2024-12-05 07:49:07,37.50335294117647,,,,,,,,
2024-12-05 07:50:08,37.527863777089784,,,,,,,,
2024-12-05 07:51:09,37.53867102396514,,,,,,,,
2024-12-05 07:52:10,37.53867102396514,,,,,,,,
2024-12-05 07:53:11,37.52008255933953,,,,,,,,
2024-12-05 07:54:13,37.49673890608875,,,,,,,,
2024-12-05 07:55:14,37.51230134158927,,,,,,,,
2024-12-05 07:56:15,37.504520123839015,,,,,,,,
2024-12-05 07:57:16,37.51403050108932,,,,,,,,
2024-12-05 07:58:18,37.51403050108932,,,,,,,,
2024-12-05 07:59:19,37.5222440087146,,,,,,,,
2024-12-05 08:00:20,37.52465974625144,,,,,,,,
2024-12-05 08:01:21,37.52737745098039,,,,,,,,
2024-12-05 08:05:27,,,,,,,,,
2024-12-05 08:13:37,,36.844313725490196,,,,,,,
2024-12-05 08:14:38,,36.85568627450981,,,,,,,
2024-12-05 08:15:39,,36.844313725490196,,,,,,,
2024-12-05 08:16:41,,36.82156862745098,,,,,,,
2024-12-05 08:17:42,,36.78745098039216,,,,,,,
2024-12-05 08:26:53,37.21717086834734,,,,,,,,
2024-12-05 08:27:54,,36.78745098039216,,,,,,,
2024-12-05 08:28:56,,36.79882352941176,,,,,,,
2024-12-05 08:29:57,,36.68915966386555,,,,,,,
2024-12-05 08:30:58,,36.71028011204482,,,,,,,
2024-12-05 08:32:00,,36.68915966386555,,,,,,,
2024-12-05 08:33:01,,36.752521008403356,,,,,,,
2024-12-05 08:34:02,,36.699719887955176,,,,,,,
2024-12-05 08:35:03,,36.72084033613446,,,,,,,
2024-12-05 08:44:15,,,,,,,33.04588235294118,,
2024-12-05 08:45:16,,,,,,,,,
2024-12-05 08:46:17,37.016526610644256,,,,,,,,
2024-12-05 08:47:18,,,35.68857843137255,,,,,,
2024-12-05 08:48:19,37.0006862745098,,35.63313725490195,,,,,,
2024-12-05 08:49:21,36.97677047289503,,35.63313725490195,,,,,,
2024-12-05 08:51:23,37.02122004357299,,,,,,,,
2024-12-05 08:52:25,,,35.641350762527225,,,,,,
2024-12-05 08:53:26,37.006522187822505,,,,,,,,
2024-12-05 08:54:27,,,35.75141176470588,,,,,,
2024-12-05 08:55:28,37.006522187822505,,35.74737967914438,,,,,,
2024-12-05 08:56:30,37.022862745098045,,35.77426024955436,,,,,,
2024-12-05 08:57:31,37.03060690943044,,,,,,,,
2024-12-05 08:58:32,37.03764705882353,,,,,,,,
2024-12-05 08:59:33,37.03121909633418,,,,,,,,
2024-12-05 09:01:36,37.05612745098039,,35.79330065359477,,,,,,
2024-12-05 09:02:37,37.062287581699344,,,,,,,,
2024-12-05 09:04:40,37.10540849673203,,,,,,,,
2024-12-05 09:05:41,37.148529411764706,,,,,,,,
2024-12-05 09:06:42,37.132266666666666,,,,,,,,
2024-12-05 09:07:43,37.13818039215686,,,,,,,,
2024-12-05 09:08:44,37.11452549019608,,35.96242424242425,,,,,,
2024-12-05 09:09:46,37.120439215686275,,,,,,,,
2024-12-05 09:10:47,37.120439215686275,,,,,,,,
2024-12-05 09:11:48,,,,,,,34.5243137254902,,
2024-12-05 09:12:50,,,35.96242424242424,,,,34.37647058823529,,
2024-12-05 09:13:51,36.575637254901956,,,,,,,,
2024-12-05 09:14:52,36.55554987212277,,,,,,,,
2024-12-05 09:15:53,36.53363636363637,,35.922103386809276,,,,,,
2024-12-05 09:16:55,36.49555555555556,,,,,,,,
2024-12-05 09:17:56,36.431490196078435,,,,,,,,
2024-12-05 09:18:57,,,35.95839215686274,,,,,,
2024-12-05 09:19:58,36.38056644880175,,,,,,,,
2024-12-05 09:20:59,36.307128027681664,,,,,,,,
2024-12-05 09:22:00,36.35061130334487,,35.93554367201426,,,,34.5243137254902,,
2024-12-05 09:23:02,36.29843137254902,,,,,,,,
2024-12-05 09:24:03,36.249150326797384,,35.975864527629234,,,,,,
2024-12-05 09:26:05,36.28857516339869,,35.94898395721925,,,,,,
2024-12-05 09:27:06,,,35.94898395721925,,,,,,
2024-12-05 09:28:07,,,,,,,,,
2024-12-05 09:31:11,,,,,,,,,34.6721568627451
2024-12-05 09:33:14,,,35.887755991285395,,,,,,
2024-12-05 09:35:17,,35.70705882352941,,,,,,34.39759103641457,
2024-12-05 09:37:19,,,35.82533333333333,,,,,,34.82
2024-12-05 09:38:20,,35.70705882352941,,,,,,34.3764705882353,
2024-12-05 09:41:24,,,,,,,,34.43191176470589,
2024-12-05 09:42:26,,,,,,,,34.39495098039216,
2024-12-05 09:43:27,,,,,,,,34.43191176470589,
2024-12-05 09:44:28,,,,,,,,,
2024-12-05 09:46:30,36.13921568627451,,35.94898395721925,,,,,,34.2286274509804
2024-12-05 09:48:33,,,,,,,,34.41343137254903,
2024-12-05 09:49:34,,,,,,,,34.24505446623094,
2024-12-05 09:50:35,35.8844705882353,,35.78098039215687,,,,,,34.031503267973854
2024-12-05 09:51:37,35.94360784313726,,,,,,,,
2024-12-05 09:52:38,35.94360784313726,,,,,,,,
2024-12-05 09:53:39,,,,,,,,,
2024-12-05 09:56:43,,,,,,,,,33.8097385620915
2024-12-05 09:58:46,37.17070588235295,,,,,,,,
2024-12-05 09:59:47,,,35.75633986928105,,,,,,
2024-12-05 10:03:52,,,35.65777777777778,,,,,,
2024-12-05 10:06:55,,,,,,,,33.93294117647059,
2024-12-05 10:11:00,37.25269162210339,,,,,,,,
2024-12-05 10:12:02,37.30869281045752,,,,,,,,
2024-12-05 10:14:04,,,35.55921568627451,,,,,,
2024-12-05 10:15:05,37.26509803921569,,35.465133689839575,,,,,,
2024-12-05 10:17:08,,,,,34.5243137254902,,,,33.19372549019608
2024-12-05 10:18:09,,,,,,,,32.75019607843137,
2024-12-05 10:19:10,,,,,,,,,33.04588235294118
2024-12-05 10:21:13,37.19605042016807,,,,,,,,
2024-12-05 10:22:14,,,,,,,,32.45450980392157,
2024-12-05 10:23:15,,,35.214248366013074,,,,,,32.75019607843137
2024-12-05 10:24:17,37.122128851540616,,,,,,,,
2024-12-05 10:25:18,,,35.29764705882353,,,,,,
2024-12-05 10:26:19,37.11649673202614,,,,33.489411764705885,,,,
2024-12-05 10:28:21,,,35.17254901960785,,,,,,
2024-12-05 10:29:23,,,,,,,35.115686274509805,,
2024-12-05 10:30:24,,,35.12705882352942,,,,,,
2024-12-05 10:34:29,37.0724336793541,,,,,,,,
2024-12-05 10:37:33,37.04634371395617,,,,,,,,
2024-12-05 10:38:34,,,35.14980392156863,,,,,,
2024-12-05 10:39:36,37.04634371395617,,,,,,,,
2024-12-05 10:40:37,37.020253748558254,,,,,,,,
2024-12-05 10:41:38,,,35.30295424836602,,,,34.82,,
2024-12-05 10:42:39,36.92092879256967,,35.42122875816994,,,,,,
2024-12-05 10:43:41,36.967616099071215,,35.45079738562092,,,,,,
2024-12-05 10:44:42,37.0154705882353,35.67749019607843,,,,,,,
2024-12-05 10:45:43,36.925004668534086,,,,,,,,
2024-12-05 10:46:45,36.86868347338935,,35.35857142857144,,,,,,
2024-12-05 10:47:46,36.90996434937612,,35.45361344537815,,,,,,
2024-12-05 10:48:47,36.936844919786104,,,,,,,,
2024-12-05 10:49:49,,35.67749019607843,35.41137254901961,,,,,,
2024-12-05 10:50:50,36.889803921568635,,,,,,,,
2024-12-05 10:51:51,36.92340463458111,,35.460653594771244,,,,,,
2024-12-05 10:52:52,36.9109243697479,35.707058823529415,,,,,,,
2024-12-05 10:53:54,,35.707058823529415,,,,,,,
2024-12-05 10:54:55,36.896524064171125,35.85490196078432,35.65161764705883,,,,,,
2024-12-05 10:55:56,,,35.70705882352941,,,,35.36913165266107,,
2024-12-05 10:56:57,36.97716577540107,,35.68096885813149,,,,,,
2024-12-05 10:57:58,36.97979539641945,,35.88099192618224,,,,,,
2024-12-05 10:58:59,36.96051150895142,,,,,,,,
2024-12-05 11:00:01,36.963725490196076,,,,,,,,
2024-12-05 11:02:03,,,,,,,,,
2024-12-05 11:03:04,37.04468720821663,,,,,36.29843137254902,,,
2024-12-05 11:04:06,36.96372549019608,,36.15058823529411,,,,,,
2024-12-05 11:05:07,36.93649122807018,,,,,,,,
2024-12-05 11:06:08,,,36.29843137254902,,,,35.485294117647065,,
2024-12-05 11:07:10,,,36.33254901960784,,,,35.485294117647065,,
2024-12-05 11:08:11,,,36.39347338935574,,,,35.485294117647065,,
2024-12-05 11:09:12,,,36.46739495798319,,,,35.436013071895424,,
2024-12-05 11:10:13,37.01793464052288,,,,,,,,
2024-12-05 11:13:17,36.998222222222225,,36.510955882352945,,,,35.28816993464053,,
2024-12-05 11:14:18,37.04820728291317,,36.58487745098039,,,,,,
2024-12-05 11:15:20,37.016526610644256,,,,,,,,
2024-12-05 11:16:21,37.03764705882354,,36.633542483660136,,,,,,
2024-12-05 11:17:22,37.03764705882354,,,,,,,,
2024-12-05 11:18:23,,,,36.15058823529412,,,,36.88980392156863,
2024-12-05 11:19:25,36.96941176470588,,,,,35.85490196078432,,,
2024-12-05 11:20:26,,,,,,,,34.82,
2024-12-05 11:21:27,,,36.71028011204481,,,,,,
2024-12-05 11:22:28,,35.70705882352941,,,,,,35.115686274509805,
2024-12-05 11:25:32,,,,,,,,33.34156862745098,
2024-12-05 11:27:34,,,,,,,,35.41137254901961,
2024-12-05 11:29:37,,,36.88980392156862,,,,,,
2024-12-05 11:32:40,,,36.97850980392157,,,,,,
2024-12-05 11:33:42,,,37.070501089324615,,,,,,
2024-12-05 11:34:43,,,37.070501089324615,,,,,,
2024-12-05 11:35:44,,,37.09308823529412,,,,,,
2024-12-05 11:36:46,,,37.10100840336134,,,,,,
2024-12-05 13:30:09,,,,,,,,,
2024-12-05 13:31:10,,,,,,36.59411764705882,,,
2024-12-05 13:32:12,37.321960784313724,35.7625,,,,,,,
2024-12-05 13:33:13,37.343893557422966,35.89186274509804,,,,,,,
2024-12-05 13:34:14,37.34470588235294,35.928823529411765,,,,,,,
2024-12-05 13:35:16,,35.8877559912854,,,,,,,
2024-12-05 13:36:17,,36.04709803921568,,35.26352941176471,,35.55921568627451,,,
2024-12-05 13:37:18,37.321960784313724,36.1801568627451,,,,,,,
2024-12-05 13:47:31,,,,,,,,36.88980392156863,
2024-12-05 13:59:46,37.402326797385626,36.335392156862746,,,,,,,
2024-12-05 14:00:47,37.38261437908497,,,,,,,,
2024-12-05 14:01:49,37.39247058823529,,,,,,,,
2024-12-05 14:02:50,37.39247058823529,,,,,,,,
2024-12-05 14:03:51,37.43497549019608,,,,,,,,
2024-12-05 14:04:53,37.4724798154556,,,,,,,,
2024-12-05 14:05:54,37.4724798154556,,,,,,,,
2024-12-05 14:06:55,,36.69847750865052,,,,,,,
2024-12-05 14:08:58,37.56814302191465,,,,,,,,
2024-12-05 14:19:11,37.6197794117647,,,,,,,,
2024-12-05 14:23:17,,,,36.59411764705882,,,,36.59411764705882,
2024-12-05 14:26:21,,37.11978213507625,,,,,,,
2024-12-05 14:28:23,,37.169063180827884,,,,,,,
2024-12-05 14:30:26,,37.2840522875817,,,,,,,
2024-12-05 14:31:27,37.78823529411764,37.423681917211326,,,,,,,
2024-12-05 14:32:29,37.78823529411764,37.387801857585146,,,,,,,
2024-12-05 14:37:35,,,,,,,,37.03764705882353,
2024-12-05 14:39:38,,37.459,,,,,,,
2024-12-05 14:40:39,,37.467096171802055,,,,,,,
2024-12-05 14:41:41,37.8754248366013,37.487896613190735,,,,,,,
2024-12-05 14:42:42,37.90622549019608,37.467736185383245,,37.629019607843134,,,,,
2024-12-05 14:43:43,,37.47474850809889,,,,37.15592156862745,,,
2024-12-05 14:44:44,37.980147058823526,,,,,,,,
2024-12-05 14:45:46,,37.53045751633987,,,,,,,
2024-12-05 14:46:47,,37.518137254901966,,,,,,,
2024-12-05 14:47:48,,37.53045751633987,,,,37.12635294117647,,,
2024-12-05 14:48:50,,37.52429738562092,,,,37.09678431372549,,,
2024-12-05 14:49:51,,37.59821895424837,,,,37.067215686274515,,,
2024-12-05 14:50:53,,37.629019607843134,,37.48117647058824,,37.067215686274515,,,
2024-12-05 14:51:54,,37.616163682864446,,,,,,,
2024-12-05 14:52:56,,37.63573975044563,,,,,,,
2024-12-05 14:53:57,,37.61493930905696,,,,,,,
2024-12-05 14:54:58,,37.629019607843134,,,,,,,
2024-12-05 14:56:00,,,,,,,,,
2024-12-05 14:57:01,,37.590113519091844,,,,,,,
2024-12-05 14:59:03,,,,37.03764705882353,,,,,
2024-12-05 15:00:05,37.92470588235294,37.56331154684096,,,,,,,
2024-12-05 15:02:07,37.92470588235294,37.48938997821351,,,,,,,
2024-12-05 15:04:10,,37.44227038183694,,,,,,,
2024-12-05 15:22:34,,,37.6475,,,,,,
2024-12-05 15:23:35,,,37.661873638344225,,,,,,
2024-12-05 15:24:36,,,37.678300653594775,,,,,,
2024-12-05 15:26:39,,37.29442724458204,,,,,,,
2024-12-05 15:27:40,,,37.69472766884532,,,,,,
2024-12-05 15:28:41,,37.12324045407636,37.661873638344225,,,,,37.629019607843134,
2024-12-05 15:36:52,,,,,,,,37.629019607843134,
2024-12-05 16:37:06,,,37.69472766884532,,,,,,
2024-12-05 16:38:08,,,,,36.59411764705883,,,,
2024-12-05 16:39:09,,,,,36.608901960784316,,,39.55098039215687,
2024-12-05 16:40:10,,,,,36.62368627450981,,,,
2024-12-05 16:41:12,,,,,36.607557932263816,,,,
2024-12-05 16:42:13,,36.86023529411764,37.60437908496731,,36.581797385620916,,,,
2024-12-05 16:43:14,,36.77152941176471,,,36.59411764705883,,,,
2024-12-05 16:44:15,,36.689159663865546,37.62901960784314,,36.605490196078435,,,,
2024-12-05 16:45:17,,36.59411764705882,37.555098039215686,,36.605490196078435,,,,
2024-12-05 16:46:18,,36.54862745098039,37.572156862745096,,36.61686274509804,,,,
2024-12-05 16:47:19,,36.62579831932773,,,,,,,
2024-12-05 16:48:21,,36.63354248366013,,,36.61686274509804,,,,
2024-12-05 16:49:22,,36.65747899159663,,,,,,,
2024-12-05 16:50:23,,36.646918767506996,,,,,,,
2024-12-05 16:51:24,37.48117647058824,36.628235294117644,,,,,,,
2024-12-05 16:52:26,,36.525882352941174,,,,,,,
2024-12-05 16:53:27,,,,,,,,,
2024-12-05 16:54:28,,,37.422039215686276,,,,,,
2024-12-05 16:55:29,,,37.43682352941177,,,,,,
2024-12-05 16:57:32,,,,,36.67625272331155,,,,
2024-12-05 16:59:35,,,,,36.705,,,,
2024-12-05 17:00:36,,36.581797385620916,,,,,,,
2024-12-05 17:01:37,,,37.293012477718364,,,,,,
2024-12-05 17:03:40,,,37.34677361853832,,,,,,
2024-12-05 17:05:42,,,,,,,,35.41137254901961,
2024-12-05 17:07:45,,36.33128540305011,,,,,,,
2024-12-05 17:08:46,,36.2614705882353,,,,,,,
2024-12-05 17:12:52,37.629019607843134,,,,,,,,
2024-12-05 17:13:53,,,,,,,,,
2024-12-05 17:16:58,37.584666666666664,,,,,,,,
2024-12-05 17:17:59,37.55509803921568,,,,,,,,
2024-12-05 17:19:01,,,36.951405228758176,,,,,,
2024-12-05 17:20:02,,,37.06452762923352,,,,,,
2024-12-05 17:21:03,37.64039215686274,,,,,,,,
2024-12-05 17:22:05,37.65176470588235,,,,,,,,
2024-12-05 17:23:06,,,36.91937254901961,,,,,,
2024-12-05 17:24:07,,,36.84545098039216,,,,,,
2024-12-05 17:25:09,37.688156862745096,,,,,,,,
2024-12-05 17:26:10,,36.59411764705882,36.876363636363635,,,,,,
2024-12-05 17:27:11,,,,,,,,36.29843137254902,
2024-12-05 17:29:14,,,37.024206773618545,,,,,,
2024-12-05 17:30:15,37.73579520697168,,,,,,,,
2024-12-05 17:31:17,37.76130030959752,,,,,,,,
2024-12-05 17:36:24,,35.41137254901961,37.10588235294118,34.6721568627451,,,,,
2024-12-05 17:37:25,,,,,,,,,
2024-12-05 17:40:29,37.7604357298475,,37.10100840336134,,,,,,
2024-12-05 17:41:31,37.760435729847494,,,,,,,,
2024-12-05 17:42:32,37.75351909184727,,,,,,,,
2024-12-05 17:50:46,37.67337254901961,,,,,,,,
2024-12-05 17:52:48,,,37.09044817927172,,,,,,
2024-12-05 17:54:51,37.54031372549019,,,,,,,,
2024-12-05 17:56:55,37.52341736694678,,,,,,,,
2024-12-05 17:58:57,,,37.16084967320261,,,,,,
2024-12-05 18:01:00,,,37.1362091503268,,,,37.48117647058824,,
2024-12-05 18:02:02,37.603307757885766,,,,,,,,
2024-12-05 18:05:06,37.616699346405234,,37.210130718954254,,,,,,
2024-12-05 18:06:08,37.61053921568628,,37.30869281045752,,,,,,
2024-12-05 18:07:10,37.61616368286446,,37.321960784313724,,,,,,
2024-12-05 18:09:12,37.64830349531117,,,,,,,,
2024-12-05 18:10:14,,,37.46885620915033,,,,,,
2024-12-05 18:11:16,37.7152614379085,,,,,,,,
2024-12-05 18:13:20,37.739901960784316,,,,,,,,
2024-12-05 18:14:22,37.75222222222222,,37.54453781512605,,,,,,
2024-12-05 18:15:24,,,37.56002614379086,,,,,,
2024-12-05 18:16:25,,,,,,,,,
2024-12-05 18:17:27,,,,,,,,,
2024-12-05 18:18:28,37.80150326797386,,,,,,,,
2024-12-05 18:19:30,37.78302287581699,,,,,,,,
2024-12-05 18:20:31,37.800517647058825,,,,,,,,
2024-12-05 18:21:33,37.810980392156864,,37.53045751633987,,,,,,
2024-12-05 18:22:34,37.810980392156864,,,,,,,,
2024-12-05 18:23:36,,,37.53397759103642,,,,,,
2024-12-05 18:24:37,,,37.51529411764706,,,,36.44627450980393,,
2024-12-05 18:25:39,37.81098039215687,,,,,,,,
2024-12-05 18:26:41,37.822352941176476,,,,,,,,
2024-12-05 18:28:43,37.82614379084968,,,,,,,,
2024-12-05 18:29:45,37.84257080610022,,37.572156862745096,,,,,,
2024-12-05 18:30:46,37.853522149600586,,37.555098039215686,,,,,,
2024-12-05 18:32:49,,,37.56565826330533,,,,,,
2024-12-05 18:33:51,37.924705882352946,,37.58352941176471,,,,,,
2024-12-05 19:04:42,38.00136528685548,,37.59490196078431,,,,,,
2024-12-05 19:08:49,,,,,,,,,
2024-12-05 19:09:51,38.099927378358764,,,,,,,,
2024-12-05 19:10:52,38.105403050108926,,,,,,,,
2024-12-05 19:12:56,38.110878721859116,,37.58352941176471,,,,,,
2024-12-05 19:16:01,,,,,,,,,
2024-12-05 19:17:03,38.121830065359475,,,,,,,,
2024-12-05 19:19:07,38.12535014005602,,,,,,,,
2024-12-05 19:21:11,38.11333333333333,,,,,,,,
2024-12-05 19:22:12,38.10823529411765,,,,,,,,
2024-12-05 19:24:16,38.11478991596639,37.629019607843134,37.56741830065359,,,,,,
2024-12-05 19:25:18,38.1163543936093,37.629019607843134,37.54277777777778,,,,,,
2024-12-05 19:26:19,38.118039215686274,,37.555098039215686,,,,,,
2024-12-05 19:28:22,38.12577254901961,,37.518137254901966,,,,,,
2024-12-05 19:29:24,38.135098039215684,,,,,,,,
2024-12-05 19:30:26,38.118039215686274,,,,,,,,
2024-12-05 19:31:28,38.11803921568627,,,,,,,,
2024-12-05 19:32:29,38.089607843137244,,,,,,,,
2024-12-05 19:33:31,38.07823529411764,,,,,,,,
2024-12-05 19:34:33,38.07254901960784,,,,,,,,
2024-12-05 19:35:34,38.066862745098035,,,,,,,,
2024-12-05 19:36:36,38.07254901960784,,,,,,,,
2024-12-05 19:37:38,38.072549019607834,,37.494616755793224,,,,,,
2024-12-05 19:39:41,38.07254901960784,,,,,,,,
2024-12-05 19:41:44,38.07254901960784,,,,,,,,
2024-12-05 19:42:46,,,37.502296918767506,,,,,,
2024-12-05 19:43:47,,,37.502296918767506,,,,,,
2024-12-05 19:44:49,,,37.49254901960784,,,,,,
2024-12-05 19:45:51,,37.333333333333336,37.503921568627455,,,,,,
2024-12-05 19:46:53,37.99862745098039,,37.46980392156863,,,,,,
2024-12-05 19:48:56,37.998627450980386,,,,,,,,
2024-12-05 19:49:58,37.98255754475703,,,,,,,,
2024-12-05 19:52:01,37.963273657289,,37.46269607843138,,,,,,
2024-12-05 19:53:03,37.931133844842286,,,,,,,,
2024-12-05 19:54:05,37.89899403239556,,,,,,,,
2024-12-05 19:55:07,37.88438502673797,,,,,,,,
2024-12-05 19:56:09,37.87094474153297,,,,,,,,
2024-12-05 19:57:10,37.85430438842203,,37.442270381836956,,,,,,
2024-12-05 19:58:12,37.84022408963585,,37.450051599587205,,,,,,
2024-12-05 19:59:13,37.81910364145658,,37.43448916408669,,,,,,
2024-12-05 20:00:15,37.81910364145657,,37.44227038183695,,,,,,
2024-12-05 20:01:17,,37.77686274509804,,,,37.92470588235294,37.92470588235294,,
2024-12-05 20:02:18,,,,,,37.92470588235294,37.92470588235294,,
2024-12-05 20:03:20,37.847570332480814,,37.45508650519031,,,,,,
2024-12-05 20:04:22,37.86926470588236,,37.47247981545559,,,,,,
2024-12-05 20:05:24,37.8631045751634,,37.47247981545559,,,,,,
2024-12-05 20:06:26,,,37.47296296296296,,,,,,
2024-12-05 20:07:27,37.875424836601304,,37.464749455337696,,,,,,
2024-12-05 20:11:34,38.041748366013074,,,,,,,,
2024-12-05 20:12:36,38.0109477124183,,37.48117647058824,,,,,,
2024-12-05 20:13:37,,,,,,,37.48117647058824,,
2024-12-05 20:14:39,37.99246732026143,,37.48117647058824,,,,,,
2024-12-05 20:15:40,,,37.32511982570807,,,,,,
2024-12-05 20:16:42,37.99246732026144,,37.32463667820069,,,,,,
2024-12-05 20:18:45,37.961666666666666,,,,,,,,
2024-12-05 20:19:47,37.94934640522876,,,,,,,,
2024-12-05 20:20:49,,,36.88980392156863,,,,,,
2024-12-05 20:21:51,37.93061960784314,,,,,,,,
2024-12-05 20:23:54,37.90196078431373,,,,,,,,
2024-12-05 20:25:59,37.87352941176471,,36.61383006535949,,,,,,
2024-12-05 20:27:00,37.87921568627451,,36.56243697478992,,,,,,
2024-12-05 20:28:02,37.83372549019608,,36.50313725490196,,,,,,
2024-12-05 20:29:03,37.804241103848945,,,,,,,,
2024-12-05 20:32:08,,,,,,,,,
2024-12-05 20:33:10,37.76591140159768,,,,,,,,
2024-12-05 20:35:13,37.72758169934641,,,,,,,,
2024-12-05 20:36:14,37.69238095238096,,,,,,,,34.82
2024-12-05 20:37:16,37.671260504201676,,36.37907308377897,,,,,,
2024-12-05 20:38:18,37.64941176470589,,,,,,,,
2024-12-05 20:39:20,37.67126050420169,,36.1801568627451,,,,,,
2024-12-05 20:40:23,37.618459383753496,,,,,,,,
2024-12-05 20:41:25,37.581498599439776,,,,,,,,
2024-12-05 20:43:27,37.552549019607845,,36.12370766488414,,,,,,
2024-12-05 20:44:29,37.55254901960785,,,,,,,,
2024-12-05 20:45:30,37.53725490196078,,,,,,,,
2024-12-05 20:47:34,37.48627450980392,,,,,,,,
2024-12-05 20:49:37,37.502296918767506,,,,,,,,
2024-12-05 20:50:38,37.470616246498594,,,,,,,,
2024-12-05 20:51:40,37.45379811183733,,,,,,,,
2024-12-05 20:52:41,37.29352941176471,,,,,,,,
2024-12-05 20:53:43,37.282156862745104,,35.583856209150326,,,,,,
2024-12-05 20:55:46,37.2821568627451,,35.65019607843137,,,,,,
2024-12-05 20:56:48,37.25372549019608,,,,,,,,
2024-12-05 20:57:50,37.25372549019608,,35.86546218487395,,,,,,
2024-12-05 20:58:51,,36.88980392156863,,,35.26352941176471,,,,
2024-12-05 20:59:52,37.24803921568628,,35.97106442577031,,,,,,
2024-12-05 21:00:54,37.232800000000005,,36.08159477124183,,,,,,
2024-12-05 21:01:56,37.19781045751634,,,,,,,,
2024-12-05 21:02:58,37.153350383631725,,,,,,,,
2024-12-05 21:04:00,,,36.44627450980393,,,,,,
2024-12-05 21:05:01,37.19221033868093,,,34.37647058823529,,,,,
2024-12-05 21:06:03,,,,34.82,,,,,
2024-12-05 21:08:06,37.17809803921569,,,,,,,,
2024-12-05 21:10:09,,,36.61746130030961,,,,,,
2024-12-05 21:11:11,,,36.64080495356038,,,,,,
2024-12-05 21:16:19,37.3022084623323,,,,,,,,
2024-12-05 21:17:21,37.317770897832816,,36.63518518518518,,,,,,
2024-12-05 21:18:22,37.356676986584105,,36.646297577854675,,,,,,
2024-12-05 21:19:24,37.35667698658411,,36.61151095732411,,,,,,
2024-12-05 21:20:26,37.39904139433551,36.44627450980393,,,,,,,
2024-12-05 21:21:27,37.38002063983488,,36.68651960784314,,,,,,
2024-12-05 21:23:30,,,36.62368627450981,,,,,,
2024-12-05 21:25:34,,,,,,,36.29843137254902,,
2024-12-05 21:27:37,,,36.68651960784314,,,,,,
2024-12-05 21:28:39,,,36.66369088811995,,,,,,
2024-12-05 21:29:40,37.41218300653595,,36.63760092272203,,,,,,
2024-12-05 21:34:49,,,36.618758169934644,,,,,,
2024-12-05 21:35:52,,,36.61746130030961,,,,,,
2024-12-05 21:36:54,,,36.68749226006193,,,,,,
2024-12-05 21:37:56,37.458431372549015,,,,,,,,
2024-12-05 21:41:01,37.460056022408956,,,,,,,,
2024-12-05 21:42:03,37.512857142857136,,,,,,,,
2024-12-05 21:44:07,37.512857142857136,,,,,,,,
2024-12-05 21:45:08,37.51285714285715,,,,,,,,
2024-12-05 21:50:17,,36.741960784313726,,,,,,,
2024-12-05 21:52:21,37.48117647058824,,,,,,,,
2024-12-05 21:53:23,37.469803921568634,,,,,,,,
2024-12-05 21:55:26,,,36.74196078431372,,,,,,
2024-12-05 21:56:27,,,36.761673202614375,,,,,,
2024-12-05 21:57:29,,,36.751816993464054,,,,,,
2024-12-05 21:58:31,,,36.751816993464054,,,,,,
2024-12-05 21:59:33,,,36.71028011204482,,,,,,
2024-12-05 22:00:34,,,36.65098039215687,,,,,,
2024-12-05 22:01:36,,,36.581797385620916,,,,,,
2024-12-05 22:02:38,,,36.55379679144385,,,,,,
2024-12-05 22:03:41,37.37953431372549,,36.483235294117655,,,,,,
2024-12-05 22:06:46,37.351813725490196,,,,,,,,
2024-12-05 22:07:48,37.36290196078432,,,,,,,,
2024-12-05 22:08:50,37.36501400560224,,,,,,,,
2024-12-05 22:10:53,37.39019607843137,,,,,,,,
2024-12-05 22:12:56,,,,,,33.489411764705885,35.26352941176471,,
2024-12-05 22:13:58,37.39493464052288,,,,,,,,
2024-12-05 22:15:00,37.468856209150324,,,,,,,,
2024-12-05 22:18:06,,,36.52588235294118,,,,,,
2024-12-05 22:19:08,,,36.5571568627451,,,,,,
2024-12-05 22:20:09,,,36.581797385620916,,,,,,
2024-12-05 22:21:11,37.48117647058824,,,,,,,,
2024-12-05 22:22:13,37.46269607843138,,,,,,,,
2024-12-05 22:23:15,37.48117647058823,,,,,,,,
2024-12-05 22:26:20,37.47296296296296,,,,,,,,
2024-12-05 22:27:21,,,,,,,,,
2024-12-05 22:28:23,37.4893899782135,,,,,,,,
2024-12-05 22:29:25,,36.67859943977591,,,,,,,
2024-12-05 22:30:27,,,,,,,,,
2024-12-05 22:31:28,,36.72553376906318,,,,,,,
2024-12-05 22:32:32,,36.72553376906318,,,,,,,
2024-12-05 22:33:33,,36.70910675381264,,,,,,,
2024-12-05 22:34:35,37.53564499484004,,36.80109803921569,,,,,,
2024-12-05 22:35:36,37.590113519091844,,36.876363636363635,,,,,,
2024-12-05 22:36:38,37.59945098039215,36.69267973856209,,,,,,,
2024-12-05 22:37:40,,36.69267973856209,36.9341568627451,,,,,,
2024-12-05 22:39:43,37.59541889483065,,36.93908496732027,,,,,,
2024-12-05 22:40:44,37.629019607843134,,36.971938997821354,,,,,,
2024-12-05 22:41:46,37.63573975044562,,36.92265795206972,,,,,,
2024-12-05 22:42:48,37.65590017825312,,,,,,,,
2024-12-05 22:43:49,37.62901960784313,,36.92265795206972,,,,,,
2024-12-05 22:44:51,,36.83604278074866,,,,,,,
2024-12-05 22:46:57,37.67830065359477,,,,,,,,
2024-12-05 22:47:58,37.608859180035644,36.94356506238859,,,,,,,
2024-12-05 22:49:00,37.6097357203751,37.05243137254902,,,,,,,
2024-12-05 22:52:04,,,,,,,,,
2024-12-05 22:55:10,37.56988235294118,,,,,,,,
2024-12-05 22:56:11,37.552141176470585,,,,,,,,
2024-12-05 22:57:13,37.58170980392157,,,,,,,,
2024-12-05 22:58:15,37.599450980392156,,,,,,,,
2024-12-05 23:01:22,37.61127843137254,,37.21834422657952,,,,,,
2024-12-05 23:02:23,37.62333333333333,,,,,,,,
2024-12-05 23:03:25,37.606274509803924,,,,,,,,
2024-12-05 23:05:29,37.60536470588235,,,,,,,,
2024-12-05 23:06:31,37.60437908496732,,,,,,,,
2024-12-05 23:07:33,,37.244627450980396,,,,,,,
2024-12-05 23:11:39,,37.27419607843137,,,,,,,
2024-12-05 23:12:41,37.59541889483066,,,,,,,,
2024-12-05 23:13:42,,37.48117647058824,,,,,,,
2024-12-05 23:14:44,37.61423529411765,,,,,,,,
2024-12-05 23:15:46,,,,,,,,,
2024-12-05 23:18:51,37.70294117647059,,,,,,,,
2024-12-05 23:19:52,,,37.333333333333336,,,,,,
2024-12-05 23:20:54,37.63825980392157,,37.48117647058824,,,,,,
2024-12-05 23:21:56,37.629019607843134,,37.333333333333336,,,,,,
2024-12-05 23:27:04,37.61845938375351,,,,,,,,
2024-12-05 23:28:06,37.61764705882353,,,,,,,,
2024-12-05 23:29:07,37.62901960784314,,,,,,,,
2024-12-05 23:40:26,,,,34.08078431372549,,,,32.92760784313726,
2024-12-05 23:41:28,,,,,,,,33.18028520499109,
2024-12-05 23:46:37,,,,,,,,33.27996732026144,35.2635294117647
2024-12-05 23:47:38,,,,,,,,33.67137254901961,35.30385026737968
2024-12-05 23:48:40,,,,,,,,,35.29040998217468
2024-12-05 23:49:42,,,,,,,,,35.30385026737968
2024-12-05 23:50:43,,,,,,,,33.63725490196079,
2024-12-05 23:52:47,,,,,,,,,35.10336601307189
2024-12-05 23:53:48,,,,,,,,,35.10336601307189
2024-12-05 23:54:50,,,,,,35.70705882352941,,,35.1156862745098
2024-12-05 23:55:52,,,,,,,,34.018534571723436,
2024-12-05 23:56:54,,,,,,,,34.002972136222915,
2024-12-05 23:57:57,,,,,,,,,35.1156862745098
2024-12-05 23:58:59,,,,,,,,33.964066047471626,
2024-12-06 00:00:00,,,,,,,,33.94850361197111,35.14736694677871
2024-12-06 00:01:02,,,,,,,,,35.295210084033606
2024-12-06 00:02:04,,,,,,,,34.02328976034859,
2024-12-06 00:05:09,37.90006535947712,,,,,,,34.10687427912342,
2024-12-06 00:06:11,,,,,,,,34.25471741637832,
2024-12-06 00:07:13,37.924705882352946,36.44627450980393,,,,,,34.57649365628605,
2024-12-06 00:08:14,,,,,,,,34.9243598615917,
2024-12-06 00:09:16,,,,,,,,,35.94360784313726
2024-12-06 00:10:18,,,,,,,,35.33745098039216,
2024-12-06 00:11:20,,,,,,,,35.38365196078432,
2024-12-06 00:12:22,,,,,,,,35.36517156862745,
2024-12-06 00:13:23,,,,,,35.85490196078432,,35.328210784313725,
2024-12-06 00:14:25,,,,,,,,,35.63313725490196
2024-12-06 00:15:27,37.85078431372549,,,,,,,,
2024-12-06 00:16:28,,,,,,,,,35.13680672268907
2024-12-06 00:21:37,37.87094474153297,,,,,,,,
2024-12-06 00:23:41,37.80150326797386,,,,,,,,
2024-12-06 00:24:42,,,,35.85490196078432,,,,,
2024-12-06 00:26:48,37.81382352941176,,,35.85490196078432,,,,,
2024-12-06 00:27:50,,,,,,,,35.50545454545455,
2024-12-06 00:28:51,,,,,,,,35.52964705882353,
2024-12-06 00:29:53,,,,,,,,35.575642701525055,
2024-12-06 00:30:55,,,,,,,,35.55921568627451,
2024-12-06 00:32:58,,,,,,,,,
2024-12-06 00:37:06,37.70294117647059,,,,,,,,
2024-12-06 00:38:08,,,36.83066666666667,,,,,,
2024-12-06 00:42:15,37.69859284890426,,,,,,,,35.31281045751634
2024-12-06 00:43:16,37.715986159169546,,,,,,,,
2024-12-06 00:44:18,37.67250288350634,,,,,,,,
2024-12-06 00:45:20,,,,,,,,,35.362091503267976
2024-12-06 00:47:23,37.645446623093676,,,,,,,,
2024-12-06 00:49:26,37.653660130718954,,,,,,,,
2024-12-06 00:50:28,,,,,,,,,
2024-12-06 00:51:30,,,36.75674509803922,,,,,35.41137254901961,
2024-12-06 00:52:33,37.60437908496732,,,,,,,,
2024-12-06 00:53:35,37.61345717234262,38.36823529411765,,,,,,,
2024-12-06 00:54:37,37.62162745098039,,,,,,,,
2024-12-06 00:55:39,37.607899159663866,,36.840522875816994,,,,,,
2024-12-06 00:56:40,37.61557932263815,,,,,,,,35.36913165266106
2024-12-06 00:57:42,37.64187553282182,,36.85284313725491,,,,,,
2024-12-06 00:58:44,37.62229946524064,,36.86705882352941,,,,,,
2024-12-06 00:59:45,,,36.90212418300654,,,,,,35.2635294117647
2024-12-06 01:00:47,,,,,,35.55921568627451,,,
2024-12-06 01:01:49,,,36.96372549019609,,,,,,
2024-12-06 01:02:51,37.5867787114846,,36.953165266106446,,,,,,35.20016806722689
2024-12-06 01:03:52,,,,,,,,,35.18960784313726
2024-12-06 01:04:54,37.60885918003566,,,,,,,,
2024-12-06 01:05:56,37.62197945845005,,36.94260504201681,,,,,,
2024-12-06 01:06:58,37.595418894830665,,36.95316526610645,,,,,,
2024-12-06 01:09:01,37.57759590792839,,,,,,,,
2024-12-06 01:10:02,37.57116794543905,,36.946666666666665,,,,,,
2024-12-06 01:11:04,37.56473998294971,,,,,,,,
2024-12-06 01:12:06,37.55831202046036,,36.90117647058824,,,,,,
2024-12-06 01:13:08,37.539028132992335,,,,,,,,35.17112745098039
2024-12-06 01:14:09,37.51331628303496,,,,,,,,
2024-12-06 01:15:11,,,37.02627450980392,,,,,,35.15792717086835
2024-12-06 01:16:13,37.545456095481676,,,,,,,,
2024-12-06 01:17:14,,,37.091408199643496,,,,,,35.16496732026145
2024-12-06 01:18:16,,,37.10484848484848,,,,,,
2024-12-06 01:19:18,37.5403137254902,,,,,,,,
2024-12-06 01:20:22,,,,,,,,,
2024-12-06 01:21:24,37.54893790849673,,,,,,,,
2024-12-06 01:22:25,,,,,,,,33.489411764705885,35.115686274509805
2024-12-06 01:23:27,37.54893790849673,,37.18549019607843,,,,,,34.9678431372549
2024-12-06 01:24:29,37.536617647058826,,,,,,,,
2024-12-06 01:25:31,37.48733660130719,,,,,,,,
2024-12-06 01:26:32,37.48733660130719,,,,,,,,
2024-12-06 01:28:36,37.493496732026145,,,,,,,,
2024-12-06 01:29:37,37.48117647058823,,,,,,,,
2024-12-06 01:30:39,37.481176470588245,,,,,,,,
2024-12-06 01:31:41,37.440855614973266,,37.38877450980392,,,,,,
2024-12-06 01:32:42,37.46832054560955,,,,,,,,
2024-12-06 01:33:46,37.46189258312021,,,,,,,,
2024-12-06 01:34:47,37.475016339869285,,,,,,,33.78509803921568,
2024-12-06 01:35:49,,,,,,,,33.93294117647059,
2024-12-06 01:36:51,,,,,,,,33.63725490196079,
2024-12-06 01:37:53,37.50483137254903,,,,,,,,
2024-12-06 01:38:55,37.52257254901961,,,,,,,,
2024-12-06 01:39:57,37.526666666666664,,,,,,,,
2024-12-06 01:40:58,37.54941176470588,,,,,,,,35.41137254901961
2024-12-06 01:42:00,,,,,,,,,
2024-12-06 01:44:04,37.5778431372549,,37.24093137254902,,,,,,
2024-12-06 01:45:05,37.59490196078431,,,,,,,,
2024-12-06 01:46:07,37.59490196078431,,,,,,,,
2024-12-06 01:47:09,,,,,,,,,
2024-12-06 01:49:12,,,37.23477124183007,,,,,,
2024-12-06 01:51:15,37.56078431372549,,,,,,,,
2024-12-06 01:52:17,37.5664705882353,,,,,,,,
2024-12-06 01:53:19,37.5664705882353,,37.22245098039216,,,,,,
2024-12-06 01:54:21,37.5664705882353,,37.20397058823529,,,,,,
2024-12-06 01:55:22,37.55783587509078,,37.24093137254902,,,,,,
2024-12-06 01:56:24,,,37.20397058823529,,,,,,
2024-12-06 01:57:27,37.56565826330533,,,,,,,,
2024-12-06 01:58:29,37.57621848739496,,,,,,,,
2024-12-06 01:59:31,37.59205882352942,,,,,,,,
2024-12-06 02:00:32,37.602619047619044,,,,,,,,
2024-12-06 02:02:36,37.629019607843134,,,,,,,,
2024-12-06 02:03:37,37.629019607843134,,,,,,,,
2024-12-06 02:05:41,37.629019607843134,,37.31854901960785,,,,,,
2024-12-06 02:06:42,37.629019607843134,,37.333333333333336,,,,,,
2024-12-06 02:07:44,37.623921568627445,,,,,,,,
2024-12-06 02:08:46,37.609307189542484,,,,,,,36.027385620915034,
2024-12-06 02:09:47,37.60437908496733,,,,,,,36.052026143790854,
2024-12-06 02:10:49,37.609307189542484,,,,,,,36.052026143790854,
2024-12-06 02:11:51,37.60862745098039,,,,,,,,
2024-12-06 02:12:53,37.60862745098039,,,,,,,36.027385620915034,
2024-12-06 02:13:55,37.61882352941178,,,,,,,36.05202614379085,
2024-12-06 02:14:57,37.598431372549015,,,,,,,36.027385620915034,
2024-12-06 02:15:58,37.59843137254902,,,,,,,,36.4758431372549
2024-12-06 02:17:00,37.5867787114846,,,,37.333333333333336,,,,36.4758431372549
2024-12-06 02:18:01,37.565658263305316,,,,,,,,
2024-12-06 02:19:03,37.53397759103642,,,,,,,,36.44627450980393
2024-12-06 02:20:05,37.50757703081233,,37.30645276292335,,,,,,36.46105882352941
2024-12-06 02:21:07,,,37.30645276292335,,39.10745098039216,,,,36.4758431372549
2024-12-06 02:22:09,37.46005602240897,,,,,,,,
2024-12-06 02:23:10,37.44949579831933,,,,,,,,
2024-12-06 02:24:12,37.464749455337696,,,,,,,,
2024-12-06 02:25:15,37.42641975308642,,37.39904139433551,,,,,,
2024-12-06 02:26:17,37.412941176470596,,37.38261437908497,,,,,,
2024-12-06 02:27:19,,,37.36618736383443,35.70705882352941,,,,,35.82802139037433
2024-12-06 02:28:21,37.39588235294118,,37.38261437908497,35.55921568627451,,,,,35.841461675579325
2024-12-06 02:29:23,37.36176470588235,,37.36618736383443,35.70705882352941,,,,,35.82802139037433
2024-12-06 02:30:25,37.374729411764704,,37.38261437908497,35.55921568627451,,,,,35.908663101604276
2024-12-06 02:31:26,37.34516078431373,,37.349760348583885,35.85490196078432,,,,,35.841461675579325
2024-12-06 02:35:33,,,,,,,,33.111590413943354,
2024-12-06 02:36:35,37.339761295822676,,,,,,,33.128017429193896,
2024-12-06 02:37:36,37.32690537084399,,,,,,,33.21015250544662,
2024-12-06 02:38:40,37.29973262032085,,,,,,,33.297215686274505,
2024-12-06 02:39:42,37.319893048128336,,,,,,,33.3267843137255,
2024-12-06 02:40:43,37.39381461675578,,,,,,,,
2024-12-06 02:41:45,37.387094474153294,,,,,,,,
2024-12-06 02:42:46,,,,,,,,33.735816993464056,
2024-12-06 02:43:48,37.438935574229696,,,,,,,,
2024-12-06 02:44:50,,,,,,,,,
2024-12-06 02:46:53,37.424855275443505,,,,,,,33.72349673202614,
2024-12-06 02:47:55,37.41781512605042,,,,,,,,
2024-12-06 02:48:57,37.414647058823526,,,,,,,,
2024-12-06 02:51:00,,,,,,,,33.910196078431376,
2024-12-06 02:52:02,37.34976034858388,,,,,,,,
2024-12-06 02:53:04,,,,,,,,33.910196078431376,
2024-12-06 02:55:08,,,36.44627450980393,,,,,,
2024-12-06 02:56:09,37.333333333333336,,,,,,,,
2024-12-06 02:57:11,,,,,,,,33.666823529411765,
2024-12-06 02:59:14,37.353045751633985,,,,,,,,35.18392156862745
2024-12-06 03:00:16,37.38613445378151,,,,,,,,35.16117647058824
2024-12-06 03:02:19,37.458431372549015,,,,,,,33.50789215686275,35.300490196078435
2024-12-06 03:03:21,37.45653594771241,,,,,,,33.82733893557423,35.300490196078435
2024-12-06 03:04:23,,,,,,,,,35.337450980392155
2024-12-06 03:05:24,37.690620915032675,,,,36.00274509803921,,,,35.31281045751634
2024-12-06 03:06:26,37.690620915032675,,,,,,,,35.57153594771242
2024-12-06 03:08:29,,,,,,,,34.11035294117647,
2024-12-06 03:13:38,,,,,,,,,
2024-12-06 03:19:47,,,,,36.00274509803921,,,,
2024-12-06 03:20:49,,,,,,,,,35.58033613445378
2024-12-06 03:21:51,,,,,,,,,35.569071895424834
2024-12-06 03:22:52,37.9838431372549,,,,,,,,35.55921568627451
2024-12-06 03:23:54,,,,,,,,,35.55051903114187
2024-12-06 03:24:55,,,37.6881568627451,,,,,,
2024-12-06 03:25:57,,,37.53045751633987,,,,,,
2024-12-06 03:26:58,,,37.53045751633987,,,,,,
2024-12-06 03:28:00,,,37.37557422969188,,,,,,
2024-12-06 03:32:07,,,37.41781512605042,,,,,,
2024-12-06 03:34:12,,,,,36.15058823529412,,,,
2024-12-06 03:35:14,,,,,,,,,
2024-12-06 03:36:16,,,,,,,,,
2024-12-06 03:37:18,,,,,,,,,35.485294117647065
2024-12-06 03:39:21,38.07254901960784,,,,,,,35.26352941176471,
2024-12-06 03:40:23,38.03969498910675,,,35.85490196078432,,,,,
2024-12-06 03:41:25,,,,,,,,33.93294117647059,35.50007843137255
2024-12-06 03:42:26,,,,,,,,,35.50993464052287
2024-12-06 03:43:28,,,,,,,,,35.50007843137255
2024-12-06 03:44:30,,,,,,,,,35.49022222222222
2024-12-06 03:47:36,,,37.48117647058824,,,,,,35.4803660130719
2024-12-06 03:48:38,38.00918767507002,,37.52341736694678,,,,,,
2024-12-06 03:49:39,37.98806722689075,,,,,,,,
2024-12-06 03:50:41,,,37.45160784313725,,,,,,
2024-12-06 03:53:46,,,,,,,,,35.436013071895424
2024-12-06 03:54:47,37.96694677871148,,,,,,,,35.41915376676987
2024-12-06 03:55:49,,,,,,,,35.115686274509805,35.39658823529412
2024-12-06 03:56:51,37.90358543417367,,,,,,,35.17482352941177,
2024-12-06 03:57:52,37.90499346405228,,,,,,,,
2024-12-06 03:58:54,37.88774509803922,,,,,,,,
2024-12-06 03:59:56,,,,,,,,,35.349122807017544
2024-12-06 04:02:02,37.89698529411764,,36.94894117647059,,,,,,35.3569040247678
2024-12-06 04:03:04,37.88774509803921,,,,,,,35.55921568627451,35.34134158926728
2024-12-06 04:04:05,37.90622549019608,,,,,,,35.55921568627451,35.33356037151703
2024-12-06 04:06:09,37.9154656862745,,,,,,,,35.31799793601652
2024-12-06 04:07:11,37.89861591695501,,,,,,,,35.286873065015484
2024-12-06 04:08:12,37.867211328976026,,,,,,,,
2024-12-06 04:09:14,,,,,,,,,35.293098039215685
2024-12-06 04:10:16,,,,,,,,,35.29873015873016
2024-12-06 04:11:17,,,37.333333333333336,,,,,,35.291690009337074
2024-12-06 04:12:19,,,,,,,,,35.30049019607843
2024-12-06 04:13:21,,,,,,,36.59411764705882,,35.293098039215685
2024-12-06 04:14:22,37.86926470588235,,,,,,,,
2024-12-06 04:15:24,37.89698529411764,,,,,,,,
2024-12-06 04:16:26,37.89698529411764,,,,,,,34.9678431372549,
2024-12-06 04:17:28,37.89698529411764,,,,,,,,35.30385026737967
2024-12-06 04:18:30,37.87850490196078,,,,,,,,
2024-12-06 04:19:32,,,,,36.00274509803921,,36.44627450980393,,35.27056956115779
2024-12-06 04:20:33,,,,,,,,,35.27092156862745
2024-12-06 04:21:35,,,,,,,,,35.271310629514964
2024-12-06 04:22:37,37.9141456582633,,,,,,,,
2024-12-06 04:23:38,37.9141456582633,,,,,,,,35.26352941176471
2024-12-06 04:24:40,,,,,,,,,35.247102396514165
2024-12-06 04:25:41,,,,,,,,,35.25483275663206
2024-12-06 04:26:43,,,,,35.85490196078432,,,,
2024-12-06 04:28:46,,,37.0006862745098,,,,,,
2024-12-06 04:29:50,,,,,,,,,35.32266666666667
2024-12-06 04:30:51,37.92470588235294,,,,,,,,35.30577030812325
2024-12-06 04:31:53,37.91546568627451,,36.978509803921575,,,,,,35.326890756302525
2024-12-06 04:33:57,37.9431862745098,,,,,,,,35.30577030812325
2024-12-06 04:34:59,37.9431862745098,,36.99329411764707,,,,,,
2024-12-06 04:36:00,,,37.02122004357299,,,,,,
2024-12-06 04:37:02,,,,,,,,,35.34313725490196
2024-12-06 04:39:06,,,,,,,,,
2024-12-06 04:40:07,37.97688581314878,,,,,,,,
2024-12-06 04:41:09,,,,,,,,,35.337450980392155
2024-12-06 04:44:15,38.029065743944635,,37.13172905525847,,,,,,
2024-12-06 04:45:17,38.035588235294114,,37.148529411764706,,,,,,
2024-12-06 04:47:21,38.04645905420992,,37.16274509803922,,,,,,
2024-12-06 04:48:23,38.04790849673203,,,,,,,,
2024-12-06 04:49:24,,,,,36.15058823529412,,,,
2024-12-06 04:52:29,38.07254901960785,37.92470588235294,,,36.29843137254902,,,,
2024-12-06 04:53:31,,,37.16084967320261,,36.44627450980393,,,,
2024-12-06 04:54:32,,,37.19781045751634,,,,,,
2024-12-06 04:57:37,38.065508870214764,,,,,,,,
2024-12-06 04:58:39,38.04438842203549,,,,,,,,
2024-12-06 04:59:41,38.04438842203548,,,,,,,,
2024-12-06 05:00:42,38.04438842203548,37.629019607843134,,,36.15058823529412,,,,
2024-12-06 05:01:44,,,36.99732620320855,,,,,,
2024-12-06 05:02:46,38.06550887021476,,,,,,,,
2024-12-06 05:04:50,38.07958916900093,,,,,,,,
2024-12-06 05:05:52,,,37.025326797385624,,,,,,
2024-12-06 05:06:53,,,37.03764705882353,,,,,,
2024-12-06 05:07:55,,,37.024206773618545,,,,,,
2024-12-06 05:08:57,38.1330303030303,,,,,,,,
2024-12-06 05:11:00,38.12183006535948,,,,,,,,
2024-12-06 05:13:03,38.128870214752574,,,,,,,,
2024-12-06 05:14:05,38.13907843137255,,,,,,,,
2024-12-06 05:16:08,38.13907843137255,,,,,,,,
2024-12-06 05:17:10,38.13907843137255,,,,,,,,
2024-12-06 05:18:11,,,,,,,,,
2024-12-06 05:19:13,38.23517647058823,,,,,35.85490196078432,,,36.44627450980393
2024-12-06 05:20:15,,,37.34811764705883,,,,,,
2024-12-06 05:21:17,38.19821568627451,,,,,,,,
2024-12-06 05:23:21,,,37.333333333333336,,,,,,
2024-12-06 05:24:22,38.16125490196079,,,,,,,,
2024-12-06 05:25:24,38.165923632610934,,,,,,,,
2024-12-06 05:26:27,38.13907843137254,,,,,,,,
2024-12-06 05:29:32,38.1007096171802,,37.31221288515406,,,,,,
2024-12-06 05:30:34,38.0651568627451,,,,,,,,
2024-12-06 05:31:35,,,37.23477124183007,,,,,,
2024-12-06 05:32:37,,,37.210130718954254,,,,,,
2024-12-06 05:33:39,,,,,,,,,
2024-12-06 05:38:47,,,37.357973856209156,,,,,,
2024-12-06 05:40:52,,,,,,,,,37.03764705882353
2024-12-06 05:41:54,37.980147058823526,36.20972549019608,,,,,,33.93294117647059,
2024-12-06 05:42:56,,,,,,,,,
2024-12-06 05:43:57,38.030308123249306,,,,,,,,
2024-12-06 05:44:59,38.040868347338936,,,,,,,,
2024-12-06 05:46:00,38.03843137254902,36.43490196078432,,,,36.59411764705882,,35.14032679738562,
2024-12-06 05:47:02,,36.4121568627451,,,,,,,
2024-12-06 05:48:04,,36.400784313725495,,,,,,35.17112745098039,
2024-12-06 05:49:06,38.03222816399287,,,,,,,,
2024-12-06 05:50:07,38.02819607843138,,,,,,,,
2024-12-06 05:51:09,,,,,,,,35.18960784313725,
2024-12-06 05:52:11,37.943186274509806,,,,,,,,
2024-12-06 05:53:12,37.9082788671024,36.59411764705882,,,,,,,
2024-12-06 05:57:21,,36.49247549019608,,,,,,,
2024-12-06 05:58:23,,36.36311274509804,,,,,,,
2024-12-06 05:59:25,,36.333217993079586,,,,,,,
2024-12-06 06:00:26,,36.3158246828143,,,,,,,
2024-12-06 06:01:28,,36.446274509803914,,,,,,,
2024-12-06 06:03:31,,36.511982570806104,,,,,,35.318970588235295,
2024-12-06 06:04:32,,,,,,,,35.2963834422658,
2024-12-06 06:05:34,,36.46270152505446,,,,,,35.2783137254902,
2024-12-06 06:06:36,,,,,,,,35.440941176470595,
2024-12-06 06:07:37,,,,,,,,35.465133689839575,
2024-12-06 06:08:39,,36.751816993464054,,,,,,,
2024-12-06 06:09:41,,36.741960784313726,,,,,,,
2024-12-06 06:10:42,,36.81095424836601,,,,,,,
2024-12-06 06:11:44,,36.80109803921569,,,,,,,
2024-12-06 06:14:49,37.41397504456327,,,,,,,,
2024-12-06 06:15:50,37.43682352941176,,,,,,,,
2024-12-06 06:16:52,,37.014901960784314,,,,,,,
2024-12-06 06:18:55,37.45160784313725,,,,,,,,
2024-12-06 06:19:57,37.407254901960776,,,,,,,,
2024-12-06 06:20:59,,37.131729055258475,,,,,,,
2024-12-06 06:23:04,,37.09678431372549,,,,,,35.684313725490206,
2024-12-06 06:26:09,,,,,,,,35.71937908496732,
2024-12-06 06:27:10,,,,,,,,35.72049910873441,
2024-12-06 06:28:12,,,,,,,,35.66270588235294,
2024-12-06 06:29:14,37.46005602240897,,,,,,,35.707058823529415,
2024-12-06 06:30:15,37.48117647058824,,,,,,,,
2024-12-06 06:31:17,37.48117647058824,,,,,,,,
2024-12-06 06:33:20,37.48117647058824,,,,,,,,
2024-12-06 06:34:22,37.48117647058824,,,,,,,,
2024-12-06 06:35:24,37.48117647058824,,,,,,,,
2024-12-06 06:36:25,,,,,,,,36.10509803921569,
2024-12-06 06:37:28,,,,,,,,36.10509803921569,
2024-12-06 06:38:30,,,,,,,,36.116470588235295,
2024-12-06 06:39:31,,,,,,,,36.116470588235295,
2024-12-06 06:40:33,,36.953165266106446,,,,,,,
2024-12-06 06:41:35,37.46474945533769,,,,,,,,
2024-12-06 06:42:37,37.46474945533769,36.953165266106446,,,,,,,
2024-12-06 06:45:41,37.46474945533769,,,,,,,,
2024-12-06 06:51:54,,,,,,,,,
2024-12-06 06:58:03,,,,,,,,36.364139433551195,
2024-12-06 07:17:36,,36.93908496732027,,,,,,36.39699346405229,
2024-12-06 07:18:37,,36.936491228070174,,,,,,36.520196078431375,
2024-12-06 07:19:39,,36.94154901960784,,,,,,36.55379679144386,
2024-12-06 07:20:41,,,,,,,,36.52691622103387,
2024-12-06 07:35:04,,36.97044563279858,,,,,,,
2024-12-06 07:36:07,,36.96693947144076,,,,,,,
2024-12-06 07:37:09,,37.01300653594772,,,,,,,
2024-12-06 07:38:10,,37.01399215686275,,,,,,,
2024-12-06 07:40:14,,37.014901960784314,,,,,,,
2024-12-06 07:41:16,,37.01026870007262,,,,,,,
2024-12-06 07:43:19,,37.02122004357299,,,,,,,
2024-12-06 07:44:20,,37.02708683473389,,,,,,,
2024-12-06 07:45:22,,37.053487394957976,,,,,,,
2024-12-06 07:46:24,,37.06404761904762,,,,,,,
2024-12-06 07:47:26,,37.06823529411765,,,,,,,
2024-12-06 07:49:29,,37.09678431372549,,,,,,36.84052287581699,
2024-12-06 07:50:33,,37.10392156862745,,,,,,36.81588235294117,
2024-12-06 07:51:35,,37.1192156862745,,,,,,36.821568627450986,
2024-12-06 07:52:36,,37.129411764705885,,,,,,,
2024-12-06 07:53:38,,37.11411764705882,,,,,,36.79572192513369,
2024-12-06 07:54:39,,37.129411764705885,,,,,,,
2024-12-06 07:55:41,,37.111568627450986,,,,,,36.79572192513369,
2024-12-06 07:56:43,,37.137969187675075,,,,,,36.83604278074867,
2024-12-06 07:57:44,,37.137969187675075,,,,,,36.809162210338684,
2024-12-06 07:58:46,,37.148529411764706,,,,,,36.79572192513369,
2024-12-06 07:59:47,,37.132689075630246,,,,,,36.80916221033868,
2024-12-06 08:00:49,,37.13268907563025,,,,,,36.80916221033868,
2024-12-06 08:01:50,,37.137969187675075,,,,,,36.80916221033868,
2024-12-06 08:02:53,,37.148529411764706,,,,,,,
2024-12-06 08:03:55,,37.13268907563025,,,,,,,
2024-12-06 08:04:57,,,,,,,,,
2024-12-06 08:10:05,,,,,,,,,37.03764705882353
2024-12-06 08:12:08,,37.14324929971989,,,,,,,
2024-12-06 08:13:10,,37.14324929971989,,,,,,,
2024-12-06 08:14:12,,37.12740896358544,,,,,,,
2024-12-06 08:15:13,,37.11684873949581,,,,,,,
2024-12-06 08:16:15,37.18549019607843,,,,,,,,
2024-12-06 08:17:16,,37.111568627450986,,,,,,,
2024-12-06 08:18:18,,37.10628851540616,,,,,,,
2024-12-06 08:19:21,,37.095728291316526,,,,,,,
2024-12-06 08:20:23,,37.1168487394958,,,,,,,
2024-12-06 08:21:25,,37.10335511982571,,,,,,,
2024-12-06 08:22:26,,37.10588235294118,,,,,,,
2024-12-06 08:23:28,,37.10019607843138,,,,,,,
2024-12-06 08:25:31,,37.094509803921575,,,,,,35.179047619047616,
2024-12-06 08:26:33,,37.10019607843138,,,,,,35.134166666666665,
2024-12-06 08:27:35,,37.08882352941176,,,,,,35.337450980392155,
2024-12-06 08:28:36,,37.0759767610748,,,,,,,
2024-12-06 08:29:38,,37.0759767610748,,,,,,35.4668137254902,
2024-12-06 08:30:40,,37.09240377632535,,,,,,,
2024-12-06 08:31:42,,37.08145243282498,,,,,,,
2024-12-06 08:32:43,37.48117647058824,37.06502541757444,,,,,,,
2024-12-06 08:33:48,,37.085168067226896,,,,,,35.4113725490196,
2024-12-06 08:34:49,37.03764705882353,37.085168067226896,,36.88980392156863,,,,,
2024-12-06 08:35:51,,37.08145243282498,,,,,,,
2024-12-06 08:38:56,,37.07176470588236,,,,,,,
2024-12-06 08:40:59,,,,,,,,35.63313725490197,
2024-12-06 08:42:01,,,,,,,,35.80114081996435,
2024-12-06 08:43:03,,,,36.59411764705882,,,,,
2024-12-06 08:44:04,,37.14236928104575,,36.741960784313726,,,,,
2024-12-06 08:45:06,,37.1362091503268,,36.88980392156863,,,,35.795764705882355,
2024-12-06 08:46:08,37.333333333333336,37.19781045751634,,,,,,,
2024-12-06 08:48:12,,37.228611111111114,,,,,,,
2024-12-06 08:50:16,,37.21763000852515,,,,,,,
2024-12-06 08:51:18,,37.21237076648842,,,,,,,
2024-12-06 08:52:19,,37.14516934046347,,,,,,,
2024-12-06 08:56:25,,37.15028944911298,,,,,,,
2024-12-06 08:58:29,,37.122128851540616,,,,,,,
2024-12-06 08:59:30,,37.14113725490197,,,,,,,
2024-12-06 09:00:31,,,,,,,,34.981283422459896,
2024-12-06 09:01:33,,,,,,,,34.99472370766488,
2024-12-06 09:05:40,,,37.18549019607843,,,,,,
2024-12-06 09:06:42,,37.068771929824564,,,,,,34.499673202614375,
2024-12-06 09:07:44,,36.9341568627451,,,,,,,
2024-12-06 09:08:45,37.333333333333336,,,,,,,,
2024-12-06 09:09:47,,36.94729847494554,,,,,,,
2024-12-06 09:11:50,,36.881107266436,,,,,,,
2024-12-06 09:12:52,,36.90828431372549,,,,36.741960784313726,,,
2024-12-06 09:18:01,,,36.88980392156863,,,,36.741960784313726,34.48399286987522,35.55921568627451
2024-12-06 09:22:08,37.23477124183007,,,,,,,,
2024-12-06 09:26:15,,37.014901960784314,,,,,,34.725918003565056,
2024-12-06 09:27:17,,,,,,,,34.631836007130126,
2024-12-06 09:30:23,,36.83604278074866,,,,,,34.57807486631015,
2024-12-06 09:31:25,,,,36.00274509803921,,,,,
2024-12-06 09:32:27,,,,36.29843137254902,,,,34.61839572192513,
2024-12-06 09:33:28,,36.72553376906318,,36.59411764705882,,,,,
2024-12-06 09:34:30,37.1362091503268,,,,,,,34.22862745098039,
2024-12-06 09:35:32,37.14606535947713,36.840522875816994,,,,,,34.1957734204793,
2024-12-06 09:36:33,37.12635294117647,,,,,,,33.82205882352942,
2024-12-06 09:38:37,37.148529411764706,,,,,,,,
2024-12-06 09:39:39,37.11156862745098,,,,,,,,
2024-12-06 09:40:41,,,,35.85490196078432,,,,,
2024-12-06 09:44:47,37.12461361014994,,,,,,,33.63725490196079,
2024-12-06 10:01:15,,,35.670098039215695,34.9678431372549,,,36.59411764705882,,
2024-12-06 10:11:33,37.12799564270152,,,,,,,,
2024-12-06 10:13:37,37.12799564270152,,35.71843137254902,,,,,,
2024-12-06 10:14:39,37.1543653250774,,,,,,,,
2024-12-06 10:15:41,37.15592156862745,,,,,,,,
2024-12-06 10:16:43,37.1633137254902,,35.60541666666667,,,,,,
2024-12-06 10:17:45,37.1633137254902,,35.611395617070364,,,,,,
2024-12-06 10:18:48,37.17070588235294,,35.65777777777778,,,,,,
2024-12-06 10:19:50,,,35.63313725490196,,,,37.03764705882353,,
2024-12-06 10:20:53,,,35.64135076252724,,,,,,
2024-12-06 10:21:55,,,,,,,35.85490196078432,,
2024-12-06 10:22:57,37.185490196078426,,35.64135076252724,,,33.63725490196079,,,
2024-12-06 10:23:59,37.20027450980392,,35.64956427015251,,,,,,
2024-12-06 10:25:00,37.20105263157895,,35.624923747276696,,,,,,
2024-12-06 10:26:02,,,35.63313725490197,,,,,,
2024-12-06 10:27:03,37.25201960784314,,35.61671023965142,,,,,,
2024-12-06 10:30:11,,,35.55051903114187,,,,,,
2024-12-06 10:33:17,37.26293183940243,,35.60849673202615,,,,,,
2024-12-06 10:34:18,37.2840522875817,,35.63313725490197,,,,,,
2024-12-06 10:35:20,37.3111568627451,,35.69927760577915,,,,,,
2024-12-06 10:37:23,,,,,,,36.32307189542484,,
2024-12-06 10:40:28,,,35.77276688453159,,,,36.520196078431375,,
2024-12-06 10:41:30,37.35072664359862,,35.776632064590544,,,,,,
2024-12-06 10:42:32,37.394209919261826,,,,,,,,
2024-12-06 10:43:34,37.41546840958606,,,,,,,,
2024-12-06 10:44:35,37.3955830753354,,,,,,,,
2024-12-06 10:45:37,,36.88980392156863,,,,31.86313725490196,36.416705882352936,,
2024-12-06 10:46:38,37.431895424836604,36.59411764705882,,,,,,,
2024-12-06 10:47:40,,36.741960784313726,,,,,36.44627450980393,,
2024-12-06 10:50:45,37.45345588235294,,,,,,,,
2024-12-06 10:51:49,37.45345588235294,,,,,,,,
2024-12-06 10:53:53,37.4713202614379,,,,,,,,
2024-12-06 10:54:55,37.50088888888889,,35.8302614379085,,,,36.26886274509804,,
2024-12-06 10:55:56,37.49173669467787,,35.78770053475935,,,,,,
2024-12-06 10:56:59,,,35.692274509803916,,,,,,
2024-12-06 10:58:01,,36.59411764705882,,,,,,,
2024-12-06 11:00:05,,,,,,,,,37.333333333333336
2024-12-06 11:02:08,,,,,,,36.00274509803921,,
2024-12-06 11:03:09,37.48117647058823,,36.22450980392157,,,,,,
2024-12-06 11:05:13,37.46639215686275,,36.150588235294116,,,,,,
2024-12-06 11:07:17,37.46474945533769,,,,,,,,
2024-12-06 11:11:23,,36.26886274509804,,,,,,,
2024-12-06 11:14:29,,,36.150588235294116,,,,,,
2024-12-06 11:15:30,,,,,,,,,35.460653594771244
2024-12-06 11:16:32,,,,,,,,,35.60356862745099
2024-12-06 11:17:33,,,,36.88980392156863,,,,,35.66270588235294
2024-12-06 11:18:35,,,,36.741960784313726,,,,,
2024-12-06 11:19:37,,,,36.29843137254902,,,,35.74401960784314,
2024-12-06 11:20:38,,,,37.18549019607843,,,,,
2024-12-06 11:25:49,,,,,,,,,
2024-12-06 11:32:00,,,,,37.03764705882353,,,,
2024-12-06 11:33:01,,,,,,,,,
2024-12-06 11:36:06,,,,,,,,,
2024-12-06 11:41:16,,,,,,,,,35.697818627450985
2024-12-06 11:46:24,,34.5243137254902,,,,,,,
2024-12-06 11:48:28,,,,,,,,,35.66085784313726
2024-12-06 11:52:37,,,,,,,,35.524429065743945,
2024-12-06 11:53:39,,,,,,,,35.47708061002179,35.58530565167243
2024-12-06 11:54:40,,,,,,,,35.5047471620227,35.61139561707036
2024-12-06 11:55:42,,,,,,,,35.53703921568628,35.540735294117646
2024-12-06 11:56:44,,,,,,,,35.51697478991596,
2024-12-06 11:57:46,,,,,,,,35.49873440285205,35.50377450980392
2024-12-06 11:58:48,,,,,,,,35.50136402387041,35.49833910034602
2024-12-06 11:59:50,,,,,,,,35.53350383631713,35.49833910034602
2024-12-06 12:00:52,,,,,,,,35.522254901960785,35.49833910034602
2024-12-06 12:01:55,,,,,,,,35.59617647058824,35.507035755478654
2024-12-06 12:02:57,,,,,,,,35.582870588235295,35.5157324106113
2024-12-06 12:03:59,,,,,,,,35.57058823529412,35.62389705882353
2024-12-06 12:05:01,,,,,,,,35.55921568627451,
2024-12-06 12:06:02,,,,,,,,35.54337535014006,
2024-12-06 12:07:04,,,,,,,,35.54392156862746,
2024-12-06 12:08:06,,,,,,,,35.53950326797386,
2024-12-06 12:09:08,,,,,,,,35.524718954248364,35.823221288515406
2024-12-06 12:10:10,,,,,,,,35.490222222222215,
2024-12-06 12:11:12,,,,,,,,,
2024-12-06 12:12:13,,,,37.48117647058824,,,,35.47473389355742,
2024-12-06 12:13:15,,,,,,,,35.44970225127087,35.695686274509804
2024-12-06 12:14:17,,,,,,,,35.444226579520695,35.68241830065359
2024-12-06 12:15:19,,,,37.333333333333336,,,,35.42779956427015,
2024-12-06 12:16:21,,,,,,,,35.4113725490196,
2024-12-06 12:17:23,,,,,,,,35.4,
2024-12-06 12:18:24,,,,,,,,35.42843137254902,
2024-12-06 12:19:26,,,,,,,,35.47392156862745,
2024-12-06 12:20:28,,,,,,,,35.485294117647065,
2024-12-06 12:21:29,,,,,,,,35.50803921568628,
2024-12-06 12:22:32,,,,,,,,35.508039215686274,35.453613445378146
2024-12-06 12:23:33,,,,,,,,35.52373333333333,
2024-12-06 12:24:35,,,,,,,,35.5769568627451,
2024-12-06 12:25:37,,,,,,,,35.594698039215686,
2024-12-06 12:26:39,,,,,,,,,35.30577030812325
2024-12-06 12:27:40,,,,,,,,,35.284649859943976
2024-12-06 12:28:42,,,36.59411764705882,,,,,,
2024-12-06 12:30:46,,,,,,,,35.63018039215686,
2024-12-06 12:33:51,,,,,,,,35.66566274509805,35.70705882352941
2024-12-06 12:35:56,,,,37.03764705882353,,,,,
2024-12-06 12:36:57,,,,,,,,35.69523137254902,
2024-12-06 12:42:07,,,,,,,,35.718886274509806,
2024-12-06 12:43:09,,,,,,,,,
2024-12-06 12:44:10,,,,,,,,35.78419437340154,
2024-12-06 12:45:12,,,,,,,,35.81458110516934,
2024-12-06 12:46:14,,,,,,,,35.88850267379679,
2024-12-06 12:47:16,,,,,37.03764705882353,,,,
2024-12-06 12:48:17,,,,37.18549019607843,,,,35.94898395721925,
2024-12-06 12:49:19,,,,,,,,36.03634581105169,
2024-12-06 12:50:21,,,,,,,,36.10354723707665,
2024-12-06 12:51:23,,,,,,,,36.12487638533674,
2024-12-06 12:54:28,,,,,,,,36.13826797385621,
2024-12-06 12:55:29,,,,,,,,36.186070588235296,
2024-12-06 12:56:31,,,,,,,,36.20602941176471,
2024-12-06 12:57:33,,,,,,,,36.24057971014493,
2024-12-06 13:06:48,,,,,,,,36.23683006535948,
2024-12-06 13:07:50,34.82,,,,,,,36.2737908496732,
2024-12-06 13:09:54,,,,,,,,,36.09145098039215
2024-12-06 13:11:00,,,,,,,,,36.09145098039215
2024-12-06 13:12:01,,,,,,,,,36.061882352941176
2024-12-06 13:14:05,,,,,,,,36.378513071895426,
2024-12-06 13:15:07,,,,,,,,36.42779411764706,
2024-12-06 13:16:09,,,,,,,,36.428533333333334,
2024-12-06 13:17:11,,,,,,,,36.44627450980392,
2024-12-06 13:19:15,,,,,,,,36.4699294117647,
2024-12-06 13:21:18,,,,,,,,36.529066666666665,
2024-12-06 13:23:22,,,,,,,,36.58229019607843,
2024-12-06 13:25:26,,,,,,,,,
2024-12-06 13:26:29,,,,,,,,,36.62099821746881
2024-12-06 13:27:30,,,,,,,,,36.581797385620916
2024-12-06 13:29:34,,,,,,,,36.73604705882353,
2024-12-06 13:30:36,,,,,,,,36.75378823529412,
2024-12-06 13:31:37,,,,,,,,36.79518431372549,
2024-12-06 13:32:39,,,,,,,,36.810196078431375,
2024-12-06 13:33:42,,,,,,,,36.813144517066085,
2024-12-06 13:34:44,,,,,,,36.741960784313726,36.831722689075626,
2024-12-06 13:35:46,,,,,,,36.59411764705882,36.86868347338936,
2024-12-06 13:36:47,,,,,,,,36.900364145658266,36.634438502673795
2024-12-06 13:37:49,,,,,,,,36.91620448179272,36.64787878787879
2024-12-06 13:38:51,,,,,,,,36.82644257703082,36.64787878787879
2024-12-06 13:39:53,,,,,,,,36.83700280112045,36.634438502673795
2024-12-06 13:40:55,,,,,,,,36.847563025210086,36.634438502673795
2024-12-06 13:41:57,,,,,,,,36.85284313725491,36.634438502673795
2024-12-06 13:42:59,,,,,,,,36.77364145658264,36.634438502673795
2024-12-06 13:44:01,,,,,,,,36.778921568627446,36.68819964349375
2024-12-06 13:45:04,,,,,,,,36.80313725490196,
2024-12-06 13:46:06,,,,,,,,36.81333333333333,36.674759358288775
2024-12-06 13:47:08,,,,,,,,36.81333333333333,
2024-12-06 13:48:10,,,,,,,,36.8286274509804,
2024-12-06 13:49:11,,,,,,,,36.81333333333333,
2024-12-06 13:50:13,,,,,,,,36.80823529411765,
2024-12-06 13:51:15,,,,,,,,36.80823529411765,
2024-12-06 13:52:17,,,,,,,,36.757254901960785,
2024-12-06 13:53:19,,,,,,,,36.69607843137254,
2024-12-06 13:54:21,,,,,,,,,
2024-12-06 13:55:22,,,,,,,,36.69607843137255,
2024-12-06 13:56:24,,,,,,,,36.699719887955176,
2024-12-06 13:58:28,,,,,,,,36.70363108206246,
2024-12-06 13:59:30,,,,,,,,36.759019607843136,
2024-12-06 14:04:38,,,,,,,,,36.88980392156863
2024-12-06 14:11:53,,,,,,,,36.67099607843137,
2024-12-06 14:19:07,,,,,,,,36.68651960784314,36.88980392156863
2024-12-06 14:20:09,,,,,,,,36.67125319693094,
2024-12-06 14:21:10,,,,,,,,36.66131907308378,
2024-12-06 14:23:14,,,,,,,,36.671559290382824,
2024-12-06 14:25:17,,,,,,,,36.62368627450981,
2024-12-06 14:26:19,,,,,,,,36.57855521155831,
2024-12-06 14:27:21,,,,,,,,36.63518518518518,
2024-12-06 14:28:22,,37.48117647058824,,,,,,36.60281430219146,
2024-12-06 14:41:46,,,,,,,,36.49845444059977,
2024-12-06 14:44:53,,,,37.48117647058824,,,,36.611510957324114,
2024-12-06 14:45:55,,36.741960784313726,,,,,,,
2024-12-06 14:46:57,,36.741960784313726,,,,,,,
2024-12-06 14:49:01,,37.48117647058824,,,,,,,
2024-12-06 14:50:03,,,,,,,,36.663111111111114,
2024-12-06 14:51:05,,36.88980392156863,,,,,,,
2024-12-06 14:55:14,,,37.18549019607843,,,,,,
2024-12-06 15:01:25,37.7953431372549,,,,,,,,
2024-12-06 15:02:27,,,,,,,,,
2024-12-06 15:03:29,37.832303921568624,,,,,,,,
2024-12-06 15:05:32,,,37.333333333333336,,,,,,
2024-12-06 15:14:51,37.81382352941176,,,,,,,,
2024-12-06 15:34:33,37.7953431372549,,,37.92470588235294,,,,,
2024-12-06 15:35:35,37.77686274509804,,,,,,,,37.27419607843138
2024-12-06 15:36:37,37.7953431372549,,,,37.92470588235294,,,36.175228758169936,37.21237076648842
2024-12-06 15:37:38,37.7953431372549,,,,,,,36.08898692810458,37.185490196078426
2024-12-06 15:38:40,37.81382352941176,,,,,,,35.96242424242425,37.13999999999999
2024-12-06 15:40:44,,,,,,,,,37.069327731092436
2024-12-06 15:41:45,,,,,,,,,37.03764705882353
2024-12-06 15:42:47,,,,,,,,35.593333333333334,36.99144607843137
2024-12-06 15:43:49,,,,,,,,,36.994163783160324
2024-12-06 15:44:50,,,,,,,,,36.98546712802768
2024-12-06 15:45:52,,,,,,,,,36.95551198257081
2024-12-06 15:46:54,,,,,,,,35.115686274509805,
2024-12-06 15:47:56,,,,,,,,35.13416666666667,
2024-12-06 15:48:58,,,,,,,,35.143406862745096,
2024-12-06 15:50:00,,,,37.77686274509804,,,,,36.86292335115865
2024-12-06 15:51:01,,,,,,,,35.19395617070357,
2024-12-06 15:52:03,,,,,,,,35.16786620530565,
2024-12-06 15:53:05,,,,37.48117647058824,,,,35.13307958477509,36.7727614379085
2024-12-06 15:54:07,,,,,,,,35.01132641291811,36.723480392156866
2024-12-06 15:55:09,,,,,,,,,36.66803921568628
2024-12-06 15:56:11,,,,,,,,,36.63107843137255
2024-12-06 15:57:13,,,,,,,,34.859424836601306,36.56331699346405
2024-12-06 15:58:14,,,,,,,,34.869281045751634,36.51403594771242
2024-12-06 15:59:16,,,,,,,,34.84956862745098,36.458594771241835
2024-12-06 16:00:18,,,37.48117647058824,,,,,34.800287581699344,
2024-12-06 16:01:19,,,,37.48117647058824,,,,,36.37235294117647
2024-12-06 16:02:21,,,,,,,,34.903161764705885,36.316911764705885
2024-12-06 16:03:23,,,,,,,,34.75531862745098,36.316172549019605
2024-12-06 16:04:25,,36.29843137254902,,,,,,,36.321176470588235
2024-12-06 16:05:27,,,,,,,,34.73129411764706,36.321176470588235
2024-12-06 16:06:32,,36.741960784313726,,37.37557422969188,,,,,36.29251764705882
2024-12-06 16:07:34,,36.59411764705882,,37.39669467787115,,,,,36.29274509803922
2024-12-06 16:08:35,,,,37.39669467787115,,,,,36.27652868554829
2024-12-06 16:09:37,,,,,,,,35.05654901960784,36.254625998547574
2024-12-06 16:10:38,,,,,,,,,36.25862745098039
2024-12-06 16:11:40,,,,,,,,,36.230196078431376
2024-12-06 16:12:43,,,,,,34.08078431372549,,,36.22155294117647
2024-12-06 16:13:45,,36.741960784313726,,,,,,,36.19986928104576
2024-12-06 16:14:46,,,,,,,,35.176562860438295,36.18915601023018
2024-12-06 16:15:48,,,37.333333333333336,37.375574229691885,,,,,36.19090909090909
2024-12-06 16:16:50,,,,,,34.37647058823529,,,36.20201193520886
2024-12-06 16:17:51,37.333333333333336,,,,,,,35.40151633986929,36.18915601023018
2024-12-06 16:18:53,,,,,,,,35.58878431372549,36.15730837789661
2024-12-06 16:19:55,,,,,,,,,36.13650793650794
2024-12-06 16:20:57,,,,,,,,35.67009803921569,
2024-12-06 16:21:59,,,,37.42573529411765,,,,35.805620915032684,
2024-12-06 16:23:01,37.333333333333336,,,,,,,35.90418300653595,36.11773420479303
2024-12-06 16:24:03,37.333333333333336,,,,,,,,36.11773420479303
2024-12-06 16:25:04,,,,,,,,,36.10952069716776
2024-12-06 16:27:08,,,,,,,,35.79946078431372,
2024-12-06 16:28:09,,,,37.3518137254902,,,,35.81141868512111,36.068453159041404
2024-12-06 16:29:11,,,,,,,,35.80562091503268,
2024-12-06 16:30:14,,,,,,,,35.675933952528375,
2024-12-06 16:31:17,,,,,,,,35.60356862745099,
2024-12-06 16:33:21,,,37.48117647058824,,,,,,
2024-12-06 16:34:22,,,,37.35445378151262,,,,,36.014117647058825
2024-12-06 16:35:24,,,,,,,,,36.03970588235294
2024-12-06 16:36:26,,,37.77686274509804,,,,,35.06864527629234,
2024-12-06 16:37:28,,36.65325490196078,,,,,,34.94768270944742,
2024-12-06 16:38:30,,36.840522875817,,,,,,34.884279624893445,
2024-12-06 16:39:32,,36.79124183006537,,,,,,,
2024-12-06 16:40:34,,36.76660130718954,,,,,,,
2024-12-06 16:44:41,,,,,,,,34.65930093776642,36.00274509803921
2024-12-06 16:45:43,,,,37.38261437908497,,,,34.48399286987523,35.98426470588235
2024-12-06 16:46:45,,,,37.38261437908497,,,,,36.00274509803921
2024-12-06 16:47:46,,,,37.431895424836604,,,,34.3694304388422,36.02122549019608
2024-12-06 16:48:48,,,,,,,,34.37647058823529,
2024-12-06 16:49:50,,,,,,,,34.39981424148607,
2024-12-06 16:50:52,,,,,,,,34.36825708061002,
2024-12-06 16:51:54,,36.81588235294118,,,,,,34.33540305010893,
2024-12-06 16:52:56,,,,,,,,34.35183006535948,
2024-12-06 16:53:58,,,,,,,,34.34534571723426,
2024-12-06 16:55:03,,,,,,,,34.42082352941176,
2024-12-06 16:56:05,,36.69267973856209,,,,,,34.337564499484,
2024-12-06 16:57:07,,36.520196078431375,,,,,,34.174158926728595,
2024-12-06 16:58:09,,,,,,,,34.06435729847495,
2024-12-06 16:59:11,,,,,,,,34.0479302832244,
2024-12-06 17:00:13,37.333333333333336,,,37.27789215686275,,,,34.0479302832244,
2024-12-06 17:01:15,,,,,,,,,35.85490196078432
2024-12-06 17:02:16,,,,,,,,,35.85490196078432
2024-12-06 17:03:18,,,37.629019607843134,,,,,,
2024-12-06 17:06:23,,,,37.30376470588236,,,,,
2024-12-06 17:07:25,,,,37.30376470588236,,,,,
2024-12-06 17:11:31,37.15592156862745,,,37.27419607843138,,36.00274509803921,,,
2024-12-06 17:12:33,,,,,,,,33.760457516339876,
2024-12-06 17:13:35,,,,,,36.15058823529412,,,
2024-12-06 17:15:39,,,,,,,,33.74074509803923,
2024-12-06 17:16:41,,,,37.26997198879552,,,,,
2024-12-06 17:19:48,37.111568627450986,,35.70705882352941,,,,,,
2024-12-06 17:21:51,,36.68509803921569,,,,,,34.01742296918768,
2024-12-06 17:34:13,,36.69647058823529,,,,,,,
2024-12-06 17:35:14,,36.73140056022409,,,,,,,
2024-12-06 17:36:16,,36.741960784313726,,,,,,,
2024-12-06 17:37:18,,36.73140056022409,,,,,,,
2024-12-06 17:40:24,,36.699719887955176,,,,,,,
2024-12-06 17:41:25,37.36618736383443,36.66803921568628,,,,,,,
2024-12-06 17:43:31,37.40725490196078,36.689159663865546,,,,,,,
2024-12-06 17:44:33,,36.65747899159664,,,,,,,
2024-12-06 17:49:42,,36.63635854341737,,,,,,,
2024-12-06 18:13:27,37.44421568627451,,,,,,,,
2024-12-06 18:14:29,,,,37.333333333333336,,,,,
2024-12-06 18:15:31,,,,37.18549019607843,,,,,
2024-12-06 18:17:34,,36.64691876750701,,,,,,,
2024-12-06 18:18:36,,36.64691876750701,,37.03764705882353,,,,,
2024-12-06 18:19:38,,36.64691876750701,,,,,,,
2024-12-06 18:20:40,,36.68509803921568,,,,,,,
2024-12-06 18:21:41,,36.766601307189546,,,,,,,
2024-12-06 18:24:47,37.49673890608875,,,,,,,,
2024-12-06 18:48:31,37.52552941176471,,,,,,,,
2024-12-06 18:52:39,37.58466666666667,,,,,,,,
2024-12-06 18:54:44,37.59381886087768,,,,,,,,
2024-12-06 18:55:46,37.600859010270774,,,,,,,,
2024-12-06 18:56:48,37.62901960784314,,,,,,,,
2024-12-06 18:58:52,37.62901960784314,,,,,,,,
2024-12-06 18:59:53,37.63641176470588,,,,,,,,
2024-12-06 19:00:55,37.65236326109391,,,,,,,,
2024-12-06 19:01:57,37.6368008255934,,,,,,,,
2024-12-06 19:02:59,37.62901960784314,,,,,,,,
2024-12-06 19:04:00,37.65236326109391,,,,,,,,
2024-12-06 19:07:05,37.62901960784314,,,,,,,,
2024-12-06 19:08:07,37.62901960784314,,,,,,,,
2024-12-06 19:09:09,,,,,,,,,
2024-12-06 19:10:11,37.6368008255934,,,,,,,,
2024-12-06 19:11:13,37.61259259259259,,,,,,,,
2024-12-06 19:12:14,37.61162629757786,,,,,,,,
2024-12-06 19:13:16,37.61977941176471,,,,,,,,
2024-12-06 19:17:24,37.63887581699347,,,,,,,,
2024-12-06 19:18:26,,,,,,,,,
2024-12-06 19:19:27,,36.85812324929973,,,,,,,
2024-12-06 19:21:31,,36.91092436974791,,,,,,,
2024-12-06 19:22:33,,36.91092436974791,,,,,,,
2024-12-06 19:23:36,,36.91092436974791,,,,,,,
2024-12-06 19:24:37,,,,,,,,,
2024-12-06 19:41:08,,36.936004901960786,,,,,,,
2024-12-06 19:42:09,,36.933287197231834,,,,,,,
2024-12-06 19:43:11,,36.96372549019608,,,,,,,
2024-12-06 19:44:13,,36.95551198257081,,,,,,,
2024-12-06 19:45:14,,36.95551198257081,,,,,,,
2024-12-06 19:46:16,,36.93087145969499,,,,,,,
2024-12-06 19:47:17,,36.93087145969499,,,,,,,
2024-12-06 19:49:21,,36.95551198257081,,,,,,,
2024-12-06 19:50:24,,36.93908496732027,,,,,,,
2024-12-06 19:53:33,,,36.323071895424846,,,,,,
2024-12-06 19:54:34,,,,,,,,,
2024-12-06 19:59:43,,,,,,,,35.70705882352941,
2024-12-06 20:01:47,,,,,,,,35.55921568627451,
2024-12-06 20:17:17,37.502296918767506,,,,,,,36.29843137254902,
2024-12-06 20:28:38,,36.90117647058823,,,,,,,
2024-12-06 20:37:53,,,,,,,,,
2024-12-06 20:48:12,,36.83604278074866,,,,,,,
2024-12-06 20:56:28,,36.830666666666666,,,,,,,
2024-12-06 21:41:53,37.61259259259259,,36.538676470588236,,,,,,
2024-12-06 21:42:55,37.62901960784314,,36.520196078431375,,,,,,
2024-12-06 21:43:57,,,36.57563725490196,,,,,,
2024-12-06 21:44:59,37.69472766884532,,,,,,,,
2024-12-06 21:46:01,37.732509803921566,,36.64339869281046,,,,,,
2024-12-06 21:47:02,,,36.741960784313726,,,,36.29843137254902,,34.08078431372549
2024-12-06 21:48:04,37.74998217468806,,,,,,,,
2024-12-06 21:52:11,37.73654188948307,,36.610544662309366,,,,,,34.82
2024-12-06 21:54:15,,,,34.9678431372549,,,,,
2024-12-06 21:55:16,37.80150326797385,,,,,,,,
2024-12-06 21:58:21,,,36.44627450980393,,,,,,
2024-12-06 21:59:23,37.78918300653594,,,,,,,,
2024-12-06 22:01:27,,,,,35.26352941176471,,,,
2024-12-06 22:02:29,,,,,35.55921568627451,,,,
2024-12-06 22:04:33,37.73990196078431,,,,,,,35.41137254901961,
2024-12-06 22:07:38,,,,,,,,35.70705882352941,
2024-12-06 22:09:41,,36.39083333333333,,,,,,,
2024-12-06 22:11:45,,36.37235294117647,,,,,,35.41137254901961,
2024-12-06 22:12:47,,,36.67625272331155,,,,,,
2024-12-06 22:16:53,37.793289760348586,,,,,,,,
2024-12-06 22:17:54,,,,,35.70705882352941,,,,
2024-12-06 22:18:56,37.86926470588235,36.53498039215686,,,,,,,
2024-12-06 22:20:00,,36.52019607843137,,,,,,,
2024-12-06 22:24:06,,36.51347593582887,,,,,,,
2024-12-06 22:27:12,37.99862745098039,36.51347593582887,,,,,,,
2024-12-06 22:29:16,,,,,,37.09678431372549,,,
2024-12-06 22:31:19,38.09366946778711,,,,,37.18549019607844,,,
2024-12-06 22:32:21,,36.500035650623886,36.983885918003566,,,,,,
2024-12-06 22:33:22,,36.4865953654189,36.97604575163398,,,,,,
2024-12-06 22:35:26,,36.54035650623885,,,,,,,
2024-12-06 22:36:28,,,,,,,,,
2024-12-06 22:37:29,,,36.88980392156862,,,,36.11362745098039,,
2024-12-06 22:39:33,,,36.81588235294117,,,36.988366013071904,36.00274509803921,,
2024-12-06 22:40:35,,,,,,,36.00274509803921,,
2024-12-06 22:43:40,,36.528409586056654,36.863713956170706,,,,,,
2024-12-06 22:44:42,,,,,,,,,
2024-12-06 22:46:45,,,36.82409586056646,,,,36.11773420479303,,
2024-12-06 22:47:47,38.07254901960785,,36.81588235294118,,,,36.10130718954249,,
2024-12-06 22:48:49,38.07254901960785,36.61259803921569,,,,37.10100840336135,,,
2024-12-06 22:51:54,,,36.78086687306502,,,37.016526610644256,,,
2024-12-06 22:52:56,,,,,,37.016526610644256,,,
2024-12-06 22:53:57,,,,,,,,,
2024-12-06 22:54:59,,,36.80244206773619,,,,,,
2024-12-06 22:56:01,,,36.789001782531194,,,,36.298431372549025,,
2024-12-06 22:57:02,,,36.81588235294117,,,,36.212189542483664,,
2024-12-06 22:58:04,,,36.79572192513369,,,,,,
2024-12-06 22:59:05,,,36.799812446717816,,,,36.459714795008914,,
2024-12-06 23:01:10,,,36.82552429667519,,,,,,
2024-12-06 23:02:12,,,36.793384484228476,,,,,,
2024-12-06 23:03:14,,,36.79981244671781,,,,,,
2024-12-06 23:04:15,,,36.76124467178175,,,,,,
2024-12-06 23:07:21,,,36.80972222222223,,,,36.25407843137255,,
2024-12-06 23:08:22,,,,,,37.18549019607843,,,
2024-12-06 23:09:24,,36.29843137254902,,,,,,,
2024-12-06 23:11:28,,,36.82475294117648,,,,,,
2024-12-06 23:12:30,37.629019607843134,,36.807011764705884,,,,,,
2024-12-06 23:13:31,,,36.83066666666667,,,,36.13210784313726,,
2024-12-06 23:14:37,37.333333333333336,,36.77152941176471,,,,36.15058823529412,,
2024-12-06 23:15:38,37.629019607843134,,36.77152941176471,,,,,,
2024-12-06 23:16:40,,,36.81292549019608,,,,,,
2024-12-06 23:18:43,,,,35.26352941176471,,,,,
2024-12-06 23:19:45,,,36.87206274509804,,,,,,
2024-12-06 23:21:49,,,36.88980392156863,,,,,,
2024-12-06 23:22:50,,,36.872062745098034,,,,36.0430659536542,,
2024-12-06 23:25:55,,,,,,,36.1259477124183,,
2024-12-06 23:26:57,,,,,,,,,
2024-12-06 23:27:59,,,36.741960784313726,,,,,,
2024-12-06 23:29:00,,,36.75428104575163,,,,,,
2024-12-06 23:31:04,,,36.79124183006536,,,,,,
2024-12-06 23:33:07,,,36.71239215686275,,,,,,
2024-12-06 23:35:10,,,36.75970196078431,,,,,,
2024-12-06 23:36:13,,37.333333333333336,,,,36.88980392156863,,,
2024-12-06 23:38:16,,,36.830666666666666,,,,36.3195518207283,,
2024-12-06 23:40:19,,,36.84840784313726,,,,36.287058823529414,,
2024-12-06 23:41:22,,,36.77152941176471,,,,,,
2024-12-06 23:43:26,,,36.77892156862745,,35.115686274509805,,36.37803921568628,,
2024-12-06 23:44:28,,,36.803562091503274,,,,36.400784313725495,,
2024-12-06 23:45:30,,,36.78695652173913,,,,36.36666666666667,,
2024-12-06 23:46:32,37.94934640522876,,36.82260249554367,,,,36.32117647058824,,
2024-12-06 23:47:33,,,36.79828197945845,,,,36.22450980392157,,
2024-12-06 23:48:35,37.924705882352946,,36.805322128851536,,,,36.190909090909095,,
2024-12-06 23:49:37,,,36.85284313725491,,,,36.258110516934046,,
2024-12-06 23:50:39,37.94934640522876,,,,,,,,
2024-12-06 23:52:43,37.94934640522876,,,,,,,,
2024-12-06 23:58:55,,,36.85501730103806,,,,,,
2024-12-07 00:04:04,,,36.723480392156866,,,,36.258110516934046,,
2024-12-07 00:05:06,,,36.6926797385621,,,,36.23122994652406,,
2024-12-07 00:06:08,,,36.71239215686275,,,,,,
2024-12-07 00:07:10,37.92470588235294,,36.71028011204482,,34.9678431372549,,,,
2024-12-07 00:09:15,,,36.787450980392165,,,,36.33128540305011,,
2024-12-07 00:11:18,,,,36.15058823529412,,,,33.42781045751635,
2024-12-07 00:12:20,,,,36.88980392156863,,,,,
2024-12-07 00:13:22,,36.44627450980393,,,,,,,
2024-12-07 00:14:24,,,,,,,,,
2024-12-07 00:15:26,,,,,,,,33.45529411764707,
2024-12-07 00:16:28,,,,,,,,33.48941176470589,
2024-12-07 00:17:29,,,,,,,,33.542212885154065,
2024-12-07 00:18:31,,,,,,,,33.49997198879553,
2024-12-07 00:19:33,,,,,,,,33.542212885154065,
2024-12-07 00:20:35,,,,,,,,33.542212885154065,
2024-12-07 00:21:38,,,,,,,,33.499971988795515,
2024-12-07 00:22:40,,,,,,,,33.47885154061625,
2024-12-07 00:23:42,,,,,,,,33.45773109243697,
2024-12-07 00:25:45,,,,,,,,33.42605042016807,
2024-12-07 00:27:49,,,,,,,,,34.69679738562092
2024-12-07 00:29:52,,35.55921568627451,,,,,,,
2024-12-07 00:32:58,,,,,,,,33.52352941176471,
2024-12-07 00:35:02,,,,,,,,,
2024-12-07 00:36:04,,,,,,,,,34.690637254901965
2024-12-07 00:40:12,,,,,,,,,34.68085351787774
2024-12-07 00:41:13,,,,,,,,34.05121568627452,
2024-12-07 00:42:15,,,,,,,,,34.66437564499484
2024-12-07 00:43:17,,,,,,,,,34.664764705882355
2024-12-07 00:44:19,,,,,,,,,34.64399626517273
2024-12-07 00:45:21,,,,,,,,,34.638556149732615
2024-12-07 00:46:22,,,,,,,,,34.6721568627451
2024-12-07 00:47:24,,,,,,,,,34.665996732026144
2024-12-07 00:48:27,,,,,,,,,34.71355294117647
2024-12-07 00:49:29,,,,,,,,,34.746078431372545
2024-12-07 00:50:31,,,,,,,,,34.78714596949891
2024-12-07 00:51:32,,,,,,,,,34.83642701525054
2024-12-07 00:54:38,,,,,,,,,34.81452432824981
2024-12-07 00:55:40,,,,,,,,,34.81999999999999
2024-12-07 00:56:42,,,,,,,,,34.92235294117647
2024-12-07 00:57:44,,,,,,,,,34.93236078431372
2024-12-07 00:59:47,,,,,,,,,34.94936274509805
2024-12-07 01:00:49,,,,,,,,,34.94320261437909
2024-12-07 01:01:52,,,,,,,,,34.94855924978687
2024-12-07 01:03:56,,,,,,,,,34.9544028520499
2024-12-07 01:05:59,,,,,,,,,34.932642390289445
2024-12-07 01:27:38,,,,,,,,,34.8865294117647
2024-12-07 01:29:42,,,,,,,,,34.91337461300309
2024-12-07 01:43:06,,,,,,,,,34.84464052287582
2024-12-07 01:44:08,,,,,,,,,34.846089965397915
2024-12-07 01:45:09,,,,,,,,,34.8477205882353
2024-12-07 01:46:11,,,,,,,,,34.869281045751634
2024-12-07 01:56:30,,,,,,,,34.9678431372549,
2024-12-07 01:57:32,,,,,,,,34.6721568627451,
2024-12-07 01:58:33,,,,,,,37.48117647058824,,
2024-12-07 01:59:35,,,,,,,37.48117647058824,,
2024-12-07 02:00:37,,,,,,,,35.928823529411765,
2024-12-07 02:02:40,,,,,,,,35.95346405228758,
2024-12-07 02:03:43,,,,36.23929411764706,,,37.18549019607843,,
2024-12-07 02:04:44,,,,,36.741960784313726,,,,
2024-12-07 02:05:46,,,,35.96578431372549,,,,,
2024-12-07 02:09:55,,,,35.86627450980392,,,,,
2024-12-07 02:10:56,,,,35.86627450980392,,,,,
2024-12-07 02:11:58,,,,35.86627450980392,,,,,
2024-12-07 02:13:00,,,,35.86627450980392,,,,,
2024-12-07 02:17:07,,,,35.86627450980392,,,,,
2024-12-07 02:18:08,,,,35.877647058823534,,,,,
2024-12-07 02:19:10,,,,35.86627450980392,,,,,
2024-12-07 02:22:18,,,,,,,,35.51697478991597,
2024-12-07 02:23:19,,,,,,,,35.6824183006536,
2024-12-07 02:24:21,,,,,,,,35.6824183006536,
2024-12-07 02:37:47,,,35.85490196078432,,,,,,
2024-12-07 03:04:33,,,,36.05960784313725,,,,,
2024-12-07 03:05:35,,,,36.05960784313725,,,,,
2024-12-07 03:06:37,,,,35.9781045751634,,,,,
2024-12-07 03:08:41,,,,35.96578431372549,,,,,
2024-12-07 03:09:42,,,,35.908663101604276,,,,,
2024-12-07 03:31:21,,,,,,,,,34.2286274509804
2024-12-07 03:34:27,,,,,,,,,33.34156862745098
2024-12-07 03:36:30,,,,,,,,,33.34156862745098
2024-12-07 04:07:29,,,,,,,,34.6721568627451,
2024-12-07 04:44:30,,,,,,,,35.115686274509805,
2024-12-07 04:53:46,,36.858123249299716,,,,,,,
2024-12-07 04:55:49,,36.81095424836601,,,,,,,
2024-12-07 04:56:51,,36.751200980392156,,,,,,,
2024-12-07 04:57:53,,36.73326412918109,,,,,,,
2024-12-07 06:30:31,,,36.29843137254902,,,,,,
2024-12-07 06:34:40,,36.67192982456141,,,,,,,
2024-12-07 06:47:02,,36.68282352941177,,,,,,,
2024-12-07 06:50:07,,36.69267973856209,,,,,,,
2024-12-07 06:51:08,,36.69491978609626,,,,,,,
2024-12-07 06:52:10,,36.6648252344416,,,,,,,
2024-12-07 06:53:11,,36.6926797385621,,,,,,,
2024-12-07 06:54:13,,36.676909803921575,,,,,,,
2024-12-07 06:55:15,,36.68509803921569,,,,,,,
2024-12-07 07:00:25,37.03764705882353,36.709106753812634,,,,,,,
2024-12-07 07:01:27,,36.67859943977591,,,,,,,
2024-12-07 07:02:28,37.03764705882353,36.70117647058823,,,,,,,
2024-12-07 07:03:30,,36.731764705882355,,,,,,,
2024-12-07 07:04:32,,36.76745098039216,,,,,,,
2024-12-07 07:05:34,,,,,,,,,
2024-12-07 07:06:36,,,,,,,,,
2024-12-07 07:08:39,,36.76660130718954,,,,,,,
2024-12-07 07:09:40,,36.74688888888888,,,,,,,
2024-12-07 07:10:42,,36.74688888888888,,,,,,,
2024-12-07 07:11:44,,36.741960784313726,,,,,,,
2024-12-07 07:12:47,,36.75674509803921,,,,,,,
2024-12-07 07:16:54,,36.71239215686274,,,,37.01300653594771,,,
2024-12-07 07:17:56,,36.72224836601307,,,,37.058767507002806,,,
2024-12-07 07:18:58,,36.707464052287584,,,,,,,
2024-12-07 07:19:59,37.15592156862745,36.70253594771243,,,,37.10335511982571,37.03764705882353,,
2024-12-07 07:21:01,,36.71732026143791,37.00807843137254,,,37.086928104575165,,,
2024-12-07 07:22:03,,36.68282352941176,36.840522875816994,,,37.10335511982571,,,
2024-12-07 07:23:04,,36.6778954248366,36.86868347338935,,,37.082,,,
2024-12-07 07:26:16,,,,,,,,,
2024-12-07 07:27:18,,,,,,,,,
2024-12-07 07:28:20,,36.72717647058824,,,,,,,
2024-12-07 07:29:21,37.18549019607843,36.74688888888889,,,,,,,
2024-12-07 07:30:23,,36.751816993464054,,,,,,,
2024-12-07 07:31:25,,36.741960784313726,,,,,,,
2024-12-07 07:32:27,,36.741960784313726,,,,,,,
2024-12-07 07:33:29,,36.73703267973856,,,,,,,
2024-12-07 07:34:31,,36.76660130718954,,,,,,,
2024-12-07 07:35:33,,36.75674509803922,,,,37.037647058823524,,,
2024-12-07 07:36:35,37.26376009227221,36.75181699346406,36.71732026143792,,,37.05735947712419,,,
2024-12-07 07:37:37,37.25119825708062,36.75181699346406,36.72639834881322,,,37.04750326797386,,,
2024-12-07 07:38:39,37.26762527233115,36.74688888888888,,,,,,,
2024-12-07 07:39:41,37.27108359133127,36.74196078431372,36.758387799564275,,,,,,
2024-12-07 07:40:43,37.26680392156862,36.72717647058823,36.733747276688455,,,37.10100840336134,,,
2024-12-07 07:41:45,37.262931839402434,36.72717647058823,36.750174291939,,,37.111568627450986,,,
2024-12-07 07:42:47,,36.68775163398693,36.68978085351788,,,37.10664052287582,36.88980392156863,,
2024-12-07 07:43:49,37.269053708439905,36.67296732026144,36.69847750865053,,,,,,
2024-12-07 07:44:50,37.26557189542484,36.66311111111111,36.69267973856209,,,,,,
2024-12-07 07:45:52,37.25941176470588,36.65818300653594,36.69527347781218,,,,,,
2024-12-07 07:46:54,37.25645490196079,36.663111111111114,36.71239215686275,,,37.08692810457517,,,
2024-12-07 07:47:55,37.25372549019608,36.67296732026145,36.72084033613445,,,37.0998968008256,,,
2024-12-07 07:48:57,37.245722585330434,36.66311111111112,36.70163992869875,,,,,,
2024-12-07 07:50:00,37.24885154061625,,,,,37.08692810457517,,,
2024-12-07 07:51:03,37.24156862745099,36.64339869281046,36.698839869281045,,,37.0779679144385,,,
2024-12-07 07:52:05,,36.648326797385614,36.705,,,,,,
2024-12-07 07:53:07,37.2298431372549,36.638470588235286,36.68410912190963,,,,,,
2024-12-07 07:54:08,37.22491503267974,36.64509803921569,,,,,,,
2024-12-07 07:55:10,37.210130718954254,36.63490196078431,,,,37.04407502131287,,,
2024-12-07 07:56:12,37.21607843137255,36.62579831932773,36.67475935828877,,,37.05050298380222,,,
2024-12-07 07:57:14,37.21189075630252,36.6152380952381,36.671559290382824,,,37.063358908780906,,,
2024-12-07 07:58:16,37.21286855482934,36.62579831932773,,,,37.069786871270246,,,
2024-12-07 07:59:18,37.213921568627455,36.62579831932773,,,,37.07621483375959,,,
2024-12-07 08:00:20,37.21392156862745,36.63107843137255,36.700893246187356,,,37.082642796248926,37.1362091503268,,
2024-12-07 08:01:24,37.213921568627455,36.636358543417366,36.70717416378316,,,37.082642796248926,,,
2024-12-07 08:02:25,37.209145098039215,36.63107843137255,36.69847750865052,,,37.07621483375959,,,
2024-12-07 08:03:27,37.20914509803922,36.63107843137254,36.714240196078435,,,37.0779679144385,,,
2024-12-07 08:04:29,37.209145098039215,36.646918767506996,36.741960784313726,,,37.09812834224599,,,
2024-12-07 08:05:31,37.19140392156863,36.636358543417366,36.71028011204482,,,37.08907075873829,,,
2024-12-07 08:06:33,,,,,,,,,
2024-12-07 08:07:35,37.198346121057114,36.62051820728292,,,,37.09396825396826,37.1362091503268,,
2024-12-07 08:08:37,37.18549019607844,36.62579831932773,,,,37.058767507002806,37.111568627450986,,
2024-12-07 08:09:39,37.17845004668534,,,,,37.024206773618545,37.111568627450986,,
2024-12-07 08:10:40,,,,,,37.00550724637681,37.1362091503268,,
2024-12-07 08:14:47,,,,,,,,,37.03764705882353
2024-12-07 08:15:49,,36.68172839506173,,,,36.97428571428572,,,
2024-12-07 08:16:51,,36.673725490196084,,,,36.98590196078432,37.1362091503268,,
2024-12-07 08:17:52,,36.66803921568628,,,,36.97539731682147,,,
2024-12-07 08:18:54,37.13620915032681,36.66803921568628,,,,,,,
2024-12-07 08:19:56,37.10664052287582,36.66508235294118,,,,,,,
2024-12-07 08:20:58,,36.6355137254902,36.467394957983196,,,,,,
2024-12-07 08:21:59,36.99822222222222,36.6249183006536,,36.741960784313726,,,,,
2024-12-07 08:23:01,36.99540616246499,36.619829497016205,,34.87913725490196,,36.92148459383754,,,
2024-12-07 08:24:03,36.9921568627451,36.627718360071306,,,,36.594117647058816,,,
2024-12-07 08:49:49,,36.587397504456334,,,,,,,
2024-12-07 08:50:51,,36.58067736185384,,,,,,,
2024-12-07 08:51:53,,36.540356506238865,,,,36.52691622103387,,,
2024-12-07 08:52:55,,36.520196078431375,,,,36.50541176470588,,,
2024-12-07 08:53:57,,36.5169820971867,,,,36.42984749455338,,,
2024-12-07 09:02:12,,,35.26352941176471,,,,,,
2024-12-07 09:04:15,,,,35.23396078431372,,,,,
2024-12-07 09:05:17,,,,35.23396078431372,,,,31.271764705882354,
2024-12-07 09:06:18,,36.48484228473998,,,,,,,
2024-12-07 09:07:20,,36.49127024722932,,,,,,,
2024-12-07 09:08:22,36.93908496732026,,,,,,,,
2024-12-07 09:09:24,,36.500035650623886,,,,,,,
2024-12-07 09:10:25,36.908284313725495,,,35.35223529411765,,,,31.12392156862745,
2024-12-07 09:11:27,,,,35.38180392156862,,,,,
2024-12-07 09:12:29,,,,,,,,,
2024-12-07 09:14:32,36.71239215686275,36.50003565062389,,,,,,,
2024-12-07 09:17:39,36.86516339869281,36.500035650623886,,,,,,,
2024-12-07 09:18:40,,36.50675579322639,,,,,,,
2024-12-07 09:19:42,,36.50003565062389,,,,,,,
2024-12-07 09:21:45,,36.473155080213914,,,,,,,
2024-12-07 09:22:47,,36.47987522281641,,,,,,,
2024-12-07 09:23:48,,36.49769820971868,,,,,,,
2024-12-07 09:24:50,,36.43955436720143,,,,34.37647058823529,,,
2024-12-07 09:25:52,36.93908496732027,,,,,,,,
2024-12-07 09:26:54,,36.41811391223156,,,,35.066405228758164,,,
2024-12-07 09:28:58,,36.431490196078435,,,,,,,
2024-12-07 09:31:05,,,,,,,36.59411764705882,,
2024-12-07 09:33:08,,36.439234360410836,,,,,,32.15882352941176,
2024-12-07 09:34:10,,36.439234360410836,,36.44627450980393,,,,,
2024-12-07 09:35:12,,36.41267379679145,,,,,,,
2024-12-07 09:36:14,,,,,,,,,
2024-12-07 09:38:17,37.06721568627451,36.38842284739983,,,,,,32.75019607843137,
2024-12-07 09:39:19,37.03764705882353,36.38842284739983,,,,,,34.82,
2024-12-07 09:42:24,,36.39485080988918,,,,35.65161764705882,,,
2024-12-07 09:43:25,37.03764705882353,36.414134697357206,,,,,,,
2024-12-07 09:45:29,,36.40127877237852,,35.85490196078432,,,,,
2024-12-07 09:46:30,,36.38842284739983,,35.85490196078432,,,36.88980392156863,,
2024-12-07 09:48:34,37.48117647058824,,,,,35.72553921568627,,,
2024-12-07 09:52:41,,,,,,35.91826330532213,,,
2024-12-07 09:55:46,,,,,,35.876022408963586,,,
2024-12-07 09:56:47,,,,,,36.02738562091503,,,
2024-12-07 09:59:54,,36.208439897698206,,,,,,,
2024-12-07 10:16:20,,36.19558397271952,,,,,,,
2024-12-07 10:18:23,,,,,,36.21394957983193,,,
2024-12-07 10:19:24,,36.18578898225957,,,,36.19282913165266,,,
2024-12-07 10:29:39,,36.17276470588236,,,,,,,
2024-12-07 10:30:41,,36.111682146542826,,,,,,,
2024-12-07 10:31:43,,36.07666666666667,,,,,,,
2024-12-07 10:32:44,,36.09309368191722,,,,,,,
2024-12-07 10:33:46,,36.046228373702434,,,,,,,
2024-12-07 10:40:57,,36.02122549019608,,,,,,,
2024-12-07 10:41:59,,35.983032679738564,,,,,,,
2024-12-07 11:25:11,,35.886582633053216,,,,,,,
2024-12-07 11:50:52,,35.90770308123249,,,,,,,
2024-12-07 11:52:56,,35.886582633053216,,37.18549019607843,,,,,
2024-12-07 11:53:57,37.34976034858388,,,,,,,,
2024-12-07 11:54:59,,,,37.333333333333336,,37.48117647058824,,,
2024-12-07 11:56:01,37.387094474153294,,,,,,,,
2024-12-07 11:57:02,37.40053475935829,,,,,,,35.8817825311943,
2024-12-07 11:58:04,37.387094474153294,,,,,,,35.86834224598931,
2024-12-07 12:00:07,,,,,,,,35.841461675579325,
2024-12-07 12:01:11,,,,,,,,35.85490196078432,
2024-12-07 12:03:15,,,,,,,,35.85490196078432,
2024-12-07 12:04:16,,35.84258169934641,,,,,,35.922103386809276,
2024-12-07 12:05:18,37.370294117647056,,,,,,,35.89522281639929,
2024-12-07 12:06:20,,,,,,,,35.867222222222225,
2024-12-07 12:07:21,,,,,,,,35.81794117647059,
2024-12-07 12:08:24,37.333333333333336,,,,,,,35.81794117647059,
2024-12-07 12:09:26,37.333333333333336,,,,,,,35.805620915032684,
2024-12-07 12:10:27,37.41294117647059,,,,,,,35.805620915032684,
2024-12-07 12:11:29,37.4243137254902,,,,,,,,
2024-12-07 12:12:31,37.40725490196078,,,36.88980392156863,,,,,
2024-12-07 12:14:35,37.38261437908497,,,36.79124183006536,,,,,
2024-12-07 12:15:36,,,,36.81588235294117,,37.48117647058824,,,
2024-12-07 12:17:40,,36.63107843137256,,,,,,,
2024-12-07 12:18:41,,36.64955882352942,,,,,,,
2024-12-07 12:19:43,,36.57769063180828,,,,,,,
2024-12-07 12:20:45,,36.53498039215687,,,,,,,
2024-12-07 12:21:46,,,,36.86516339869281,,,,,
2024-12-07 12:22:47,37.4318954248366,,,,,,,,
2024-12-07 12:24:51,37.44421568627451,,,,,37.03764705882353,,,
2024-12-07 12:25:53,,,,36.91444444444445,,,,,
2024-12-07 12:26:55,,,,36.91444444444445,,,,,
2024-12-07 12:27:57,,,,,,,,,
2024-12-07 12:51:36,37.308692810457515,,,,,,,,36.88980392156863
2024-12-07 12:56:44,,,,,,,,,
2024-12-07 12:58:48,,,37.18549019607843,,,,,,
2024-12-07 12:59:50,,36.387137254901965,,,,,,,
2024-12-07 13:02:55,,,,,35.41137254901961,,,,36.00274509803921
2024-12-07 13:03:56,,36.35387254901961,,,,,,,
2024-12-07 13:08:03,,,,,,36.29843137254902,,,
2024-12-07 13:10:07,,36.372352941176466,,,,,,,
2024-12-07 13:11:08,,36.36742483660131,,,,,,,
2024-12-07 13:12:10,,36.327999999999996,,,,36.29843137254902,,,
2024-12-07 13:13:12,,36.31691176470588,,,,,,,
2024-12-07 13:14:13,,,,,,35.70705882352941,,,
2024-12-07 13:17:19,,,36.298431372549025,,,,35.26352941176471,,
2024-12-07 13:18:20,,36.31399380804953,,,,,,,
2024-12-07 13:20:23,,36.321775025799795,,,,,,,
2024-12-07 13:21:25,,,36.34067226890757,,,,35.70705882352941,,
2024-12-07 13:23:28,,36.26323062558357,,,,36.00274509803921,,,
2024-12-07 13:30:42,,,36.42515406162465,,,,,,
2024-12-07 13:31:43,,36.19282913165266,36.249150326797384,,,,,,
2024-12-07 13:32:45,,36.194941176470586,,,,,,,
2024-12-07 13:33:47,,,36.361792717086836,,,,,,
2024-12-07 13:34:49,,36.220989729225025,,,,,,,
2024-12-07 13:37:54,37.18549019607843,36.20690943043884,,,,,,,
2024-12-07 13:39:57,,,36.31955182072829,,,,,,
2024-12-07 13:40:59,,,,,,,,,
2024-12-07 13:42:01,,36.24396284829722,,,,32.898039215686275,,,
2024-12-07 13:44:04,,36.24093681917211,,,,,,,
2024-12-07 13:46:07,,36.23618163054696,,,,,,,
2024-12-07 13:49:12,,36.298431372549025,36.298431372549025,,,,,,
2024-12-07 13:50:14,37.38261437908497,,,,,,,,
2024-12-07 13:51:16,,36.35756862745099,,,,,,,
2024-12-07 13:56:26,,36.37587301587301,,,,,,,
2024-12-07 13:57:27,,36.36883286647993,,,,34.179346405228756,,,
2024-12-07 13:58:29,37.36618736383443,36.392513368983956,,,,34.154705882352935,,,
2024-12-07 14:00:33,,,37.18549019607843,,,,,,
2024-12-07 14:01:35,,36.44627450980392,,,,,,,
2024-12-07 14:19:06,,36.44627450980393,,,,,,34.37647058823529,
2024-12-07 14:21:10,37.32196078431373,,,,,,,34.6721568627451,
2024-12-07 14:22:12,,,,,,,,,
2024-12-07 14:24:16,,36.4865953654189,,,,,,32.75019607843137,
2024-12-07 14:25:18,37.31058823529412,,,,,,,33.72596078431373,
2024-12-07 14:26:20,37.35445378151261,,,,,,,,
2024-12-07 14:28:24,,36.654598930481285,,35.55921568627451,,34.29198879551821,,,
2024-12-07 14:29:25,,36.674759358288775,,,,,,,
2024-12-07 14:30:27,,36.721800356506236,,,,,,,
2024-12-07 14:31:29,37.431895424836604,36.748388746803066,,36.59411764705882,,34.22862745098039,,,
2024-12-07 14:32:30,37.412183006535955,36.79338448422846,,36.88980392156863,,34.20750700280112,,,
2024-12-07 14:33:32,37.402326797385626,36.83195225916453,,36.88980392156863,,34.22862745098039,,,
2024-12-07 14:34:34,,36.87694799658994,,,,,,,
2024-12-07 14:35:35,37.42837535014006,36.902659846547316,,,,,,,
2024-12-07 14:36:37,37.43893557422969,36.902659846547316,,,,,,33.76661764705882,
2024-12-07 14:37:40,37.460056022408956,,,,,,,,
2024-12-07 14:38:42,37.449495798319326,,,,,,,,
2024-12-07 14:39:43,37.44705882352942,36.93204481792717,,,,,,,
2024-12-07 14:40:45,,,,,,,,,
2024-12-07 14:41:46,,36.93204481792718,,,,34.64258823529411,,33.57811764705882,
2024-12-07 14:42:48,37.37365418894831,36.92340463458111,,,,,,,
2024-12-07 14:43:50,37.3776862745098,36.92837169650469,,,,,,33.19372549019608,
2024-12-07 14:44:52,37.3776862745098,36.9368449197861,,36.88980392156863,,,,32.60235294117648,
2024-12-07 14:45:53,,36.95700534759357,,,,,,,
2024-12-07 14:46:55,,36.95028520499108,,,,,,,
2024-12-07 14:47:57,,36.96020541549952,,,,,,,
2024-12-07 14:48:59,,36.96020541549953,,,,,,,
2024-12-07 14:50:01,,36.963725490196076,,,,,,33.93294117647059,
2024-12-07 14:52:05,,36.971117647058826,,,,,,,
2024-12-07 14:55:10,,,36.88980392156863,,,,,,
2024-12-07 15:00:19,,,,,,,,,35.64792156862745
2024-12-07 15:18:51,,,,,35.70705882352941,,,,35.05654901960784
2024-12-07 15:24:00,,,36.741960784313726,,,,,,
2024-12-07 15:25:02,,,36.94894117647059,,,,,,
2024-12-07 15:53:53,,37.000686274509796,,,,,,,
2024-12-07 15:57:59,,36.97111764705882,,,,,,,
2024-12-07 15:59:01,,36.94154901960785,,,,,,,
2024-12-07 16:05:13,,,,,,,37.18549019607843,,
2024-12-07 16:06:14,,36.90536635706915,,,,,,,
2024-12-07 16:08:18,,36.85089783281734,,,,,,,
2024-12-07 16:15:30,,,37.03764705882353,,,,,,35.5887843137255
2024-12-07 16:16:33,,36.7108359133127,,,,,,,34.84956862745098
2024-12-07 16:17:35,,,37.062287581699344,,,,,,34.84956862745098
2024-12-07 16:18:37,,36.58633642930857,,,,,,,34.84956862745098
2024-12-07 16:23:45,,36.55305010893247,,,,,,,
2024-12-07 16:24:47,,36.531867905056764,,,,,,,
2024-12-07 16:25:49,,36.5240866873065,,,,,,,
2024-12-07 16:26:50,37.333333333333336,,,,,,,,
2024-12-07 16:29:57,,,36.65325490196078,,,,,,
2024-12-07 16:33:02,,36.4906274509804,,,,,,,
2024-12-07 16:35:06,,36.43149019607843,,,,,,,
2024-12-07 16:36:08,,36.37235294117647,,,,,,,
2024-12-07 16:37:10,,36.29103921568627,,,,,,,
2024-12-07 16:43:19,,,,,,,,35.26352941176471,
2024-12-07 16:51:36,,36.28435107376284,37.03764705882353,,,,,,
2024-12-07 16:58:48,36.741960784313726,36.25619047619048,,,,,,,
2024-12-07 17:10:08,,36.217789661319074,,,,,,,
2024-12-07 17:13:15,,36.15058823529412,,,,,,,
2024-12-07 17:14:17,,36.13130434782609,,,,,,,
2024-12-07 17:15:19,,,35.70705882352941,,,,,,
2024-12-07 17:18:25,,36.05416879795397,,,,,,,
2024-12-07 17:27:42,36.00274509803921,,,,,,,,
2024-12-07 17:29:46,36.29843137254902,,,,,,,,
2024-12-07 17:30:47,36.29843137254902,,,,,,,,
2024-12-07 17:38:00,,35.80167843137255,,,,,,,
2024-12-07 17:39:01,,35.77802352941177,,,,,,,
2024-12-07 17:40:03,,35.73662745098039,,,,,,,
2024-12-07 17:41:05,,35.7248,,,,,,,
2024-12-07 17:42:07,,35.683403921568626,,,,,,,
2024-12-07 17:43:08,,35.71843137254902,,,,,,,
2024-12-07 17:44:10,,35.73549019607843,,,,,,,
2024-12-07 17:45:12,,35.77529411764705,,,,,,,
2024-12-07 17:46:13,,35.80941176470588,,,,,,,
2024-12-07 17:47:15,,35.80372549019607,,,,,,,
2024-12-07 17:51:21,,35.80372549019608,,,,,,,
2024-12-07 17:52:23,,35.8275236020334,,,,,,,
2024-12-07 17:53:25,,,,,,,,,
2024-12-07 17:54:27,,,,,,,,,
2024-12-07 17:55:28,,,,,,,,,
2024-12-07 17:56:30,,35.90911111111111,,,,,,,
2024-12-07 18:02:40,,35.90911111111111,,,,34.82,,,
2024-12-07 18:03:42,,35.95839215686275,,,,34.6721568627451,,,
2024-12-07 18:04:44,,36.00274509803921,36.15058823529412,,,,,,
2024-12-07 18:05:45,,36.04709803921569,,,,,,,
2024-12-07 18:06:47,,36.08652287581699,,,,,,,
2024-12-07 18:07:51,,36.130875816993466,,,,,,,
2024-12-07 18:08:52,,36.17030065359477,,,,,,,
2024-12-07 18:09:54,,36.209725490196085,,,,,,,
2024-12-07 18:10:56,,36.26886274509804,,,,,,,
2024-12-07 18:11:58,,36.33292810457517,36.29843137254902,,,,,,
2024-12-07 18:12:59,,36.344313725490196,,,,,,,
2024-12-07 18:14:01,,36.37235294117647,36.00274509803921,,,,,,
2024-12-07 18:34:36,,36.41889615105301,,,,,,,
2024-12-07 18:36:42,,36.50103122730574,,,,,,,
2024-12-07 18:39:47,,36.577690631808274,,,,,,,
2024-12-07 18:40:49,,36.654350036310824,,,,,,,
2024-12-07 18:41:50,,36.68172839506173,,,,,,,
2024-12-07 19:09:41,,36.70910675381264,,,,,,,
2024-12-07 19:10:43,,36.74743645606391,,,,,,,
2024-12-07 19:11:44,,36.769339143064634,,,,,,,
2024-12-07 19:15:53,,36.793137254901964,,,,,,,
2024-12-07 19:16:55,,36.807011764705884,,,,,,,
2024-12-07 19:17:57,,36.840522875816994,,,,,,,
2024-12-07 19:18:59,,36.85766410912191,,,,,,,
2024-12-07 19:20:01,37.6475,36.85620320855616,,,,38.054068627450974,,,
2024-12-07 19:24:08,,,,,,37.990413943355115,,,
2024-12-07 19:25:10,,,,,,,,,
2024-12-07 19:26:11,,,,,,,38.22039215686274,,
2024-12-07 19:27:15,37.68446078431373,37.037647058823524,,36.44627450980393,,37.924705882352946,,,
2024-12-07 19:28:17,37.68446078431373,37.04634371395617,,36.15058823529412,,37.89058823529412,,,
2024-12-07 19:29:19,37.70294117647059,37.07460784313726,,,,,,,
2024-12-07 19:30:21,37.66598039215686,37.11649673202614,,36.59411764705882,,,,,
2024-12-07 19:31:23,37.66598039215686,37.13268907563025,,,,,,,
2024-12-07 19:32:25,37.72142156862745,37.128627450980396,,,,,,,
2024-12-07 19:33:27,37.70294117647059,37.128627450980396,,,,,,,
2024-12-07 19:34:29,,,,,,,37.80643137254902,,
2024-12-07 19:35:30,,,,,,37.74400871459696,37.836,,
2024-12-07 19:36:32,,,,,,37.73795665634675,37.806431372549014,,
2024-12-07 19:38:36,,,,,,37.73795665634675,,,
2024-12-07 19:39:40,,,,,,37.7301754385965,,,
2024-12-07 19:40:42,,,37.18549019607843,,,37.73579520697169,37.895137254901954,,
2024-12-07 19:41:44,,,,,,37.715986159169546,,,
2024-12-07 19:45:51,,,,,,37.62901960784314,,,
2024-12-07 19:46:53,,,,,,37.66598039215687,,,
2024-12-07 19:47:55,,,,,,37.63887581699347,,,
2024-12-07 19:49:58,,,,,,37.61845938375351,37.65858823529412,,
2024-12-07 19:51:00,,,,,,37.668444444444454,,,
2024-12-07 19:52:04,,,,,,37.758382352941176,,,
2024-12-07 19:53:06,,,,,,37.730661764705886,,,
2024-12-07 19:54:08,,37.42203921568628,,,,37.739901960784316,,,
2024-12-07 20:03:23,,37.448322440087146,,,,,,,
2024-12-07 20:04:27,,37.41546840958606,,,,,,,
2024-12-07 20:05:29,,,,,,37.70786928104576,,,
2024-12-07 20:06:31,,,37.10100840336134,,,,,,
2024-12-07 20:08:34,,37.46474945533769,,,,,,,
2024-12-07 20:11:39,,37.46474945533769,,,,,,,
2024-12-07 20:12:41,37.629019607843134,37.448322440087146,,,,,,,
2024-12-07 20:17:52,,,,,,,37.18549019607843,,
2024-12-07 20:18:55,,37.49760348583879,,,,,,,
2024-12-07 20:19:56,,37.464749455337696,,,,,,,
2024-12-07 20:20:58,,37.481176470588245,,,,,,,
2024-12-07 20:22:00,,,,,,37.60437908496732,,,
2024-12-07 20:23:02,,,,,,,,,
2024-12-07 20:24:04,37.90006535947713,,36.86705882352942,,,,37.77686274509804,,
2024-12-07 20:25:05,,,36.93204481792718,,,,,,
2024-12-07 20:26:07,,,36.87994771241831,,37.18549019607843,,,,
2024-12-07 20:29:13,,,36.8528431372549,,,,,,
2024-12-07 20:30:15,,,36.907197231833905,,,,,,
2024-12-07 20:31:16,37.81382352941176,,36.840522875816994,35.115686274509805,,,,,
2024-12-07 20:32:18,37.74400871459695,,36.80766884531591,,,,,,
2024-12-07 20:33:20,,,36.835335397316825,,,,,,
2024-12-07 20:34:21,,,36.81588235294119,,,,,,
2024-12-07 20:35:23,37.70294117647059,,,,,,,,
2024-12-07 20:38:29,,,36.81588235294118,,,,,,
2024-12-07 20:39:31,,,36.80624040920717,,,,,,
2024-12-07 20:40:32,37.653660130718954,,,,,,,,
2024-12-07 20:41:34,,,,,,,36.44627450980393,,
2024-12-07 20:42:36,,,,,,,36.29843137254902,,
2024-12-07 20:43:38,,,36.83658039215687,,,,,,
2024-12-07 20:44:39,,,36.812925490196086,,,,,,
2024-12-07 20:46:43,,,36.83658039215686,,,,,,
2024-12-07 20:47:45,,,36.84668300653595,,,,,,
2024-12-07 20:48:46,37.589594771241835,,36.793384484228476,,,,36.59411764705882,,
2024-12-07 20:49:48,37.589594771241835,,36.85766410912191,,,,,,
2024-12-07 20:50:50,37.62901960784314,,36.87694799658994,,,,,,
2024-12-07 20:51:51,37.63957983193278,,36.87694799658994,,,,,,
2024-12-07 20:52:55,37.618459383753496,,36.92837169650469,,,,,,
2024-12-07 20:53:57,,,36.9733674339301,35.70705882352941,35.70705882352941,,,,35.41137254901961
2024-12-07 20:54:58,,,36.99452614379085,,,,,,
2024-12-07 20:56:00,37.767622549019606,,37.05612745098039,,,,,,
2024-12-07 20:57:02,37.768166089965405,,,35.26352941176471,,,,,
2024-12-07 20:58:04,37.81164936562861,,37.0790431372549,,,,,,
2024-12-07 21:00:07,37.80150326797386,,,,,,,,
2024-12-07 21:01:09,,,37.04333333333334,,,,36.44627450980393,,
2024-12-07 21:02:10,37.86556862745098,,37.0790431372549,,,,,,
2024-12-07 21:03:13,,,37.055388235294124,,,,,,35.70705882352941
2024-12-07 21:04:14,37.85750445632799,,,,,,,,35.85490196078432
2024-12-07 21:05:16,37.85399829497016,,,36.29843137254902,,,,,
2024-12-07 21:06:22,,,37.02581960784314,,,,,,
2024-12-07 21:07:24,37.931426024955435,,37.019905882352944,,,,,,36.00274509803923
2024-12-07 21:08:25,,,37.067215686274515,36.00274509803921,,36.59411764705882,36.59411764705882,35.55921568627451,
2024-12-07 21:09:27,,,37.084956862745095,,,,,,
2024-12-07 21:10:29,38.01622782446312,,37.11452549019609,,,,,,
2024-12-07 21:11:31,38.02550802139038,,37.14409411764706,,,,,,
2024-12-07 21:12:33,,,37.15468954248366,,,,,,36.150588235294116
2024-12-07 21:13:35,38.04683716965047,,37.20397058823529,,,,,,
2024-12-07 21:14:36,38.05238859180036,,37.232800000000005,,,,,,
2024-12-07 21:15:38,38.086629318394024,,37.22688627450981,,,,,,
2024-12-07 21:17:41,,,37.25372549019608,,,,37.03764705882353,,
2024-12-07 21:18:43,38.05910873440285,,,,,,,,
2024-12-07 21:19:45,38.07958916900093,,,,,,,,
2024-12-07 21:20:46,38.07254901960784,,37.248039215686276,,,,,,
2024-12-07 21:21:49,38.079589169000926,,,,,,,,
2024-12-07 21:22:51,38.0651568627451,,37.22245098039217,,,,,,37.48117647058824
2024-12-07 21:23:52,,,37.227731092436976,,,,,,
2024-12-07 21:24:54,,,37.190965867828616,35.85490196078432,,,36.59411764705882,,
2024-12-07 21:25:56,38.04566844919786,,37.1964415395788,,,,,36.15058823529412,
2024-12-07 21:26:58,38.046837169650466,,37.201917211328976,,,36.29843137254902,,,
2024-12-07 21:28:00,38.0211253196931,,37.21286855482934,,,,,,
2024-12-07 21:29:01,38.03222816399287,,,,,,,,35.85490196078432
2024-12-07 21:30:03,37.99862745098039,,37.202549019607844,,,,,,
2024-12-07 21:31:05,,,37.19140392156863,,,,,,
2024-12-07 21:32:07,,,37.2039705882353,,,,,,
2024-12-07 21:33:11,37.97917440660475,,37.191918158567766,,,,36.29843137254902,,
2024-12-07 21:34:13,,,37.19893048128342,,,,,,
2024-12-07 21:35:15,,,37.19893048128342,35.55921568627451,,,,,
2024-12-07 21:38:20,37.965773420479294,,37.26997198879552,,,,,,
2024-12-07 21:39:22,,,37.29637254901961,,,,,,
2024-12-07 21:40:24,,,37.341114551083585,,,,,,
2024-12-07 21:41:25,37.959492502883506,,37.341546840958614,,,35.85490196078432,,,
2024-12-07 21:42:27,37.95755991285404,,,,,36.00274509803921,,,
2024-12-07 21:44:31,37.97139318885449,,37.39801470588235,,,,,,
2024-12-07 21:45:32,37.95755991285403,,37.379534313725486,,,,,,
2024-12-07 21:46:36,37.95755991285403,,37.372758169934635,,,,,,
2024-12-07 21:47:38,,,37.37557422969188,,,,,,
2024-12-07 21:52:47,37.94113289760348,,,36.15058823529412,,,,,
2024-12-07 21:53:49,,,,36.15058823529412,,,,,
2024-12-07 21:54:51,,,,35.26352941176471,,,,,
2024-12-07 21:55:52,,37.18549019607843,,,,,,34.9678431372549,
2024-12-07 21:56:54,37.95079584775087,37.333333333333336,,,,,,,35.55921568627451
2024-12-07 21:57:56,,,,,,,,35.85490196078432,
2024-12-07 21:58:57,37.990413943355115,,,,,,,,
2024-12-07 22:00:00,38.023267973856214,,,,,,,,
2024-12-07 22:01:02,,,,36.00274509803921,,,,,
2024-12-07 22:03:05,38.006019607843136,,,,,,,,35.70705882352941
2024-12-07 22:04:07,38.006019607843136,,,,,,,,
2024-12-07 22:05:08,37.99862745098039,,,,,,,,
2024-12-07 22:06:10,,37.03764705882353,37.48117647058824,,,,,,
2024-12-07 22:08:14,37.9986274509804,,,,,,,,
2024-12-07 22:09:16,38.00601960784314,,,,,,,,
2024-12-07 22:11:19,37.995107376283855,,37.333333333333336,,,,,,
2024-12-07 22:14:24,,36.15058823529412,,,,,37.333333333333336,,
2024-12-07 22:15:26,37.9986274509804,,,,,,,,
2024-12-07 22:17:29,,37.03764705882353,36.741960784313726,,,,,,
2024-12-07 22:18:31,,,,,,,,,36.741960784313726
2024-12-07 22:19:32,37.99190730837791,,,,,,,,
2024-12-07 22:20:34,37.98255754475704,,,,,,,,
2024-12-07 22:21:36,37.97846702317292,,,,,,,,
2024-12-07 22:22:38,37.99190730837791,,,,,,,,
2024-12-07 22:23:40,37.963273657289015,,,,,,,,
2024-12-07 22:24:41,37.95041773231033,,,,,,,,
2024-12-07 22:25:43,37.95684569479967,,,,,,,,
2024-12-07 22:26:45,,,,,,,,,
2024-12-07 22:27:49,37.961666666666666,,37.2066106442577,,,,,,
2024-12-07 22:28:50,37.97398692810458,,,,,,,,
2024-12-07 22:30:55,37.969701619778355,,,,,,,,
2024-12-07 22:32:58,37.96327365728901,,,,,,,,
2024-12-07 22:33:59,37.961666666666666,,,,,,,,
2024-12-07 22:36:03,37.95550653594771,,,,,,,,
2024-12-07 22:37:05,,,37.25941176470589,,,,,,
2024-12-07 22:38:07,,,37.26762527233116,,,,,,
2024-12-07 22:42:14,37.91333333333334,,37.26762527233116,,,,,,
2024-12-07 22:43:16,,,37.25941176470588,,,,,,
2024-12-07 22:44:17,37.8678431372549,,,,,,,,
2024-12-07 22:46:21,,,,,,,,,
2024-12-07 22:47:23,37.88330980392157,,,,,,,,
2024-12-07 22:51:30,37.88330980392158,,,,,,,,
2024-12-07 22:52:32,37.88922352941177,,,,,,,,
2024-12-07 22:53:33,37.90105098039216,,37.26509803921568,,,,,,
2024-12-07 22:56:40,37.90696470588236,,37.271732026143795,,,,,,
2024-12-07 22:57:42,,,37.2840522875817,,,,,,
2024-12-07 22:58:44,37.924705882352946,,,,,,,,
2024-12-07 22:59:46,37.918277919863606,37.25941176470589,,,,,,,
2024-12-07 23:00:47,37.91126559714796,37.26762527233116,,,,,,,
2024-12-07 23:01:49,37.924705882352946,,,,,,,,
2024-12-07 23:02:51,,37.31989304812834,37.2840522875817,,,35.41137254901961,,,
2024-12-07 23:03:53,37.95550653594771,,,,,,,,
2024-12-07 23:04:55,37.980147058823526,,37.30376470588235,,,,,,
2024-12-07 23:05:57,37.9838431372549,,,,,,,,
2024-12-07 23:06:59,,37.174929971988796,37.2840522875817,,,,,,
2024-12-07 23:08:00,37.99862745098039,37.21505882352941,37.318549019607836,,,,,,
2024-12-07 23:09:02,37.99862745098039,37.20520261437909,37.31989304812834,,,,,,
2024-12-07 23:10:04,38.00184143222506,,,,,,,,
2024-12-07 23:13:09,38.01206773618538,37.24093137254902,,,,,,,
2024-12-07 23:14:11,37.9919073083779,,,,,,,,
2024-12-07 23:15:13,,37.25941176470589,,,,,,,
2024-12-07 23:16:14,37.95684569479965,,37.27173202614379,,,,,,
2024-12-07 23:18:18,,37.24093137254902,,,,,,,
2024-12-07 23:20:21,,37.224915032679746,,,,,,,
2024-12-07 23:22:24,37.965026737967904,37.227731092436976,,,,,,,
2024-12-07 23:23:28,37.97174688057041,37.20520261437908,,,,,,,
2024-12-07 23:24:30,37.985187165775386,37.21505882352941,,,,,,,
2024-12-07 23:25:32,38.00214752567693,,,,,,,,
2024-12-07 23:28:37,38.016227824463115,,,,,,,,
2024-12-07 23:29:38,38.04298039215686,37.21013071895426,,,,37.629019607843134,,,
2024-12-07 23:30:40,,37.17679354094579,37.200274509803926,,,,,,
2024-12-07 23:31:42,38.04142414860681,,37.08200000000001,,,,,,
2024-12-07 23:33:45,,,37.070501089324615,,,,,,
2024-12-07 23:35:48,,37.046343713956176,,,,,,,
2024-12-07 23:36:50,38.04482843137255,,37.103355119825714,,,,,,
2024-12-07 23:37:52,,,37.08692810457516,,,,,,
2024-12-07 23:38:53,38.013411764705886,,37.08692810457516,,,,,,
2024-12-07 23:39:55,,,37.0561274509804,,,,,,
2024-12-07 23:50:13,38.00918767507003,,,,,,,,
2024-12-07 23:51:16,38.00918767507003,,,,,,,,
2024-12-07 23:52:18,37.99294117647059,36.74196078431373,,,,,,,
2024-12-07 23:54:21,37.98630718954249,36.64339869281046,,,,,,,
2024-12-07 23:55:23,,36.60281430219147,,,,,,,
2024-12-07 23:56:24,37.89513725490197,36.59411764705882,,,,,,,
2024-12-07 23:57:26,,36.66803921568628,,,,,,,
2024-12-07 23:59:30,,,37.10335511982571,,,,,,33.63725490196079
2024-12-08 00:01:33,,,,,,,,,
2024-12-08 00:04:39,,36.41148788927336,,,34.37647058823529,,,31.40112745098039,
2024-12-08 00:05:41,,36.364139433551195,,,34.2286274509804,34.5243137254902,,31.56745098039216,
2024-12-08 00:06:43,,36.265577342047926,,,34.37647058823529,,,31.530490196078432,
2024-12-08 00:07:44,,36.23618163054696,,,,,,,
2024-12-08 00:09:48,,36.24396284829721,,,,,,,
2024-12-08 00:11:51,,,,34.08078431372549,,,,31.53788235294117,
2024-12-08 00:12:52,,36.22450980392157,,,,,,31.597019607843134,
2024-12-08 00:13:54,,,,,,,,,
2024-12-08 00:14:56,,36.190909090909095,,,,,,,
2024-12-08 00:17:00,,36.13714795008913,,,36.00274509803921,,,31.523098039215682,
2024-12-08 00:18:01,,,,,35.55921568627451,,,31.53788235294117,
2024-12-08 00:19:05,,,37.03764705882353,,,,,,
2024-12-08 00:22:11,,,,,,,,31.523098039215682,
2024-12-08 00:25:16,,35.98930481283422,,,,,,,
2024-12-08 00:26:18,,36.00917306052855,,,,,,31.611803921568622,
2024-12-08 00:27:20,36.44627450980393,36.045866013071894,,,,,,,
2024-12-08 00:31:26,,36.0581862745098,,,,,,,
2024-12-08 00:32:30,,36.10130718954249,,,,,,,
2024-12-08 00:46:56,,36.107467320261435,,,,,,,
2024-12-08 00:47:57,,,,,,,,31.6096918767507,
2024-12-08 00:48:59,,,,,,,,31.567450980392156,
2024-12-08 00:50:01,,36.23338039215686,,,,,,,
2024-12-08 00:51:04,,36.28069019607843,,,,,,,
2024-12-08 00:55:10,,36.25112156862745,,,,,,,
2024-12-08 00:56:12,,36.29843137254902,,,,,,,
2024-12-08 00:58:16,,36.339827450980394,,,,,,,
2024-12-08 00:59:17,36.88980392156863,36.34392156862745,,,,,,,
2024-12-08 01:00:23,,36.3641394335512,,,,,,,
2024-12-08 01:01:25,,36.35866376180101,,,,,,,
2024-12-08 01:02:26,37.333333333333336,36.38372549019608,,,,,,,
2024-12-08 01:04:30,,36.423529411764704,,,,,,,
2024-12-08 01:05:31,,36.45196078431373,,,,,,,
2024-12-08 01:06:33,,36.46901960784314,,,,,,,
2024-12-08 01:07:35,,36.53156862745099,,,,,,,
2024-12-08 01:08:37,,36.540894117647056,,,,,,,
2024-12-08 01:09:38,,36.529066666666665,,,,,,,
2024-12-08 01:11:42,,36.53498039215686,,,,,,,
2024-12-08 01:12:44,37.77686274509804,36.58229019607843,,,,,,,
2024-12-08 01:13:45,,36.61777254901961,,,,,,,
2024-12-08 01:17:52,,36.653254901960786,,,,,,,
2024-12-08 01:18:54,,36.676909803921575,,,,,,30.828235294117647,
2024-12-08 01:19:56,,36.730133333333335,,,,,,,
2024-12-08 01:20:57,,36.730133333333335,,,,,,,
2024-12-08 01:24:03,,,36.741960784313726,,,,,,
2024-12-08 01:25:05,,,36.15058823529412,,,,,,
2024-12-08 01:26:06,,36.766601307189546,,,,,,,
2024-12-08 01:28:11,,,,,,,,,
2024-12-08 01:29:13,,36.671253196930955,,,,,,,
2024-12-08 01:30:15,,36.647878787878795,,,,,,,
2024-12-08 01:35:23,,,,,,,,33.78509803921568,
2024-12-08 01:52:55,,,,,,,,32.30666666666667,
2024-12-08 01:53:57,,,,,,,,32.15882352941176,
2024-12-08 01:54:58,,36.56126361655774,,,,,,,
2024-12-08 01:56:02,,36.54193771626298,,,,,,,
2024-12-08 01:57:03,,36.50171568627451,,,,,,,
2024-12-08 01:58:05,,36.465986928104584,,,,,,,
2024-12-08 01:59:07,,36.414593837535016,,,,,,,
2024-12-08 02:00:09,,36.423529411764704,,,,,,,
2024-12-08 02:03:14,,36.4093137254902,,,,,,,
2024-12-08 02:30:02,,36.457647058823525,,,,,,,
2024-12-08 02:35:10,,,,,,,,,34.524313725490195
2024-12-08 02:38:16,,,,34.5243137254902,36.00274509803921,,,,34.54895424836601
2024-12-08 02:39:18,,,,,,,,,
2024-12-08 02:40:19,,,,,34.5243137254902,,,,34.59823529411764
2024-12-08 02:43:24,,,,,,,35.85490196078432,,
2024-12-08 02:44:26,,,36.86516339869281,,,,,,34.57359477124183
2024-12-08 02:45:28,,,,,,,,,34.524313725490195
2024-12-08 02:46:29,,,,,,,,35.41137254901961,
2024-12-08 02:47:31,,,,,,,35.85490196078432,,
2024-12-08 02:48:32,,,36.78420168067227,,,,,,
2024-12-08 02:49:35,,,36.74196078431373,,,,,,34.37647058823529
2024-12-08 02:50:36,,,36.758387799564275,,,,,,
2024-12-08 02:51:38,,,,34.82,,,,,
2024-12-08 02:53:42,,,36.7957219251337,,,,,,34.37647058823529
2024-12-08 02:54:44,,36.23272331154684,,,,,,,
2024-12-08 02:59:52,,36.2614705882353,,,,,,,
2024-12-08 03:04:02,,36.27995098039216,,,,,,,
2024-12-08 03:05:03,,,,,,,35.26352941176471,,
2024-12-08 03:06:04,,36.59411764705883,,,,35.115686274509805,,,
2024-12-08 03:08:08,,,,,,,,,
2024-12-08 03:09:10,,,36.840522875816994,,,,,,
2024-12-08 03:11:13,,36.572997198879555,,,,,,34.82,
2024-12-08 03:12:15,,,36.83436274509804,,,,,,
2024-12-08 03:14:18,,36.59411764705882,,,,,,,
2024-12-08 03:15:20,37.96694677871148,36.59411764705882,,,,,,35.115686274509805,
2024-12-08 03:20:29,,,36.766601307189546,,,,,,
2024-12-08 03:21:31,,,36.70089324618736,,,,,,
2024-12-08 03:27:41,,,36.66369088811995,,,,,,
2024-12-08 03:28:43,,,36.681084198385236,,,,,,
2024-12-08 03:29:44,,36.54976470588235,,,,,,,
2024-12-08 03:32:50,38.00918767507004,,,,,,,,
2024-12-08 03:34:54,37.98806722689077,,,,,,,,
2024-12-08 03:35:55,,,,,,,,,
2024-12-08 03:36:57,37.96694677871148,,36.64339869281046,,,,,,
2024-12-08 03:37:59,,,36.64080495356038,,,,,,
2024-12-08 03:39:01,37.943186274509806,,36.70305469556244,,,,,,
2024-12-08 03:40:02,37.96166666666667,,36.73417956656347,,,,,,
2024-12-08 03:42:06,,,36.73417956656347,,,,,,
2024-12-08 03:43:08,,36.538676470588236,36.758387799564275,,,,,,
2024-12-08 03:44:10,38.07254901960785,,36.74974200206398,,,,,,
2024-12-08 03:45:13,,,36.74196078431373,,,,,,
2024-12-08 03:46:15,,,36.74196078431373,,,,,,
2024-12-08 03:47:16,,36.61259803921568,,,,,,,
2024-12-08 03:48:18,,36.61259803921568,,,,,,,
2024-12-08 03:50:21,,,36.70089324618736,,,,,,
2024-12-08 03:51:23,,36.44627450980393,,,,,,,
2024-12-08 03:52:25,,36.44627450980393,,35.55921568627451,,,,,
2024-12-08 03:53:26,,36.44627450980393,,35.70705882352941,,,,,
2024-12-08 03:54:28,,,36.58672549019607,35.85490196078432,,,,,
2024-12-08 03:55:29,38.07254901960784,,36.57194117647059,35.85490196078432,,,,,
2024-12-08 03:58:34,,,36.56454901960785,,,,,,
2024-12-08 03:59:37,,,36.59411764705883,,,,,,
2024-12-08 04:02:42,,,,,,,,,
2024-12-08 04:05:47,37.97398692810457,,,,,,,,
2024-12-08 04:09:55,38.04790849673203,36.39699346405229,36.64080495356037,,,,,,
2024-12-08 04:10:56,,36.44627450980392,,,,,,,
2024-12-08 04:11:58,,,36.651612200435736,,,,,,
2024-12-08 04:13:01,37.949346405228766,,,,,,,,
2024-12-08 04:15:05,,,36.6174613003096,,,,,,
2024-12-08 04:19:11,38.030308123249306,,36.67192982456142,,,,,,
2024-12-08 04:21:14,,,,,,34.37647058823529,,,
2024-12-08 04:22:16,,,,,,,,,
2024-12-08 04:23:18,,,36.59411764705883,,,,,,
2024-12-08 04:24:20,,,36.59411764705882,,,,,,
2024-12-08 04:25:21,,,36.58672549019608,,,,,,
2024-12-08 04:26:23,,,36.53964912280702,,,,,,
2024-12-08 04:27:24,,,36.5240866873065,,,,,,
2024-12-08 04:29:28,,36.44627450980392,36.55521155830753,,,,,,
2024-12-08 04:30:30,,36.41670588235294,,,,,,,
2024-12-08 04:33:35,,,36.53498039215687,,,,,,
2024-12-08 04:34:37,,,36.616294117647065,,,,,,
2024-12-08 04:35:39,37.57973856209151,,,,,,,,
2024-12-08 04:38:43,,,36.61629411764706,,,,,,
2024-12-08 04:39:45,,,36.69971988795518,,,,,,
2024-12-08 04:40:48,37.54031372549019,,,,,,,,
2024-12-08 04:41:50,37.6125925925926,,36.713800186741366,,,,36.00274509803921,,
2024-12-08 04:42:52,,37.03764705882353,,,,,,,
2024-12-08 04:45:58,37.56181818181818,,36.7822816399287,,,,,,
2024-12-08 04:48:01,37.56181818181818,,36.80244206773619,,,,,,
2024-12-08 04:49:03,,,,,,,36.44627450980393,,
2024-12-08 04:50:05,37.5797385620915,,,,,,,,
2024-12-08 04:52:08,37.560784313725485,,36.82932263814617,,,,,,
2024-12-08 04:53:10,,,36.82932263814617,,,,,,
2024-12-08 04:54:14,37.576218487394954,,,,,,,,
2024-12-08 04:56:17,,,36.85620320855616,,,,36.88980392156863,,
2024-12-08 04:58:21,,,36.84948306595367,,,,,,
2024-12-08 04:59:23,,,36.869643493761146,,,,,,
2024-12-08 05:01:26,,,,,,,,,
2024-12-08 05:02:28,,,36.84948306595366,,,,,,
2024-12-08 05:03:30,37.545857843137256,,36.909964349376125,,,,,,
2024-12-08 05:07:37,,,36.947655583972725,,,,36.29843137254902,,
2024-12-08 05:08:40,37.61977941176471,37.03764705882353,36.97979539641945,,,,,,
2024-12-08 05:09:42,37.59423298731258,,36.97979539641945,,,,,,
2024-12-08 05:12:47,,,37.010766488413545,,,,,,
2024-12-08 05:13:49,,,37.04468720821662,,,,,,
2024-12-08 05:14:50,37.609307189542484,,37.01076648841355,,,,,,
2024-12-08 05:15:52,37.629019607843134,,37.01076648841355,,,,,,
2024-12-08 05:16:54,37.607899159663866,,37.00948646125117,,,,,,
2024-12-08 05:18:57,,,37.01547058823531,,,,,,
2024-12-08 05:19:59,37.53397759103642,,,,,,,,
2024-12-08 05:21:00,37.491032679738574,,36.9341568627451,,,,,,
2024-12-08 05:24:06,,37.77686274509804,36.94427244582044,,,,36.00274509803921,,
2024-12-08 05:25:08,,37.18549019607843,,,,,,,
2024-12-08 05:26:09,37.361053921568626,,36.93087145969499,,,,,,
2024-12-08 05:28:13,,,36.89850057670127,,,,,,
2024-12-08 05:30:16,37.22245098039215,,36.88980392156863,,,,,,
2024-12-08 05:31:18,37.20397058823529,,36.88980392156863,,,,,,
2024-12-08 05:32:21,37.234771241830074,37.48117647058824,,,,36.44627450980393,,,
2024-12-08 05:37:30,,,,,,,,,32.60235294117648
2024-12-08 05:38:31,,,,36.44627450980393,,,33.19372549019608,,
2024-12-08 05:39:33,,,37.01793464052288,,,,32.898039215686275,,
2024-12-08 05:40:35,,36.00274509803921,,,,,,,
2024-12-08 05:41:37,37.15137254901961,,,,,,,,
2024-12-08 05:48:51,37.185490196078426,,,,,,,,
2024-12-08 05:49:53,,,,,,,,,
2024-12-08 05:55:00,37.13172905525847,,,,,,,32.30666666666667,
2024-12-08 05:56:02,37.11156862745098,,,,,,,,
2024-12-08 05:57:04,37.096784313725486,,,,33.98222222222222,,,,
2024-12-08 05:59:08,,,,,33.957581699346406,,,,
2024-12-08 06:00:10,,,,,33.98222222222222,,,,
2024-12-08 06:01:11,37.169063180827884,,,,33.98222222222222,,,,
2024-12-08 06:05:18,,,36.99540616246499,,34.00686274509804,,,,
2024-12-08 06:06:20,,,,,34.00686274509804,,,,
2024-12-08 06:07:21,,,36.86516339869281,,,,,,
2024-12-08 06:22:49,,,36.81588235294118,,,,,,
2024-12-08 06:34:09,,,36.6926797385621,,,,,,
2024-12-08 06:39:17,36.64339869281046,,36.889803921568635,,,,,,
2024-12-08 08:13:57,,36.47912854030502,,,,36.68282352941176,,,
2024-12-08 08:14:58,,36.475843137254905,,,,,,,
2024-12-08 08:16:00,,36.46105882352942,,,,,,,
2024-12-08 08:17:02,,,,,,,,,
2024-12-08 08:19:06,,36.4906274509804,,,,36.71508021390374,,,
2024-12-08 08:20:08,,36.50541176470588,,,,36.72852049910874,,,
2024-12-08 08:21:10,,,,,,36.68819964349376,,,
2024-12-08 08:22:12,,36.4906274509804,,,,,,,
2024-12-08 08:23:14,,,,,,36.634438502673795,,,
2024-12-08 08:25:17,,,,,,36.634438502673795,,,
2024-12-08 08:26:19,,,,,,36.58067736185383,,,
2024-12-08 08:27:20,,,,,,36.64787878787879,,,
2024-12-08 08:28:22,,,,,,36.674759358288775,,,
2024-12-08 08:30:26,,36.50541176470588,,,,,,,
2024-12-08 08:31:27,,36.4906274509804,,,,,,,
2024-12-08 08:32:29,,36.520196078431375,,,,36.42163398692811,,,
2024-12-08 08:35:36,,36.47912854030502,,,,36.500035650623886,,,
2024-12-08 08:41:47,,,,,,,33.34156862745098,,
2024-12-08 08:42:49,,,35.79803921568628,,,,,,
2024-12-08 08:43:51,,,35.775294117647064,,,,,,
2024-12-08 08:44:52,,,35.85490196078432,,,,,,
2024-12-08 08:45:54,,,35.82322128851542,,,,,,
2024-12-08 08:46:56,36.29843137254902,,,,,,,,
2024-12-08 08:47:57,36.88980392156863,,,,,,,,
2024-12-08 08:48:59,,,35.80870098039216,,,,,,
2024-12-08 08:51:02,,,35.82011534025374,,,,,,
2024-12-08 08:52:04,,,35.837508650519034,,,,,,
2024-12-08 08:54:07,,,,,,,,34.13006535947713,
2024-12-08 08:56:11,37.03764705882353,,35.895969498910674,,,,,,
2024-12-08 08:57:12,,,35.87954248366013,,,34.6721568627451,,,
2024-12-08 08:58:14,,,35.87954248366013,,,,,,
2024-12-08 08:59:16,,,35.87954248366013,,,,,,
2024-12-08 09:01:19,,,35.8877559912854,,,,,34.255508021390376,
2024-12-08 09:03:22,37.48117647058824,,36.035599128540305,,,,,,
2024-12-08 09:04:24,37.008078431372546,,,,,,,34.29582887700535,
2024-12-08 09:05:25,,,,,,,,34.29022875816994,
2024-12-08 09:06:27,,,36.09840830449827,,,,,34.24,
2024-12-08 09:07:29,,,,,,,34.82,,
2024-12-08 09:08:30,,,36.10710495963092,,,,34.82,,32.60235294117648
2024-12-08 09:10:34,,,36.08488017429194,35.575642701525055,,,,,
2024-12-08 09:11:39,,,36.0684531590414,35.58878431372549,,,,,
2024-12-08 09:12:41,,,,35.58878431372549,,,,,
2024-12-08 09:13:42,,,,35.574,,,,34.293308823529415,
2024-12-08 09:16:49,,,36.03046568627451,35.574,,,,34.321029411764705,
2024-12-08 09:17:51,,,,35.574,,,,34.298200692041526,
2024-12-08 09:18:52,,,,,,,,34.21220043572985,
2024-12-08 09:20:56,,,,,,,,34.21306501547988,
2024-12-08 09:24:01,,,,,,,,34.197502579979364,
2024-12-08 09:25:03,,,,,,,34.2286274509804,,33.63725490196079
2024-12-08 09:26:05,37.71772549019608,,,35.61835294117647,,,,,
2024-12-08 09:27:07,,,36.24563025210084,,,,,34.2286274509804,
2024-12-08 09:28:08,,,,,,,,34.263414071510965,
2024-12-08 09:29:10,,,,,,,,34.23786764705882,
2024-12-08 09:31:14,,,36.361792717086836,,,,,,
2024-12-08 09:33:17,,,36.38941176470588,35.603568627450976,,,,,
2024-12-08 09:34:19,,,36.37803921568628,35.60849673202614,,,,34.21938725490196,
2024-12-08 09:35:20,,,,,,,,34.22862745098039,
2024-12-08 09:36:26,,,,,,,,34.23786764705882,
2024-12-08 09:37:28,,,,,,,,34.179346405228756,
2024-12-08 09:38:29,37.72758169934641,,36.361792717086836,,,,,34.18638655462185,
2024-12-08 09:39:31,37.90006535947713,,,,,,,,
2024-12-08 09:40:33,37.72758169934641,,36.28919117647059,35.55921568627451,,,,34.142385620915036,
2024-12-08 09:42:36,,,36.27071078431373,,,,,,
2024-12-08 09:43:38,,,,,,,,,
2024-12-08 09:46:44,,,,,,,,34.021647058823525,
2024-12-08 09:48:47,,,,,,,36.29843137254902,,
2024-12-08 09:50:51,,,36.1679815455594,,,,,,
2024-12-08 09:51:53,,,,,,,34.9678431372549,,
2024-12-08 09:52:55,37.84022408963585,,,,,,,,
2024-12-08 09:58:03,,35.85490196078432,,,,,,,
2024-12-08 09:59:04,,,36.23618163054696,,,,35.55921568627451,,
2024-12-08 10:00:06,37.81382352941176,,,,,,,,
2024-12-08 10:01:07,,,36.26886274509805,,,,,,
2024-12-08 10:03:13,,,36.27625490196079,,,,,,
2024-12-08 10:07:20,,,36.28364705882353,,,,,,
2024-12-08 10:10:26,,,36.34278431372549,,,,,,
2024-12-08 10:12:30,,,36.335392156862746,,,,,,
2024-12-08 10:13:32,37.70294117647059,,,,,,,,
2024-12-08 10:14:34,,,36.39180598555212,,,,35.85490196078432,,
2024-12-08 10:15:35,,,36.40192156862746,,,,35.41137254901961,,
2024-12-08 10:17:38,,,36.36496078431373,,,,,,
2024-12-08 10:18:40,,,36.29065015479876,,,,,,
2024-12-08 10:21:46,37.49254901960784,,36.321775025799795,,,,,,
2024-12-08 10:22:47,,,36.327999999999996,,,,,,
2024-12-08 10:23:49,37.493496732026145,,36.35017647058824,,,,,,
2024-12-08 10:24:51,,36.59411764705882,36.35017647058824,,,,,,
2024-12-08 10:25:53,,,36.35756862745099,,,,,,
2024-12-08 10:26:55,37.48117647058823,,36.37587301587301,,,,,,
2024-12-08 10:27:57,37.48117647058824,,,34.82,,,,33.19372549019608,33.78509803921568
2024-12-08 10:28:58,,,,,,,,,
2024-12-08 10:30:00,,,36.43888235294118,,,,,,
2024-12-08 10:35:09,37.4713202614379,,,,,,,,
2024-12-08 10:36:11,37.4996568627451,,,,,,,,
2024-12-08 10:37:12,,,36.5240866873065,,,,,,
2024-12-08 10:38:14,,,36.570773993808054,,,,,,
2024-12-08 10:39:16,37.43497549019608,,,,,,,,
2024-12-08 10:41:20,37.44638985005767,,,,,,,,
2024-12-08 10:44:25,37.44010893246187,,36.60189886480909,,,,,,
2024-12-08 10:48:32,,,36.64080495356038,,,,,,
2024-12-08 10:49:34,,36.830666666666666,,,,,,,
2024-12-08 10:52:39,37.39904139433551,,,,,,,,
2024-12-08 10:53:43,,,36.74196078431372,,,,,,
2024-12-08 10:54:45,37.372239422084625,,36.74974200206399,,,,,,
2024-12-08 10:55:46,37.395583075335395,36.93908496732026,36.758387799564275,,,,,,
2024-12-08 10:56:48,,,36.73417956656347,,,,35.55921568627451,,
2024-12-08 10:57:50,37.263302373581006,36.93908496732026,,,,,,,
2024-12-08 10:58:51,,,,,,,35.41137254901961,,
2024-12-08 10:59:53,37.23217750257998,,36.537796451914105,,,,,,
2024-12-08 11:00:54,37.25941176470588,36.93908496732026,,,,,,,
2024-12-08 11:01:56,,,36.4865953654189,,,,,,
2024-12-08 11:02:58,,,36.43283422459893,,,,,,
2024-12-08 11:04:00,37.220276816608994,,36.45299465240642,,,,,,
2024-12-08 11:05:01,37.21321078431373,,36.45299465240642,,,,,,
2024-12-08 11:06:03,37.21505882352941,,36.425154061624646,,,,,,
2024-12-08 11:07:04,,36.07666666666667,36.39452941176471,,,,,,
2024-12-08 11:08:06,37.234771241830074,36.08488017429194,36.40192156862745,,,,,,
2024-12-08 11:09:08,37.217170868347345,35.95839215686275,36.40931372549019,,,,,,
2024-12-08 11:10:10,,,36.384024767801854,,,,,,
2024-12-08 11:11:11,37.057359477124194,,,,,,,,
2024-12-08 11:12:13,,,36.368004613610154,,,,,,
2024-12-08 11:13:15,37.03764705882354,,36.335392156862746,,,35.55921568627451,,,
2024-12-08 11:14:17,,,,,,,,,
2024-12-08 11:18:23,37.01916666666666,,36.3815931372549,,,34.82,,,
2024-12-08 11:19:25,,,36.35756862745098,36.014117647058825,,,34.6721568627451,33.89598039215687,
2024-12-08 11:20:27,,,36.328,,,,,33.89598039215687,
2024-12-08 11:21:29,,,36.33011204481793,,,,,33.85901960784314,
2024-12-08 11:22:30,36.96865359477124,35.98162464985995,,36.04894607843137,,,,33.96990196078431,
2024-12-08 11:24:34,,36.01260130718955,,36.08101499423299,,,,33.98838235294118,
2024-12-08 11:27:40,,36.01260130718955,,,,,,,
2024-12-08 11:28:42,,35.99288888888889,,36.07231833910035,,,,33.98838235294118,
2024-12-08 11:29:44,,,,36.07666666666667,,,,,
2024-12-08 11:30:46,,35.8207843137255,,36.096119711042306,,,,,
2024-12-08 11:31:48,36.86023529411765,35.63313725490197,,36.12101960784314,,,,,
2024-12-08 11:32:50,36.84545098039216,35.65777777777778,,36.12841176470588,,,,,
2024-12-08 11:33:51,36.709106753812634,35.645457516339874,,36.143196078431366,,,,,
2024-12-08 11:34:53,36.87132352941177,35.645457516339874,,36.12101960784314,,,,,
2024-12-08 11:35:55,,35.59617647058824,,36.11362745098039,,,,34.53663398692811,
2024-12-08 11:36:56,36.805322128851536,35.73169934640523,,,,,,,
2024-12-08 11:40:01,36.741960784313726,,,36.11362745098039,,,,34.51087344028521,
2024-12-08 11:41:03,,,,36.135025799793596,,,,,34.6721568627451
2024-12-08 11:42:05,,,,36.11168214654282,,,,,
2024-12-08 11:45:13,,35.59617647058824,,36.14319607843137,,35.26352941176471,,,
2024-12-08 11:46:14,,35.768660130718956,,36.14319607843137,,34.6721568627451,,,
2024-12-08 11:47:16,,,36.61875816993464,,,,,,
2024-12-08 11:48:18,,,36.61875816993464,,,,,,
2024-12-08 11:49:19,,,,36.27625490196078,,,,,
2024-12-08 11:50:21,,,,36.29843137254902,,,,,
2024-12-08 11:51:23,,,,36.32060784313725,,35.26352941176471,,,
2024-12-08 11:53:27,,,,,,,,34.79043137254902,
2024-12-08 11:55:30,,,,,,,,34.79043137254902,35.41137254901961
2024-12-08 11:56:32,,,,,,,,35.09104575163399,
2024-12-08 11:57:37,,,36.470915032679734,,,,,35.140326797385626,
2024-12-08 11:58:39,,,,,,36.29843137254902,,,
2024-12-08 11:59:40,,,36.59411764705882,,,,,,
2024-12-08 12:01:44,,,36.520196078431375,,,,,,
2024-12-08 12:02:46,,,36.49555555555556,,,,,,
2024-12-08 12:05:52,,,,36.68282352941176,,,,,
2024-12-08 12:08:57,,36.88980392156863,,36.71239215686275,,,,,
2024-12-08 12:09:59,,,,36.71239215686275,,,,,
2024-12-08 12:11:01,,37.03764705882353,,36.713800186741366,,,,,
2024-12-08 12:12:03,,,,36.70836007130125,,,,,
2024-12-08 12:13:05,,,,36.741960784313726,,,,,
2024-12-08 12:15:08,,,,36.76884135472371,,,,,
2024-12-08 12:16:10,,,,36.80244206773619,,,,,
2024-12-08 12:18:13,,,,36.81909633418584,,,,,
2024-12-08 12:19:16,,,,,,,,36.88980392156863,
2024-12-08 12:20:18,,,,36.830666666666666,,,,,
2024-12-08 12:21:19,,,,36.82156862745098,,,,,
2024-12-08 12:22:21,,,,36.82156862745098,,,,,
2024-12-08 12:23:24,,,,36.81588235294117,,,,,
2024-12-08 12:24:26,,,,36.840522875816994,,,,,
2024-12-08 12:25:27,,,,36.84228291316526,,,,,
2024-12-08 12:26:29,,,,36.86242556281772,,,,,
2024-12-08 12:27:31,,,,36.884328249818445,,,,,
2024-12-08 12:28:33,,,,36.91718228031954,,,,,
2024-12-08 12:29:35,,,,36.91823529411765,,,,,
2024-12-08 12:30:37,,,,36.919372549019606,,,,,
2024-12-08 12:31:38,,,,36.9206045751634,,,,,
2024-12-08 12:32:40,,37.03764705882353,37.03764705882353,36.915515771525996,,,,,
2024-12-08 12:33:42,,,37.18549019607843,36.93012477718361,,,,,
2024-12-08 12:34:44,,,,36.963725490196076,,,,,
2024-12-08 12:35:45,,,,36.9368449197861,,,,,
2024-12-08 12:36:47,,,,36.97716577540106,,,,,
2024-12-08 12:41:56,,,,,,,,36.80766884531591,
2024-12-08 12:42:58,,,,,,,,36.79124183006536,
2024-12-08 12:44:00,,,,36.967616099071215,,,,,
2024-12-08 12:45:01,,,,36.980152505446625,,,,36.840522875817,
2024-12-08 12:46:03,,,,,,,,36.88980392156863,
2024-12-08 12:51:13,,,,37.00992647058824,,,,36.873376906318086,
2024-12-08 12:52:15,,,,,,,,,
2024-12-08 12:55:20,,,,,,,,36.77152941176471,
2024-12-08 12:56:22,,,,,,,,36.6344385026738,
2024-12-08 12:57:24,,,,,,,,36.62099821746881,
2024-12-08 12:59:27,,,,,,,,,36.59411764705882
2024-12-08 13:00:29,,,,,,,,,36.44627450980393
2024-12-08 13:12:49,,36.35756862745097,,36.655718954248364,,,,,
2024-12-08 13:13:51,,,,36.54483660130719,,,,36.45859477124184,
2024-12-08 13:14:53,,36.327999999999996,,36.4093137254902,,,,36.37803921568628,
2024-12-08 13:19:00,,36.416705882352936,,,,,,,
2024-12-08 13:20:02,,36.35756862745099,,,,,,,
2024-12-08 13:24:09,,,,,,,,,
2024-12-08 13:25:11,37.03764705882353,,35.884470588235295,,,,,,
2024-12-08 13:26:13,,,35.9781045751634,,,,,,
2024-12-08 13:28:17,,,36.12946778711485,,,,,,
2024-12-08 13:29:20,,,36.10834733893558,,,,,,
2024-12-08 13:30:21,,,,,,,,35.891862745098045,
2024-12-08 13:31:23,,,,,,,,35.85490196078431,
2024-12-08 13:32:25,,36.62368627450981,,36.00274509803922,,,,,
2024-12-08 13:33:27,,36.59411764705883,,35.93554367201426,,,,,
2024-12-08 13:34:29,,,,36.016185383244206,,,,35.707058823529415,
2024-12-08 13:35:31,,,,,35.26352941176471,,,,35.85490196078432
2024-12-08 13:36:33,,,,35.868342245989304,,,,,
2024-12-08 13:37:35,,,36.41670588235294,35.73662745098039,,,,,
2024-12-08 13:38:37,,,,35.5920697167756,,,,35.54278867102397,
2024-12-08 13:39:38,,,,35.559215686274506,,,,35.41137254901961,
2024-12-08 13:40:40,,,,35.575642701525055,,,,35.4261568627451,
2024-12-08 13:43:49,,,,,,,,35.4248128342246,
2024-12-08 13:47:56,,,36.45764705882354,35.5920697167756,,,,,
2024-12-08 13:48:58,,,36.48039215686275,,,,,,
2024-12-08 13:49:59,37.333333333333336,,,,,,,,
2024-12-08 13:54:06,,,36.581797385620916,,,,36.88980392156863,,
2024-12-08 13:55:08,37.34677361853832,,,,,,,,
2024-12-08 13:56:10,,,,,,,,,
2024-12-08 13:57:11,37.35797385620915,,,,,,,,
2024-12-08 13:58:13,37.401568627450985,,,,,,,,
2024-12-08 13:59:15,37.40725490196079,,36.636358543417366,,,,,35.58033613445378,
2024-12-08 14:00:16,37.39669467787115,,,,,,,35.56977591036415,
2024-12-08 14:01:17,,36.59411764705882,,,,,,,
2024-12-08 14:02:19,37.402326797385626,,36.63354248366013,,,,,,
2024-12-08 14:03:21,37.412183006535955,,36.66803921568628,,,,,,
2024-12-08 14:06:28,37.402326797385626,,36.66803921568628,,,,,35.768660130718956,
2024-12-08 14:07:30,37.402326797385626,,36.66803921568628,,,,,35.74737967914439,
2024-12-08 14:08:32,,,36.60281430219146,,,,,35.72184313725491,
2024-12-08 14:09:33,,,36.63760092272202,,,,,35.72184313725491,
2024-12-08 14:10:35,,,36.62183823529412,,,,,35.73662745098039,
2024-12-08 14:12:39,,,,,,,,35.707058823529415,
2024-12-08 14:13:40,,,,,,,,,
2024-12-08 14:14:43,,,,,,,,35.69227450980393,
2024-12-08 14:16:46,37.422039215686276,,36.70089324618737,,,,,,
2024-12-08 14:17:48,37.441751633986925,,36.68749226006193,,,,,,
2024-12-08 14:18:49,37.46146405228759,,,,,,,,
2024-12-08 14:19:51,,,,35.70705882352941,,,,,
2024-12-08 14:20:53,37.48117647058824,,36.749742002063996,35.85490196078432,,,,,
2024-12-08 14:21:54,,,,35.55921568627451,,,,35.6146568627451,
2024-12-08 14:22:56,,,36.71732026143791,,,,,,
2024-12-08 14:23:58,,,,,,,37.03764705882353,,
2024-12-08 14:26:01,,,,,35.70705882352941,,,,
2024-12-08 14:27:02,,,,,,,,,
2024-12-08 14:28:04,37.48117647058823,,36.80664215686275,,,,,,
2024-12-08 14:32:11,,,,,,,,,
2024-12-08 14:33:13,37.49041666666667,,36.87009150326798,35.70705882352941,,,,,
2024-12-08 14:34:15,37.48117647058824,,36.89904411764706,,,,,,
2024-12-08 14:35:17,,,36.91589388696656,,,,36.88980392156863,,
2024-12-08 14:36:19,,,36.92265795206973,,,,,,
2024-12-08 14:37:21,37.48117647058823,,36.955511982570805,,,,,,
2024-12-08 14:38:23,37.49856978085352,,,,,,,,
2024-12-08 14:39:24,37.49856978085353,,,,,,,,
2024-12-08 14:40:26,,,36.95205366357069,,,,36.80109803921569,,
2024-12-08 14:41:28,37.48938997821351,,,,,,,,
2024-12-08 14:42:29,37.49760348583879,,,,,,,,
2024-12-08 14:43:31,37.49760348583879,,,,,,,,
2024-12-08 14:44:32,37.49760348583879,,,,,,,,
2024-12-08 14:45:34,,,37.06877192982456,,36.00274509803921,,36.88980392156863,,
2024-12-08 14:46:36,37.48117647058824,,37.14658410732714,,,,,,
2024-12-08 14:47:39,,,37.10767801857585,,,,36.88980392156863,,
2024-12-08 14:48:41,37.515963091118806,,,,,,,,
2024-12-08 14:49:43,,,37.084334365325084,,,,36.29843137254902,,
2024-12-08 14:50:45,,,37.07871459694989,,,,,,
2024-12-08 14:51:46,37.50581699346406,,37.089826989619375,,,,,,
2024-12-08 14:53:50,,,37.07460784313725,,,,,,
2024-12-08 14:54:51,37.48117647058824,,37.077071895424844,,,,,,
2024-12-08 14:55:53,37.464749455337696,,,,,,,,
2024-12-08 14:56:55,37.44832244008714,,37.05735947712419,,,,,,
2024-12-08 14:57:57,37.44227038183695,,,,,,,,
2024-12-08 14:58:58,,37.18549019607843,37.04820728291316,,,,,,
2024-12-08 15:00:00,,,37.037647058823524,,,,,,
2024-12-08 15:01:03,,,37.03764705882353,,,,,,
2024-12-08 15:02:05,37.37440087145969,,,,,,,,
2024-12-08 15:04:08,,,37.0284068627451,,,,,,
2024-12-08 15:06:12,,,,,,,,,
2024-12-08 15:07:13,,,37.016526610644256,,,,,,
2024-12-08 15:12:21,37.309989680082566,,,,,,,,
2024-12-08 15:16:31,37.30376470588236,,,,,,,,
2024-12-08 15:17:32,37.30376470588236,37.333333333333336,,,,,,,
2024-12-08 15:18:34,37.31854901960785,37.27419607843137,,,,,,,
2024-12-08 15:19:36,,37.27419607843137,,,,,,,
2024-12-08 15:22:41,37.33333333333333,,,,,,,,
2024-12-08 15:23:43,37.333333333333336,,,,,,,,
2024-12-08 15:25:46,37.31115686274511,,,,,,,,
2024-12-08 15:26:48,37.29637254901961,,,,,,,,
2024-12-08 15:27:50,37.298132586367885,,36.89850057670127,,,,,,
2024-12-08 15:28:53,37.30517273576097,,36.87241061130334,,,,,,
2024-12-08 15:29:54,,,36.86208333333333,,,,,,
2024-12-08 15:30:56,,,,,,,37.03764705882353,,
2024-12-08 15:31:58,37.29476555839727,,,,,,37.48117647058824,,
2024-12-08 15:32:59,,37.41781512605042,,,,,,,
2024-12-08 15:34:01,37.30376470588235,,36.87994771241829,,,,,,
2024-12-08 15:35:02,37.30253267973856,,36.86208333333333,,,,,,
2024-12-08 15:36:04,,,36.86208333333333,,,,,,
2024-12-08 15:37:06,37.27789215686275,,36.8528431372549,,,,,,
2024-12-08 15:38:08,37.27789215686274,,36.8528431372549,,,,,,
2024-12-08 15:39:10,37.274196078431366,,36.8528431372549,,,,,,
2024-12-08 15:40:11,37.29193725490196,37.77686274509804,36.86208333333333,,,,,,
2024-12-08 15:41:13,37.321505882352945,37.333333333333336,36.88110726643599,,,,,,
2024-12-08 15:42:15,37.33924705882353,37.629019607843134,36.87337690631808,,,,,,
2024-12-08 15:43:17,37.33333333333334,,36.86646026831785,,,,,,
2024-12-08 15:44:18,,,36.87337690631808,,,,,,
2024-12-08 15:46:21,37.3641339869281,,,,,,,,
2024-12-08 15:48:25,37.34565359477124,,,,,,,,
2024-12-08 15:49:27,37.34516078431373,,,,,,,,
2024-12-08 15:50:29,37.36290196078431,,36.85694989106754,,,,,,
2024-12-08 15:51:30,37.3924705882353,,36.85694989106754,,,,,,
2024-12-08 15:52:32,,,36.863713956170706,,,,,,
2024-12-08 15:53:33,37.40429803921569,,,,,,,,
2024-12-08 15:54:35,37.4243137254902,,,,,,,,
2024-12-08 15:55:37,37.40429803921569,,,,,,,,
2024-12-08 15:56:41,37.40725490196078,,,,,,,,
2024-12-08 15:57:42,37.38877450980393,,,,,,,,
2024-12-08 15:58:44,37.378329070758745,,36.946666666666665,,,,,,
2024-12-08 15:59:46,37.3938146167558,,36.96941176470588,,,,,,
2024-12-08 16:00:47,37.41781512605043,,36.980784313725486,,,,,,
2024-12-08 16:01:49,,,,,,,36.741960784313726,,
2024-12-08 16:02:51,37.403734827264245,36.741960784313726,36.9921568627451,,,,,,
2024-12-08 16:03:52,,,36.95316526610644,,,,,,
2024-12-08 16:04:54,37.333333333333336,,,,,,,,
2024-12-08 16:05:56,37.3111568627451,,,,,,,,
2024-12-08 16:06:57,37.317770897832816,,,,,,,,
2024-12-08 16:07:59,37.30047930283225,,,,,,,,
2024-12-08 16:09:01,37.30047930283225,,,,,,,,
2024-12-08 16:10:03,37.26762527233115,,,,,,,,
2024-12-08 16:11:04,,,,,,,36.741960784313726,,
2024-12-08 16:12:06,,35.973176470588236,,,,35.85490196078432,,,
2024-12-08 16:17:15,37.29637254901961,,,,,,,,
2024-12-08 16:18:16,,,36.87994771241829,,,,,,
2024-12-08 16:23:25,,,36.858123249299716,,,,37.03764705882353,,
2024-12-08 16:24:27,,,36.85568627450981,,,,,,
2024-12-08 16:34:43,37.26509803921569,35.318970588235295,36.87748366013072,,,,,,
2024-12-08 16:35:45,,,36.86516339869281,,,,,,
2024-12-08 16:36:46,37.219607843137254,35.13680672268908,36.90324420677362,,,,,,
2024-12-08 16:37:48,,35.07344537815126,,,,36.15058823529412,36.29843137254902,,
2024-12-08 16:38:50,,,,,,36.00274509803921,,,
2024-12-08 16:41:55,,,36.82260249554367,,,,,,
2024-12-08 16:43:58,,,36.849483065953656,,,,35.091045751633985,,
2024-12-08 16:44:59,,,,,,34.6721568627451,,,
2024-12-08 16:48:05,36.91668449197861,,36.82260249554367,,,,,,
2024-12-08 16:49:07,,,36.88980392156863,,,,,,
2024-12-08 16:51:10,,,,,,,,,
2024-12-08 16:52:12,,35.32689075630252,,,,,,,
2024-12-08 16:53:15,,35.37441176470588,,,,,,,
2024-12-08 16:54:17,,35.49350762527233,,,,34.08078431372549,,,
2024-12-08 16:55:19,,,,,,,,,
2024-12-08 16:57:23,36.79124183006537,,,,34.48735294117647,,,,
2024-12-08 16:58:24,36.709106753812634,,,,,,,,
2024-12-08 16:59:26,,,,,34.258196078431375,,,,
2024-12-08 17:00:28,36.68651960784314,,,,34.258196078431375,,,,
2024-12-08 17:01:30,,,36.249150326797384,,34.28776470588235,,,,
2024-12-08 17:02:32,36.67625272331155,,,,34.31733333333333,,35.05232492997199,,
2024-12-08 17:03:34,36.66803921568628,,,,34.22862745098039,,35.05232492997199,,
2024-12-08 17:04:36,,,,,34.24341176470589,,34.77775910364146,,
2024-12-08 17:05:40,,,,,,,34.77775910364146,,
2024-12-08 17:06:41,,,,,,,34.77775910364146,,
2024-12-08 17:07:43,,34.76455882352941,,36.18015686274509,,35.55921568627451,,,
2024-12-08 17:08:45,,,35.70705882352941,,,,34.73551820728291,,
2024-12-08 17:09:46,,35.115686274509805,,,,,,,
2024-12-08 17:10:48,,35.17482352941177,,36.09145098039215,,,,,
2024-12-08 17:11:50,,35.41137254901961,,36.150588235294116,,35.55921568627451,,,
2024-12-08 17:12:51,,35.55921568627451,,36.0323137254902,,,,,
2024-12-08 17:13:53,,,,,34.40932461873638,,,,
2024-12-08 17:14:55,,,,,34.37647058823529,,,,
2024-12-08 17:15:57,,,36.55187675070028,,,,,,
2024-12-08 17:16:58,36.848736383442265,,,,,,,,
2024-12-08 17:18:00,36.85089783281734,,,,,,,,
2024-12-08 17:19:02,36.874241486068115,,,,,,,,
2024-12-08 17:21:06,36.88202270381837,,,36.150588235294116,,,35.82533333333333,,
2024-12-08 17:22:08,36.85284313725491,,,,,,,,
2024-12-08 17:23:10,36.840522875817,,,,,,,,
2024-12-08 17:26:15,36.849483065953656,,,,,,,,
2024-12-08 17:27:17,36.83604278074867,,36.47091503267974,,,,,,
2024-12-08 17:28:18,36.85766410912191,,36.653254901960786,,,,,,
2024-12-08 17:29:20,36.85900326797386,,36.59411764705882,,,,,,
2024-12-08 17:30:22,36.86614901960784,,36.62368627450981,,,,,,
2024-12-08 17:33:30,36.86705882352941,,,,,,,,
2024-12-08 17:34:31,36.884328249818445,,36.68282352941177,,,,,,
2024-12-08 17:35:33,,,,,,,,,
2024-12-08 17:36:35,36.93360929557008,,,,,,,,
2024-12-08 17:37:36,36.9281336238199,,,,,,,,
2024-12-08 17:41:43,36.95235294117647,,,,,,37.688156862745096,,
2024-12-08 17:42:45,36.984423529411764,,,,,,,,
2024-12-08 17:43:46,37.006846405228764,,,,,,,,
2024-12-08 17:44:48,37.024791133844836,,,,,,,,
2024-12-08 17:46:52,37.02420677361854,,,,,,,,
2024-12-08 17:47:53,37.01652661064426,,,,,,,,
2024-12-08 17:52:01,,,,,,,37.18549019607843,,
2024-12-08 17:53:03,37.01430340557277,36.44627450980392,,,,,,,
2024-12-08 17:55:06,37.02122004357299,,,,,,,,
2024-12-08 17:56:08,37.05407407407407,,,,,,37.36618736383443,,
2024-12-08 17:57:12,37.046343713956176,,,,,,37.3924705882353,,
2024-12-08 17:58:14,37.0284068627451,,,,,,,,
2024-12-08 17:59:15,37.01793464052288,,,,,,37.38261437908497,,
2024-12-08 18:09:33,,,36.88980392156863,,,,,,
2024-12-08 18:10:37,,,36.88980392156863,,,,,,
2024-12-08 18:11:38,,36.513475935828886,,,,,,,
2024-12-08 18:12:41,,36.544836601307196,,,,,,,
2024-12-08 18:13:43,,36.60643790849674,,,,,,,
2024-12-08 18:14:44,,36.5571568627451,,,,,,,
2024-12-08 18:15:46,,36.544836601307196,,,,,,,
2024-12-08 18:16:48,,36.5571568627451,,,,,,,
2024-12-08 18:17:49,,,,,,,37.48938997821351,,
2024-12-08 18:18:51,,,,,,,37.47296296296297,,
2024-12-08 18:20:55,,,,,,,37.440108932461875,,
2024-12-08 18:23:00,37.051087344028524,36.73140056022409,,,,,37.423681917211326,,
2024-12-08 18:24:01,,36.761673202614375,,,,,37.42029988465975,,
2024-12-08 18:25:03,,,,,,,37.42899653979239,,
2024-12-08 18:26:05,,,,,,,37.42899653979239,,
2024-12-08 18:27:06,36.94524509803922,,,,,,37.35942329873126,,
2024-12-08 18:28:08,36.96372549019608,,,,,,37.36618736383443,,
2024-12-08 18:29:09,,36.769681372549016,,,,,37.372239422084625,,
2024-12-08 18:30:11,,36.78138562091503,,,,,37.3924705882353,,
2024-12-08 18:31:13,37.01916666666666,,,,,,37.42485527544351,,
2024-12-08 18:32:14,37.03764705882354,,,,,,37.41781512605043,,
2024-12-08 18:33:16,37.03764705882354,,,,,36.88980392156863,,,
2024-12-08 18:34:18,36.94524509803922,,,,,,,,
2024-12-08 18:35:19,36.98220588235294,36.83700280112044,,,,,37.54770588235294,,
2024-12-08 18:36:22,,36.83700280112044,,,,,37.543426212590305,,
2024-12-08 18:37:23,,36.781385620915025,,,,,,,
2024-12-08 18:38:25,,36.751200980392156,,,,,,,
2024-12-08 18:39:27,,36.68651960784314,,,,,,,
2024-12-08 18:40:29,,,,,,,37.57455108359133,,
2024-12-08 18:43:34,,36.59411764705882,,,,,,,
2024-12-08 18:44:36,37.01916666666667,,,,,,37.62123839009288,,
2024-12-08 18:45:37,,,,,,,37.61345717234261,,
2024-12-08 18:46:39,,,,,,,37.60437908496732,,
2024-12-08 18:47:41,,,,,,,37.585536332179935,,
2024-12-08 18:48:45,,,,,,,37.59205882352941,,
2024-12-08 18:52:52,,36.531867905056764,,,,,,,
2024-12-08 18:55:58,,36.564549019607846,,,,,,,
2024-12-08 18:56:59,,36.572997198879555,,,,,,,
2024-12-08 18:58:01,,36.547076648841355,,,,,,,
2024-12-08 18:59:03,37.333333333333336,,,,,,,,
2024-12-08 19:03:10,,36.52691622103387,,,,36.741960784313726,37.67830065359477,,
2024-12-08 19:04:12,,36.50675579322638,,,,,37.66598039215686,,
2024-12-08 19:05:14,,36.500035650623886,,,,,37.66598039215686,,
2024-12-08 19:06:16,,36.50003565062389,,,,,37.69062091503269,,
2024-12-08 19:07:17,,36.523410059676046,,,,,37.66934046345811,,
2024-12-08 19:08:19,,36.5169820971867,,,,,37.65590017825312,,
2024-12-08 19:09:20,,36.520196078431375,,,,,37.70294117647059,,
2024-12-08 19:10:22,,36.52635620915033,,,,,,,
2024-12-08 19:12:25,36.88980392156863,,,,,,,,
2024-12-08 19:13:27,,36.45196078431373,,,,,,,
2024-12-08 19:14:31,,36.479128540305005,,,,,,,
2024-12-08 19:15:33,,36.47912854030501,,,,,,,
2024-12-08 19:16:35,,36.46901960784314,,,,,,,
2024-12-08 19:17:37,,36.47470588235294,,,,36.88980392156863,,,
2024-12-08 19:18:39,,36.48039215686275,,,,,,,
2024-12-08 19:20:42,,36.47365286855483,,,,,,,
2024-12-08 19:21:44,37.03764705882353,36.484604212055196,,,,,,,
2024-12-08 19:22:46,,36.50650689905592,,,,,,,
2024-12-08 19:23:48,,36.51745824255628,,,,,,,
2024-12-08 19:24:49,,36.53388525780684,,,,,,,
2024-12-08 19:25:51,,36.555787944807555,,,,,,,
2024-12-08 19:27:55,,36.57769063180828,,,,,,,
2024-12-08 19:28:56,,,36.44627450980392,,,,,,
2024-12-08 19:29:58,,36.63792302106028,36.538676470588236,,,,,,
2024-12-08 19:31:00,,,36.56126361655773,,,,,,
2024-12-08 19:32:02,,36.59939775910364,36.44627450980392,,,,,,
2024-12-08 19:35:07,,36.60467787114846,,,,,,,
2024-12-08 19:36:09,,,36.54035650623885,,,,,,
2024-12-08 19:37:10,,,,,,,,,
2024-12-08 19:38:12,,36.6152380952381,,,,,,,
2024-12-08 19:39:13,,36.62579831932773,,,,,,,
2024-12-08 19:40:17,,36.65747899159664,,,,,,,
2024-12-08 19:41:19,,36.636358543417366,,,,,,,
2024-12-08 19:42:20,,36.646918767506996,,,,,,,
2024-12-08 19:43:22,,36.625798319327735,36.5571568627451,,,,,,
2024-12-08 19:45:26,,36.59939775910364,36.5571568627451,,,,,,
2024-12-08 19:47:29,,36.59411764705882,,,,,,,
2024-12-08 19:48:31,,36.59411764705882,,,,,,,
2024-12-08 19:49:33,,36.555787944807555,36.47091503267974,,,,,,
2024-12-08 19:50:35,,36.64339869281046,36.52691622103387,,,,,,
2024-12-08 19:51:36,,36.71458242556282,,,,,,,
2024-12-08 19:52:38,,36.66530137981118,36.5119825708061,,,,,,
2024-12-08 19:53:40,,36.66235294117647,36.495555555555555,,,,,,
2024-12-08 19:54:42,,36.66235294117647,36.50171568627451,,,,,,
2024-12-08 19:55:43,,36.71239215686275,,,,,,,
2024-12-08 19:57:47,,36.6926797385621,,,,,,,
2024-12-08 19:58:48,,36.65839727195226,,,,,,,
2024-12-08 19:59:50,,36.69491978609626,,,,,,,
2024-12-08 20:00:52,,36.67859943977591,,,,,,,
2024-12-08 20:01:54,,36.705000000000005,,,,,,,
2024-12-08 20:02:55,,36.74196078431373,,,,,,,
2024-12-08 20:04:59,37.07988795518207,,,,,,,,
2024-12-08 20:07:04,,,,,,,,,
2024-12-08 20:08:06,,36.74935294117647,,,,,,,
2024-12-08 20:09:08,,,,,,,,,
2024-12-08 20:10:10,,,,,,,,,
2024-12-08 20:11:12,,36.758387799564275,,,,,,,
2024-12-08 20:13:15,,,,35.41137254901961,,35.70705882352941,,,
2024-12-08 20:14:17,36.97044563279857,,,,,,,,
2024-12-08 20:46:17,36.98388591800357,,,,,,,,
2024-12-08 20:53:29,36.95700534759358,,,,,,,,
2024-12-08 20:54:30,36.95700534759358,,,,,,,,
2024-12-08 20:56:35,36.95140522875817,,,,,,,,
2024-12-08 20:58:38,,,36.44627450980393,,,,,,
2024-12-08 21:00:41,36.963725490196076,,,,,,,,
2024-12-08 21:03:46,,36.60643790849673,37.48117647058824,,,,,,
2024-12-08 21:04:47,,36.67475935828877,37.03764705882353,,,,,,
2024-12-08 21:05:49,,36.661319073083774,,,,,,,
2024-12-08 21:08:55,,36.79572192513369,,,,,,,
2024-12-08 21:30:33,,36.75674509803922,,,,,,,
2024-12-08 21:31:35,36.963725490196076,,,,,,,,
2024-12-08 21:32:37,36.963725490196076,,,,,,,,
2024-12-08 21:33:39,36.95316526610644,,,,,,,,
2024-12-08 21:34:40,36.95316526610644,,,,,,,,
2024-12-08 21:35:42,,36.50963585434174,,,,,,,
2024-12-08 21:44:58,,36.615238095238105,,,,,,,
2024-12-08 21:49:06,,36.59411764705883,,,,,,,
2024-12-08 21:51:09,36.96372549019608,,,,,,,,
2024-12-08 21:56:19,36.955511982570805,,,,,,,,
2024-12-08 21:57:21,36.92265795206972,,,,,,,,
2024-12-08 22:04:33,,,,,,37.92470588235294,,,
2024-12-08 22:05:35,,,,,,37.77686274509804,,,
2024-12-08 22:06:38,,,,,,37.77686274509804,,,
2024-12-08 22:07:40,,,,,,37.48117647058824,,,
2024-12-08 22:11:49,36.92676470588235,,,,,,,,
2024-12-08 22:12:50,36.90828431372549,,,,,,,,
