timestamp,Zona1,codo_izq,codo_drc,rodilla_izq,rodilla_drc,mano_izq,mano_drc,pie_izq,pie_drc
2024-11-05 21:46:51,,,,,,36.88980392156863,,,
2024-11-05 21:50:56,,,,38.51607843137255,,,,,
2024-11-05 21:51:57,,,,,,38.36823529411765,,,
2024-11-05 21:52:58,,,,,39.15294117647059,,,,
2024-11-05 21:54:00,,,,,39.20249299719888,,,,
2024-11-05 21:55:01,,,,,39.2651503267974,,,,
2024-11-05 21:56:02,,,,,,,40.39861437908497,,
2024-11-05 21:57:03,,,,,,,40.410318627450984,,
2024-11-05 21:58:05,,,,,39.24605392156863,40.29019607843138,40.428799019607844,,
2024-11-05 21:59:06,,,,,39.2368137254902,,40.420645905421,,
2024-11-05 22:00:07,,,,,39.2639907727797,,,,
2024-11-05 22:01:08,,,,,39.329215686274516,,40.429342560553636,,
2024-11-05 22:02:09,,,,,39.38757481940145,,40.429342560553636,,
2024-11-05 22:03:11,,,,,39.35644994840042,,40.446252723311545,,
2024-11-05 22:04:12,,,,,39.35644994840042,,40.476945304437564,,
2024-11-05 22:05:13,,,,,39.4253137254902,,40.48472652218783,,
2024-11-05 22:06:14,,,,,39.43129785247433,,40.476945304437564,,
2024-11-05 22:07:16,,,,,39.483778966131915,,40.48472652218783,,
2024-11-05 22:09:18,,,,,,,40.476945304437564,,
2024-11-05 22:10:20,,,,,39.51884057971015,,40.561241830065356,,
2024-11-05 22:11:21,,,,,39.53812446717818,,,,
2024-11-05 22:17:29,,,,,,40.88156862745098,40.620668973471744,,
2024-11-05 22:19:32,,,,,,,40.641323529411764,,
2024-11-05 22:20:33,,,,,39.692663398692815,41.02941176470589,,,
2024-11-05 22:21:34,,,,,,40.73372549019608,40.69148459383754,,
2024-11-05 22:26:40,,,,,39.711679454390456,,,,
2024-11-05 22:27:41,,,,,39.73096334185849,,,,
2024-11-05 22:28:42,,,,,39.769531116794546,,,,
2024-11-05 22:29:44,,,,,,,,,
2024-11-05 22:47:05,,,,,,,40.71894117647059,,
2024-11-05 22:56:16,,,,,39.96236999147485,,,,
2024-11-05 22:58:18,,,,,40.06521739130435,,,,
2024-11-05 23:01:22,,,,,40.097357203751066,,,,
2024-11-05 23:02:23,,,,,40.16806479113384,,,,
2024-11-05 23:03:25,,,40.88156862745098,,40.16699346405229,,,,
2024-11-05 23:04:26,,,,,40.19779411764706,,,,
2024-11-05 23:05:27,,,40.73372549019608,,40.22243464052288,,,,
2024-11-05 23:06:28,,,,,40.20740392156863,,,,
2024-11-05 23:07:29,,,,,40.19921568627451,,,,
2024-11-05 23:09:32,,,,,40.20490196078432,,,,
2024-11-05 23:19:45,,40.29019607843138,,,,,,,
2024-11-05 23:24:53,,,,,40.12529411764706,,,,
2024-11-05 23:25:54,,,,,40.11869803921569,,,,
2024-11-05 23:26:55,,,,,40.08691176470588,,,,
2024-11-05 23:27:57,,,,,39.9472,,,,
2024-11-05 23:28:58,,,,,39.86941176470589,,,,
2024-11-05 23:29:59,,,,,39.80686274509804,,,,
2024-11-05 23:31:01,,,,,39.77274509803921,,,,
2024-11-05 23:32:02,,,,,39.75,,,,
2024-11-05 23:33:04,,,,,39.72725490196079,,,,
2024-11-05 23:34:05,,,,,39.61352941176471,,,,
2024-11-05 23:35:06,,,,,39.43725490196078,,,,
2024-11-05 23:36:08,,,,,39.420196078431374,,,,
2024-11-05 23:37:09,,,,,39.36765490196078,,,,
2024-11-06 00:12:54,,,38.66392156862745,,39.39130980392157,,,,
2024-11-06 00:13:55,,,39.55098039215687,,39.414964705882355,,,,
2024-11-06 00:16:59,,38.811764705882354,,38.811764705882354,,,,,
2024-11-06 00:18:00,,38.959607843137256,,,,,,,
2024-11-06 00:21:04,,,,38.959607843137256,,,,,
2024-11-06 00:24:08,,,,,,,,,
2024-11-06 00:25:09,,,38.811764705882354,,39.33885763000853,,,,
2024-11-06 00:32:18,,,,,39.241853832442075,,,,
2024-11-06 00:33:19,,,,,39.2015329768271,,,,
2024-11-06 00:48:39,,,,,39.09337068160598,,,,
2024-11-06 00:51:42,,,,,39.040921568627454,,,,
2024-11-06 00:56:48,,,,,39.0996697626419,,,,
2024-11-06 00:58:51,,,,,,,,,
2024-11-06 00:59:52,,,,,39.01407636738906,,,,
2024-11-06 01:03:57,,,39.819786096256685,,,,,,
2024-11-06 01:13:09,,,,,38.99073271413828,,,,
2024-11-06 01:23:21,,,40.00683006535948,,39.02185758513932,,,,
2024-11-06 01:36:38,,,,,,,41.02941176470589,,
2024-11-06 01:43:47,,,,,,41.17725490196079,,,
2024-11-06 02:33:49,,,,,39.0722502334267,,,,
2024-11-06 02:50:10,,,,,39.10745098039215,,,,
2024-11-06 02:53:14,,,,,,,,,41.47294117647059
2024-11-06 02:55:16,,,,,,,,,41.76862745098039
2024-11-06 03:25:55,,,,,39.39641711229947,,,,
2024-11-06 03:26:57,,,,,,,,,
2024-11-06 03:27:58,,,40.18267379679145,,,,,,
2024-11-06 03:30:00,,,40.15467320261438,,,,,,
2024-11-06 03:31:02,,,40.165098039215685,,39.62490196078431,,,,
2024-11-06 03:32:03,,,40.1212324929972,,39.83110423116616,,,,
2024-11-06 03:33:04,,,40.14235294117647,,39.94004127966977,,,,
2024-11-06 03:34:05,,,40.162065359477126,,39.94782249742003,,,,
2024-11-06 03:35:07,,,40.197794117647064,,40.01093681917212,,,,
2024-11-06 03:36:08,,,,,40.0766448801743,,,,
2024-11-06 03:37:09,,,40.142352941176476,,40.103446852425186,,,,
2024-11-06 03:38:11,,,,,,,,,
2024-11-06 03:39:12,,,,,40.08010319917442,,,,
2024-11-06 03:40:13,,,,,,,,,
2024-11-06 03:41:14,,,,,40.08010319917442,,,,
2024-11-06 04:57:52,,,,,40.04119711042313,,,,
2024-11-06 04:59:55,,,,,40.06843137254902,,,,
2024-11-06 05:05:01,,,,,40.043790849673215,,,,
2024-11-06 05:38:43,,,40.04827094474154,,,,,,
2024-11-06 05:39:44,,,40.00122994652406,,,,,,
2024-11-06 05:41:46,,,40.00122994652406,,,,,,
2024-11-06 05:42:48,,,39.92730837789661,,39.99450980392157,,,,
2024-11-06 05:43:49,,,39.90298786181139,,,,,,
2024-11-06 05:44:50,,,39.87623529411765,,,,,,
2024-11-06 05:46:53,,,39.916697626418994,,39.994509803921574,,,,
2024-11-06 05:47:54,,,39.92058823529413,,40.01725490196078,,,,
2024-11-06 05:48:55,,,39.92447884416926,,40.068431372549014,,,,
2024-11-06 05:50:58,,,39.927980392156876,,,,,,
2024-11-06 05:51:59,,,39.994509803921574,,40.18670588235294,,,,
2024-11-06 05:53:00,,,39.93818860877685,,,,,,
2024-11-06 05:54:01,,,39.9804295051354,,,,,,
2024-11-06 05:55:03,,,39.98746965452849,,,,,,
2024-11-06 05:56:04,,,39.98746965452849,,,,,,
2024-11-06 05:57:05,,,40.00795008912656,,,,,,
2024-11-06 05:58:06,,,40.001549953314665,,,,,,
2024-11-06 06:05:15,,,39.97972549019609,,,,,,
2024-11-06 06:09:21,,,39.994509803921574,,,,,,
2024-11-06 06:18:32,,,,39.69882352941177,,,,,
2024-11-06 06:28:45,,,,,,,40.11278431372549,,
2024-11-06 06:32:50,,,,,40.07899159663866,,,,
2024-11-06 06:34:52,,,39.924936562860445,,,,,,
2024-11-06 06:36:55,,,,,,,40.02407843137255,,
2024-11-06 06:38:57,,,39.93537254901961,,,,,,
2024-11-06 06:42:01,,,39.82695424836602,,,,,,
2024-11-06 06:55:17,,,,,,,40.08321568627451,,
2024-11-06 06:58:20,40.88156862745098,,,,39.43270588235295,,,,
2024-11-06 07:06:30,,,,,,,,,39.55098039215687
2024-11-06 07:12:37,,,,,39.38201680672269,,39.99450980392157,,
2024-11-06 07:13:38,,,39.64196078431374,,,,,,
2024-11-06 07:17:43,,,,,,,39.87623529411765,,
2024-11-06 07:40:12,,,,39.69882352941177,,,,,
2024-11-06 07:43:16,,,,,,,,,39.84666666666666
2024-11-06 08:06:45,,,,,,,,,
2024-11-06 08:07:46,,,39.366176470588236,,,,40.01563025210084,,
2024-11-06 08:41:28,,,39.346274509803926,,,,,,
2024-11-06 08:46:35,,,,,39.17081232492997,,,,
2024-11-06 08:47:36,,,,,,,,,38.51607843137255
2024-11-06 09:16:11,,,,,,,,,38.07254901960785
2024-11-06 10:33:47,,,39.03352941176472,,,,,,
2024-11-06 10:42:59,,,38.864565826330534,,,,,,
2024-11-06 10:57:17,,,,,39.42425770308124,,,,
2024-11-06 11:14:39,,,,,39.08281045751634,,,,
2024-11-06 11:15:40,,,38.7526274509804,,39.15673202614379,,,,
2024-11-06 11:16:41,,,38.79328431372549,,38.900470588235294,,,,
2024-11-06 11:18:44,,,38.67316176470588,,,,,,
2024-11-06 11:19:45,,,38.66392156862746,,,,,,
2024-11-06 11:22:49,,,38.681314878892735,,,,,,
2024-11-06 11:25:53,,,,,,,39.69882352941177,,
2024-11-06 11:27:55,,,,,,,38.811764705882354,,
2024-11-06 11:34:03,,,38.49759803921569,,,,,,
2024-11-06 11:35:04,,,38.43722875816994,,,,,,
2024-11-06 11:36:05,,,38.41751633986928,,,,,,
2024-11-06 11:47:19,,,,,,,,,
2024-11-06 11:48:20,,,,,,,,,
2024-11-06 11:49:22,,,38.45271708683474,,,,,,
2024-11-06 11:54:28,,37.94582633053221,,,,,,,
2024-11-06 12:10:48,,,38.427372549019616,,,,,,
2024-11-06 12:11:50,,38.030308123249306,,,,,,,
2024-11-06 12:12:51,,,38.31895424836601,,,,,,
2024-11-06 12:13:52,,,38.325994397759096,,,,,,
2024-11-06 12:14:54,,,38.300000000000004,,,,,,
2024-11-06 12:15:55,,37.96694677871149,,,,,,,
2024-11-06 12:16:56,,37.988067226890756,,,,,,,
2024-11-06 12:17:57,,37.96694677871148,,,,,,,
2024-11-06 12:18:58,,,,,37.96694677871148,,,,
2024-11-06 12:21:01,,37.988067226890756,,,,,,,
2024-11-06 12:23:04,,37.988067226890756,,,,,,,
2024-11-06 12:25:06,,,,38.07254901960785,,,,,
2024-11-06 12:26:08,,,,,37.94582633053221,,,,
2024-11-06 12:27:09,,,,,37.99862745098039,,,,
2024-11-06 12:56:46,,,38.11803921568628,,,,,,
2024-11-06 12:57:47,,,38.1521568627451,,,,,,
2024-11-06 13:05:57,,,38.13415032679739,,,,,,
2024-11-06 13:16:09,,,,,38.08897603485838,,,,
2024-11-06 13:28:24,,,,,38.121830065359475,,,,
2024-11-06 13:29:25,,,,,38.18753812636166,,,,
2024-11-06 13:30:26,,,,,38.17111111111112,,,,
2024-11-06 13:31:27,,,,,38.15468409586057,,,,
2024-11-06 13:32:29,,,38.121830065359475,,,,,,
2024-11-06 13:33:30,,,38.08897603485838,,,,,,
2024-11-06 13:34:31,,,38.08897603485838,,,,,,
2024-11-06 13:35:32,,,38.08897603485838,,,,,,
2024-11-06 13:36:34,,,38.08897603485838,,,,,,
2024-11-06 13:37:35,,,38.08897603485838,,,,,,
2024-11-06 13:38:37,,,,,38.07254901960784,,,,
2024-11-06 13:39:38,,,38.02326797385621,,,,,,
2024-11-06 13:40:39,,,,,,,,,
2024-11-06 13:44:44,,,,36.05202614379085,,,,,
2024-11-06 13:45:46,,,,36.141348039215686,,,,,
2024-11-06 13:48:49,,,,36.22885813148789,,,,,
2024-11-06 13:49:51,,,,36.237554786620535,,,,,
2024-11-06 13:50:52,,,,36.211464821222606,,,,,
2024-11-06 13:51:53,,,,36.34191464821223,,,,,
2024-11-06 13:52:55,,,,36.41148788927336,,,,,
2024-11-06 13:53:56,,,,36.44627450980392,,,,,
2024-11-06 13:54:57,,,,36.43757785467128,,,,,
2024-11-06 13:55:58,,,,36.43757785467128,,,,,
2024-11-06 13:57:00,,,,36.47236447520185,,,,,
2024-11-06 14:08:13,,,,36.333217993079586,,,,,
2024-11-06 14:09:15,,,,36.35061130334488,,,,,
2024-11-06 14:13:19,,,,36.413420479302836,,,,,
2024-11-06 14:14:21,,,,36.36413943355121,,,,,
2024-11-06 14:15:22,,,,36.35592592592593,,,,,
2024-11-06 14:16:23,,,,36.246251441753174,,,,,
2024-11-06 14:17:24,,,,36.132107843137256,,,,,
2024-11-06 14:21:29,,,,,38.88568627450981,,39.10745098039216,,
2024-11-06 14:22:31,,,38.830245098039214,,38.88568627450981,,,,
2024-11-06 14:23:32,,,38.830245098039214,,38.88568627450981,,,,
2024-11-06 14:24:33,,,38.830245098039214,,38.844618736383445,,,,
2024-11-06 14:25:34,,,38.811764705882354,,38.844618736383445,,39.55098039215687,,
2024-11-06 14:26:36,,,38.830245098039214,,38.86104575163399,,,,
2024-11-06 14:27:37,,,38.830245098039214,,38.86104575163399,,,,
2024-11-06 14:28:38,,,,,38.86104575163399,,,,
2024-11-06 14:29:40,,38.88568627450981,,,,,,,
2024-11-06 14:31:42,,,,,,,,,
2024-11-06 14:32:44,,38.922647058823536,,,,,,,
2024-11-06 14:33:45,,,38.830245098039214,,,,,,
2024-11-06 14:34:46,,38.959607843137256,,,,,,,
2024-11-06 14:35:47,,,,,,38.959607843137256,,,
2024-11-06 14:36:49,,,,,,38.959607843137256,,,
2024-11-06 14:41:55,,,,,38.79698039215687,,,,
2024-11-06 14:42:57,,,38.811764705882354,,,,,,
2024-11-06 14:48:03,,39.01407636738906,,,,,,,
2024-11-06 14:51:07,,39.01135294117647,,,38.811764705882354,,,,
2024-11-06 14:54:11,,39.003960784313726,,,,,,,
2024-11-06 14:55:12,,39.01135294117647,,,,,,,
2024-11-06 14:57:15,,39.01135294117647,,,,,,,
2024-11-06 14:58:16,,39.01135294117647,,,,,,,
2024-11-06 15:00:19,,39.003960784313726,,,,,,,
2024-11-06 15:03:23,,39.01407636738906,,,,,,,
2024-11-06 15:05:25,,39.041742919389975,,,37.92470588235294,,,,
2024-11-06 15:06:27,,39.055271049596314,,,,,,,
2024-11-06 15:07:28,,39.04657439446367,,,,,,,
2024-11-06 15:09:31,,39.06125,,,,,,,
2024-11-06 15:10:32,,39.06125,,,,,,,
2024-11-06 15:11:33,,39.05200980392157,,,,,,,
2024-11-06 15:12:35,,,,,,,,,
2024-11-06 15:13:36,,39.06125,,,,,,,
2024-11-06 15:14:37,,39.08773856209151,,,,,,,
2024-11-06 15:16:40,,,,,,,,,
2024-11-06 15:20:44,,,,,,38.93848739495798,,,
2024-11-06 15:21:46,,,,,,38.93848739495798,,,
2024-11-06 15:25:51,,,,,,38.95960784313725,,,
2024-11-06 15:26:52,,,,,,38.93848739495798,,,
2024-11-06 15:29:56,,,,,,38.98072829131653,,,
2024-11-06 15:30:57,,,,,,38.959607843137256,,,
2024-11-06 15:31:58,,,,,,38.959607843137256,,,
2024-11-06 16:10:47,,,38.959607843137256,,,,,,
2024-11-06 16:11:48,,,,,39.213053221288526,,,,
2024-11-06 16:14:53,,,,,39.170812324929976,,,,
2024-11-06 16:15:54,,,,,39.20249299719888,,,,
2024-11-06 16:16:55,,,,,39.160252100840346,,,,
2024-11-06 16:19:59,,,,,39.18137254901961,,,,
2024-11-06 16:22:02,,,,,39.18137254901961,,,,
2024-11-06 16:23:03,,,,,39.170812324929976,,,,
2024-11-06 16:25:05,,,,,39.14969187675071,,,,
2024-11-06 16:29:11,,,,,39.05816993464053,,,,
2024-11-06 16:30:12,,,,,38.913406862745106,,,,
2024-11-06 16:33:16,,,,,38.85524798154557,,,,
2024-11-06 16:37:21,,39.10745098039216,,,,,,,
2024-11-06 16:39:24,,,,,38.78712418300653,,,,
2024-11-06 16:56:45,,,,,38.74173374613004,,,,
2024-11-06 17:00:50,,,38.811764705882354,,,,,,
2024-11-06 17:01:51,,,,,38.76001960784314,,,,
2024-11-06 18:01:05,40.29019607843138,,,,,,,,
2024-11-06 18:09:15,,39.10745098039216,,,,,,,
2024-11-06 18:10:16,,38.811764705882354,,,,38.66392156862745,,,
2024-11-06 18:11:17,,39.10745098039216,,,,38.959607843137256,,,
2024-11-06 18:12:18,,,,,,38.66392156862745,,,
2024-11-06 18:13:20,,,,,,38.51607843137255,,,
2024-11-06 18:14:21,,,,,,38.36823529411765,,,
2024-11-06 18:18:26,,,,,,,,,
2024-11-06 18:23:33,,,,,38.39936016511868,,,,
2024-11-06 18:24:34,,,,,38.29042311661507,,,,
2024-11-06 18:33:45,39.55098039215687,,38.811764705882354,,,,,,
2024-11-06 18:52:08,,,,,38.18926728586172,,,,
2024-11-06 18:53:09,,,,,38.113616557734204,,,,
2024-11-06 18:54:10,,,,,38.01167243367935,,,,
2024-11-06 18:55:12,,,,,38.015054466230936,,,,
2024-11-06 18:57:15,,,,,37.97398692810457,,,,
2024-11-06 18:58:16,,,,,37.94934640522876,,,,
2024-11-06 18:59:17,,,,,37.94113289760348,,,,
2024-11-06 19:00:19,,,,,37.94934640522876,,,,
2024-11-06 19:01:20,,,38.959607843137256,,37.94934640522876,,,,
2024-11-06 19:02:21,,38.811764705882354,,,,,,,
2024-11-06 19:03:22,,38.811764705882354,,,38.018080495356045,,,,
2024-11-06 19:04:24,,,,,38.10950980392157,,,,
2024-11-06 19:05:25,,,,,38.220392156862744,,,,
2024-11-06 19:06:26,,,,,38.274860681114546,,,,
2024-11-06 19:07:27,,,,,38.318954248366005,,,,
2024-11-06 19:26:52,,,39.55098039215687,,,38.93003921568628,,,
2024-11-06 19:27:53,,,,,,39.01874509803922,40.438039215686274,,
2024-11-06 19:28:54,,,,,,39.43270588235295,,,
2024-11-06 19:29:56,,,,,38.43780853517878,,,,
2024-11-06 19:30:57,,,,,38.550865051903116,,,,
2024-11-06 19:31:58,,,,,,39.1961568627451,,,
2024-11-06 19:32:59,,,,,,39.35385620915033,,,
2024-11-06 19:34:01,,,,,,39.427777777777784,,,
2024-11-06 19:36:03,,38.98917647058824,,,,,,,
2024-11-06 19:37:05,,38.91032679738562,,,,,,,
2024-11-06 19:38:06,,,,,38.68363398692811,,,,
2024-11-06 19:40:09,,,,,38.674481792717074,,,,
2024-11-06 19:41:10,,,,,38.75490196078431,,,,
2024-11-06 19:42:11,,,,39.25529411764706,,,,,
2024-11-06 19:43:13,,,,38.959607843137256,,,,,
2024-11-06 19:46:16,,,,,39.077882352941174,,,,
2024-11-06 19:47:18,,,,,39.10745098039216,,,,
2024-11-06 19:50:22,,,,38.66392156862745,,,,,
2024-11-06 19:52:24,,,,38.07254901960785,,,,,
2024-11-06 20:08:44,,,,,39.15673202614379,,,,
2024-11-06 20:09:46,,,,,39.366176470588236,,,,
2024-11-06 20:10:47,,39.00396078431373,,,,38.66392156862745,,,
2024-11-06 20:11:48,,,,,39.28486274509804,,,,
2024-11-06 20:12:49,,,,,39.30905525846702,,,,
2024-11-06 20:14:51,,38.97808823529412,,,,,,,
2024-11-06 20:15:53,,39.0018487394958,,,,,,,
2024-11-06 20:16:54,,38.959607843137256,,,,,,,
2024-11-06 20:17:55,,38.959607843137256,,,,,,,
2024-11-06 20:18:56,,38.917366946778714,,,,,,,
2024-11-06 20:19:58,,,,39.55098039215687,,,,,
2024-11-06 20:20:59,,,,,,,,,
2024-11-06 20:31:11,,,,,,38.22039215686274,,,
2024-11-06 20:35:16,,38.98072829131653,,,,,,,
2024-11-06 20:37:18,,,,,,38.51607843137255,,,
2024-11-06 20:38:19,,,,,,,40.438039215686274,,
2024-11-06 20:44:27,,,,,,,40.29019607843138,,
2024-11-06 21:02:50,,,39.25529411764706,,39.656582633053226,,,,
2024-11-06 21:03:51,,,,,39.64602240896359,,,,
2024-11-06 21:04:52,,,,,39.61434173669467,,,,
2024-11-06 21:05:54,,,,,39.656582633053226,,,,
2024-11-06 21:06:55,,,,,39.669254901960784,,,,
2024-11-06 21:07:57,,,,,39.67110294117647,,,,
2024-11-06 21:08:58,,,,,39.65534025374856,,,,
2024-11-06 21:09:59,,,,,39.70703703703705,,,,
2024-11-06 21:11:00,,,,,39.79219814241486,,,,
2024-11-06 21:12:02,,,39.69882352941177,,39.78752941176471,,,,
2024-11-06 21:13:03,,,39.69882352941177,,39.83962651727358,,,,
2024-11-06 21:14:04,,,39.10745098039216,,39.866827094474154,,,,
2024-11-06 21:15:05,,,,,39.89166240409208,,,,
2024-11-06 21:17:08,,,,,,36.88980392156863,,,
2024-11-06 21:20:11,,,,,,39.25529411764706,,,
2024-11-06 21:21:13,,38.959607843137256,,,,,,,
2024-11-06 21:24:17,,39.10745098039216,,,,,,,
2024-11-06 21:26:19,,,,,40.0343137254902,,,,
2024-11-06 21:27:21,,,,,40.051372549019604,,,,
2024-11-06 21:28:22,,,,,40.108235294117655,,,,
2024-11-06 21:29:23,,,,,40.130980392156864,,,,
2024-11-06 21:30:25,,,,,40.15372549019608,,,,
2024-11-06 21:31:26,,,,,40.11960784313726,,,,
2024-11-06 21:32:27,,,,,40.10254901960785,,,,
2024-11-06 21:33:28,,,,,40.124611764705875,,,,
2024-11-06 21:34:29,,,,,40.12387254901961,,,,
2024-11-06 21:35:31,,,,,40.1115522875817,,,,
2024-11-06 21:36:32,,,,,40.123069053708434,,,,
2024-11-06 21:37:34,,,,,40.13563279857397,,,,
2024-11-06 21:38:35,,,,,40.128912655971476,,,,
2024-11-06 21:39:36,,,,,40.16251336898395,,,,
2024-11-06 21:40:37,,,,,40.15579322638146,,38.22039215686274,,
2024-11-06 21:41:39,,,,,40.149073083778966,,,,
2024-11-06 21:42:40,,,,,40.17755368814193,,,,
2024-11-06 21:43:41,,,,,40.17931372549019,,,,
2024-11-06 21:45:44,,,,,40.21238390092879,,,,
2024-11-06 21:46:45,,,,,40.21627450980392,,,,
2024-11-06 21:48:48,,,,,40.22062283737024,,,,
2024-11-06 21:49:49,,,,,,,,,
2024-11-06 21:52:53,,,,,,39.25529411764706,,,
2024-11-06 22:05:08,,,,,,38.959607843137256,,,
2024-11-06 22:06:09,,,,,40.1764705882353,,,,
2024-11-06 22:45:59,,,38.07254901960785,,,,39.69882352941177,,
2024-11-06 22:47:00,,,,,,38.811764705882354,,,
2024-11-06 22:48:01,,,,,,,,,
2024-11-06 22:49:03,,39.00580882352942,,,,,,,
2024-11-06 22:50:04,,38.96884803921569,,,,,,,
2024-11-06 22:51:05,,38.93351787773934,,,,,,,
2024-11-06 22:52:07,,38.924821222606695,,,,,,,
2024-11-06 22:53:08,,38.933517877739334,,,,,,,
2024-11-06 22:54:09,,38.91612456747405,,,,,,,
2024-11-06 22:55:10,,38.93496732026145,,,,,,,
2024-11-06 22:56:12,,38.92675381263617,,,,,,,
2024-11-06 22:57:13,,38.951826625387,,,,,,,
2024-11-06 22:58:14,,38.93743137254903,,,,,,,
2024-11-06 22:59:16,,38.96664799253035,,,,,,,
2024-11-06 23:00:17,,38.979768270944746,,,,,,,
2024-11-06 23:01:18,,38.96632798573975,,,,,,,
2024-11-06 23:02:20,,38.96632798573975,,,,,,,
2024-11-06 23:05:24,,38.979768270944746,,,,,,,
2024-11-06 23:06:25,,39.11449112978525,,,,,,,
2024-11-06 23:10:30,,,,,,38.680348583878,,,
2024-11-06 23:11:31,,39.20082559339526,,,,,,,
2024-11-06 23:13:34,,,,,,38.680348583878,,,
2024-11-06 23:14:35,,,,,,38.84133333333334,,,
2024-11-06 23:19:42,,,,,,38.811764705882354,,,
2024-11-06 23:20:43,,39.13354094579009,,,,38.85611764705883,,,
2024-11-06 23:21:44,,,,,,38.84133333333334,,,
2024-11-06 23:22:45,,39.107450980392166,,,,38.84133333333334,,,
2024-11-06 23:23:47,,39.107450980392166,,,,38.959607843137256,,,
2024-11-06 23:25:49,,39.06196078431373,,,,,,,
2024-11-06 23:26:50,,39.05816993464053,,,,38.97304812834225,,,
2024-11-06 23:28:53,,,,,,38.97304812834225,,,
2024-11-06 23:32:58,,,38.811764705882354,,,,,,
2024-11-06 23:33:59,,,38.959607843137256,,,,,,
2024-11-06 23:40:06,,,,,,,,,
2024-11-06 23:51:20,,,,,,,39.84666666666666,,
2024-11-07 00:00:32,,,,,,,,,
2024-11-07 00:03:35,,,,,38.811764705882354,,,,
2024-11-07 00:06:39,,39.058169934640524,,,,39.120891265597145,,,
2024-11-07 00:07:40,,39.058169934640524,,,,,,,
2024-11-07 00:27:04,,,,,,,39.92058823529412,,
2024-11-07 00:36:16,40.14235294117647,,,,39.55098039215687,,39.95226890756302,,
2024-11-07 00:44:26,,,38.811764705882354,,,,,,
2024-11-07 00:47:30,,,,,,39.42425770308123,39.94170868347339,,
2024-11-07 00:48:31,,,,,,,39.962829131652654,,
2024-11-07 00:49:33,,,,,,,39.962829131652654,,
2024-11-07 00:50:34,,,,,,,39.962829131652654,,
2024-11-07 00:51:35,,,,,,,39.95226890756303,,
2024-11-07 00:52:37,,,,,,,39.9733893557423,,
2024-11-07 00:53:38,,,,,,40.04379084967321,,,
2024-11-07 00:54:40,,,,,,40.16699346405229,,,
2024-11-07 00:55:41,,,,,,,40.068431372549014,,
2024-11-07 00:57:43,,,,,,,40.196114081996434,,
2024-11-07 00:59:46,,,,,,,40.16923351158644,,
2024-11-07 01:00:47,,,,,,,,,
2024-11-07 01:09:59,,,,,,39.8836274509804,,,
2024-11-07 01:12:02,,39.10745098039216,,,,,,,
2024-11-07 01:19:11,,,,,37.92470588235294,,,,
2024-11-07 01:20:12,,,,,39.99450980392157,,,,
2024-11-07 01:23:16,,39.06309803921569,,,,,,,
2024-11-07 01:26:20,,,,,38.959607843137256,,,,
2024-11-07 01:27:21,,,,,38.959607843137256,,,,
2024-11-07 01:43:41,,39.08470588235295,,,,,,,
2024-11-07 01:45:44,,39.09689075630253,,,,39.55098039215687,,,
2024-11-07 01:46:45,,,,,,39.50169934640523,,,
2024-11-07 01:48:47,,39.12593137254902,,,,,,,
2024-11-07 01:49:49,,39.135171568627456,,,,,,,
2024-11-07 01:50:50,,,,,,39.35385620915034,,,
2024-11-07 01:51:51,,39.1161476355248,,,,,,,
2024-11-07 01:52:52,,39.1161476355248,,,,39.443458110516936,,,
2024-11-07 01:53:54,,,,,,39.40313725490196,,,
2024-11-07 01:54:55,,,,,,39.42777777777778,,,
2024-11-07 01:55:56,,39.09821078431373,,,,,,,
2024-11-07 01:56:57,,39.07973039215686,,,,,,,
2024-11-07 01:57:59,,39.10745098039216,,,,,,,
2024-11-07 01:59:00,,39.06802614379085,,,,39.31073529411765,,,
2024-11-07 02:00:01,,39.07788235294118,,,,,,,
2024-11-07 02:01:03,,39.05816993464053,,,,,,,
2024-11-07 02:02:04,,39.03352941176471,,,,,,,
2024-11-07 02:03:05,,39.027843137254905,,,,,,,
2024-11-07 02:04:06,,39.00509803921569,,,,,,,
2024-11-07 02:05:07,,,,,,39.15919607843138,,,
2024-11-07 02:07:10,,39.05368983957219,,,,39.163772175536884,,,
2024-11-07 02:10:14,,,,,,,,,
2024-11-07 02:11:15,,,,,,,,,
2024-11-07 02:13:18,,,,,,39.14777183600714,,,
2024-11-07 02:14:19,,,,,,38.657201426024955,,,
2024-11-07 02:15:21,,,,,,38.628720821662,,,
2024-11-07 02:16:22,,,,,,38.44887700534759,,,
2024-11-07 02:17:23,,,,,,38.27824381926684,,,
2024-11-07 02:18:25,,,,,,38.23271241830066,,,
2024-11-07 02:19:26,,,,,,38.17539641943735,,,
2024-11-07 02:20:27,,,,,,38.16896845694801,,,
2024-11-07 02:21:29,,,,,,38.226552287581704,,,
2024-11-07 02:22:30,,,,,,38.28544313725491,,,
2024-11-07 02:23:31,,,,,,38.279529411764706,,,
2024-11-07 02:24:32,,,,,,38.28544313725491,,,
2024-11-07 02:25:34,,,,,,38.263513071895424,,,
2024-11-07 02:26:35,,,,,,38.23324808184144,,,
2024-11-07 02:27:37,,,,,,38.15319073083779,,,
2024-11-07 02:28:38,,,,,,38.07958916900094,,,
2024-11-07 02:31:42,,36.15058823529412,,,38.83640522875817,,,,
2024-11-07 02:32:43,,36.44627450980393,,,38.88,,,,
2024-11-07 02:33:45,,,,,38.906806722689076,38.25929824561404,,,
2024-11-07 02:34:46,,,,,,38.19575163398694,,,
2024-11-07 02:35:47,,37.77686274509804,,,38.913406862745106,38.020369088812004,,,
2024-11-07 02:36:48,,,,,38.89003460207613,,,,
2024-11-07 02:37:50,,,,,38.88568627450981,,,,
2024-11-07 02:38:51,,,,,38.86623323013416,37.618459383753496,,,
2024-11-07 02:39:52,,,,,38.893078431372544,37.49254901960784,,,
2024-11-07 02:40:54,,39.25529411764706,,,,,,,
2024-11-07 02:44:59,,,,,38.93272727272727,,,,
2024-11-07 02:49:04,,,,,38.94675191815857,,,,
2024-11-07 02:50:05,,,,,38.94728758169935,,,,
2024-11-07 02:51:06,,,,,38.96552156862745,,,,
2024-11-07 02:52:07,,39.55098039215687,,,,,,,
2024-11-07 02:57:14,,,,,38.99793754538853,,,,
2024-11-07 02:58:15,,,,,39.05269426289034,,,,
2024-11-07 02:59:16,,,,,39.14030501089324,37.03764705882353,,,
2024-11-07 03:00:18,,,,,39.226862745098046,,,,
2024-11-07 03:01:19,,,,,39.20411764705883,,,,
2024-11-07 03:02:20,,,,,39.261207843137264,,,,
2024-11-07 03:03:21,,,,,39.279934640522875,,,,
2024-11-07 03:04:23,,,,,39.30671781756182,,,,
2024-11-07 03:05:24,,,,,39.25529411764706,,,,
2024-11-07 03:06:25,,,,,39.23417366946779,,,,
2024-11-07 03:07:26,,,,,39.25529411764707,,,,
2024-11-07 03:08:28,,,,,39.24790196078432,,,,
2024-11-07 03:09:29,,,,,39.25529411764707,,,,
2024-11-07 03:10:30,,,,,39.222440087145976,,,,
2024-11-07 03:11:31,,,,,39.24659746251443,,,,
2024-11-07 03:12:32,,,,,39.24659746251443,,,,
2024-11-07 03:13:34,,,,,39.26453431372549,,,,
2024-11-07 03:15:36,,,,,39.225725490196076,,,,
2024-11-07 03:21:44,,,39.10745098039216,,,,40.585882352941184,,
2024-11-07 03:22:45,,,,,,,40.14235294117647,,
2024-11-07 03:23:46,,39.69882352941177,,,,39.35385620915033,,,
2024-11-07 03:24:48,,40.14235294117647,,,,,,,
2024-11-07 03:25:49,,40.14235294117647,,,,39.321002178649245,,,
2024-11-07 03:26:50,,,,,,39.321002178649245,,,
2024-11-07 03:27:52,,,,,,39.27172113289762,,,
2024-11-07 03:28:53,,,,,,39.35385620915034,,,
2024-11-07 03:29:55,,39.69882352941177,,,,39.37028322440088,,,
2024-11-07 03:37:04,,,,,,,,,
2024-11-07 03:41:09,,,37.48117647058824,,,,,,
2024-11-07 03:47:17,,,,,,,,,
2024-11-07 03:50:20,39.93537254901961,,,,,,,,
2024-11-07 03:52:23,,,,,,39.321002178649245,,,
2024-11-07 04:12:49,,,38.830245098039214,,,,,,
2024-11-07 04:13:50,,39.31865546218488,,,,39.321002178649245,,,
2024-11-07 04:18:56,39.96494117647059,,,,,,,,
2024-11-07 04:19:58,39.93537254901961,,,,,,,,
2024-11-07 04:20:59,39.96494117647059,,,,,,,,
2024-11-07 04:22:00,,,39.09513071895425,,,,,,
2024-11-07 04:25:04,,,39.14156862745098,,,,,,
2024-11-07 04:26:05,,,,,,,36.88980392156863,,
2024-11-07 04:57:45,,,,,,,40.29019607843138,,
2024-11-07 04:59:48,,38.811764705882354,,,,,,,
2024-11-07 05:00:49,,38.959607843137256,,,,,,,
2024-11-07 05:29:26,39.90580392156862,,,,,,,,
2024-11-07 09:39:36,,38.22039215686274,39.23886710239652,,,,,,
2024-11-07 09:43:41,,,39.25529411764706,,,,,,
2024-11-07 09:47:46,,,39.225725490196076,,,,,,
2024-11-07 09:48:47,,,39.23417366946779,,,,,,
2024-11-07 09:59:00,,,39.25529411764706,,,,,,
2024-11-07 10:00:01,,,39.288894830659544,,,,,,
2024-11-07 10:01:03,,,39.281005967604436,,,,,,
2024-11-07 10:02:04,,,,,,,,,
2024-11-07 10:03:05,,,,,,,,,
2024-11-07 10:04:06,,,39.33217254901961,,,,,,
2024-11-07 10:05:08,,,39.39130980392157,,,,,,
2024-11-07 10:06:09,,,39.39176470588235,,,,,,
2024-11-07 10:07:10,,,39.39176470588235,,,,,,
2024-11-07 10:08:12,,,39.397450980392165,,,,,,
2024-11-07 10:09:13,,,39.40882352941177,,,,39.25529411764706,,
2024-11-07 10:10:14,,,39.38123456790123,,,,,,
2024-11-07 10:11:15,,,39.39766158315178,,,,,,
2024-11-07 10:13:18,,,39.43051561365287,,,,,,
2024-11-07 10:15:20,,,39.43599128540305,,,,,,
2024-11-07 10:19:25,,,39.46884531590413,,,,,,
2024-11-07 10:21:28,,,39.44694262890341,,,,,,
2024-11-07 10:22:29,,,39.47432098765433,,,,,,
2024-11-07 10:24:31,,,39.479796659404506,,,,40.14235294117647,,
2024-11-07 10:25:33,,,39.46568627450981,,,,,,
2024-11-07 10:26:34,,,39.420196078431374,,,,,,
2024-11-07 10:28:37,,,39.403137254901964,,,,40.14235294117647,,
2024-11-07 10:29:38,,,39.36765490196078,,,,,,
2024-11-07 10:30:39,,,,,,39.99450980392157,,,
2024-11-07 10:32:41,,,,,,39.99450980392157,,,
2024-11-07 10:34:44,,,,,,39.84666666666666,,,
2024-11-07 10:39:51,,,39.202070588235294,,,,,,
2024-11-07 10:49:02,,,39.13701960784314,,,,,,
2024-11-07 10:50:03,,,39.14293333333333,,,,,,
2024-11-07 10:51:04,,,39.14884705882353,,,,,,
2024-11-07 10:54:08,,,39.14293333333333,,,,,,
2024-11-07 10:55:09,,,39.17250196078432,,,,,,
2024-11-07 10:56:10,,,39.160674509803926,,,,,,
2024-11-07 10:57:12,,,39.16067450980392,,,,,,
2024-11-07 10:58:13,,,,,,,41.62078431372549,,
2024-11-07 11:51:20,,,39.09562352941177,,,,,,
2024-11-07 11:52:21,,,,,,,38.07254901960785,,
2024-11-07 11:53:22,,,39.09562352941177,,,,,,
2024-11-07 11:54:24,,,39.071968627450985,,,,,,
2024-11-07 11:55:25,,,,,,,,,
2024-11-07 11:56:27,,,39.091023965141616,,,,,,
2024-11-07 11:57:28,,,39.091610644257706,,,,,,
2024-11-07 12:01:33,,,39.10217086834735,,,,,,
2024-11-07 12:03:36,,,39.05464985994398,,,,,,
2024-11-07 12:05:39,,,39.049369747899156,,,,,,
2024-11-07 12:10:46,,,39.022969187675066,,,,,,
2024-11-07 12:12:48,,,38.986008403361346,,,,,,
2024-11-07 12:13:50,,,38.95413217138708,,,,,,
2024-11-07 12:19:57,,,38.91980392156863,,,,,,
2024-11-07 12:25:04,,,38.947780392156865,,,,,,
2024-11-07 12:26:05,,,38.94186666666668,,,,,,
2024-11-07 12:33:14,,,38.91032679738562,,,,,,
2024-11-07 12:34:15,,,38.91032679738562,,,,,,
2024-11-07 12:35:17,,,38.98424836601308,,,,,,
2024-11-07 12:36:18,,,39.030315430520034,,,,,,
2024-11-07 12:37:19,,,39.05602728047741,,,,,,
2024-11-07 12:38:21,,,39.07531116794544,,,,,,
2024-11-07 12:39:22,,,39.08816709292413,,,,,,
2024-11-07 12:40:23,,,39.10745098039216,,,,,,
2024-11-07 12:41:25,,,39.10102301790282,,,,,,
2024-11-07 12:42:26,,,39.10102301790282,,,,,,
2024-11-07 12:43:27,,,39.08173913043479,,,,,,
2024-11-07 12:49:35,,,,,,39.40313725490197,39.40313725490197,,
2024-11-07 12:50:36,,,,,,39.40313725490197,39.40313725490197,,
2024-11-07 12:51:37,,,,,,39.55098039215687,39.55098039215687,,
2024-11-07 12:52:39,,,,,,39.55098039215687,,,
2024-11-07 12:53:40,,,,,,39.40313725490197,,,
2024-11-07 12:59:48,39.55098039215687,,,,,,,,
2024-11-07 13:01:50,39.99450980392157,,,,,,,,
2024-11-07 13:02:52,39.99450980392157,,,,,,,,
2024-11-07 13:22:15,,,38.946751918158576,,,,37.92470588235294,,
2024-11-07 13:24:18,40.14235294117647,,38.921040068201194,,,,39.10745098039216,,
2024-11-07 13:27:22,,,38.91461210571186,,,,,,
2024-11-07 13:29:24,,,38.85676044330776,,,,,,
2024-11-07 13:31:27,,,38.805336743393006,,,,,,
2024-11-07 13:32:28,,,38.79160427807487,,,,,,
2024-11-07 13:34:31,,,38.79064425770308,,,,,,
2024-11-07 13:35:32,,,38.94552754435107,,,,,,
2024-11-07 13:36:34,,,38.94552754435107,,,,,,
2024-11-07 13:37:35,,,38.952567693744165,,,,,,
2024-11-07 13:38:36,,,38.93848739495799,,,,,,
2024-11-07 13:39:38,,,38.97304812834224,,,,,,
2024-11-07 14:00:02,,,38.99992869875222,,,,,,
2024-11-07 14:01:03,,,39.006648841354725,,,,,,
2024-11-07 14:02:05,,,38.952567693744165,,,,,,
2024-11-07 14:03:06,,,38.959607843137256,,,,,,
2024-11-07 14:04:07,,,38.95960784313725,,,,,,
2024-11-07 14:06:10,,,38.94404540763674,,,,39.218333333333334,,
2024-11-07 14:07:11,,,39.01710239651416,,,,,,
2024-11-07 14:13:19,,,39.02048442906574,,,,,,
2024-11-07 18:13:20,,,,,,,39.218333333333334,,
2024-11-07 18:14:21,,,,,,,39.25529411764706,,
2024-11-07 18:15:22,,,,,41.47294117647059,,39.32921568627451,,
2024-11-07 19:53:20,,,,,,,39.236813725490194,,
2024-11-07 19:58:26,,,,,,,39.015049019607844,,
2024-11-07 20:42:19,,,,,,38.63928104575164,,,
2024-11-07 21:13:56,,,38.86552584670232,,,,,,
2024-11-07 21:19:02,,,,,,38.66392156862746,,,
2024-11-07 21:20:03,,,,,,,39.14441176470588,,
2024-11-07 21:23:06,,,,,40.29019607843138,38.63928104575164,,,
2024-11-07 21:24:08,,,,,39.99450980392157,,,,
2024-11-07 22:30:28,,,,,,,,,40.88156862745098
2024-11-07 23:06:12,,,,,,38.93496732026144,39.218333333333334,,
2024-11-08 01:01:30,,,,,,39.427777777777784,,,
2024-11-08 01:03:33,,,,,,39.403137254901964,,,
2024-11-08 01:04:34,,,,37.92470588235294,,,,,
2024-11-08 08:37:35,,,,,,39.304575163398695,,,
2024-11-08 16:17:57,,37.26997198879552,,,,,,,
2024-11-08 16:23:04,,37.68446078431373,,,,,,,
2024-11-08 16:44:30,,37.858997821350755,,,,,,,
2024-11-08 16:45:31,,,,,34.6721568627451,,,,
2024-11-08 16:48:35,,,38.45694117647059,,,,,,
2024-11-08 17:10:01,,,37.48117647058824,,,,,,
2024-11-08 17:15:07,,,37.77686274509804,,,,,,
2024-11-08 17:19:12,,,,,,,,,
2024-11-08 17:20:13,,37.90827886710239,,,,,,,
2024-11-08 17:26:21,,37.7275816993464,38.22039215686274,,,,,,
2024-11-08 17:34:31,,37.79328976034858,,,,,,,
2024-11-08 19:10:24,,37.69472766884531,,,,,,,
2024-11-08 19:19:35,,,,,,,38.51607843137255,,
2024-11-08 20:03:28,,,,,,,36.29843137254902,,
2024-11-08 20:16:45,,,39.40313725490197,,,,,,
2024-11-08 20:18:48,,,,,,,38.22039215686274,,
2024-11-08 22:32:29,,,,,,,,,
2024-11-08 22:33:30,,37.607899159663866,,,,,,,
2024-11-08 23:27:36,,,,,,37.48117647058824,,,
2024-11-08 23:53:07,,,,,,39.25529411764706,,,
2024-11-09 00:00:15,,,,,,35.70705882352941,,,
2024-11-09 00:50:15,,,,,,,,,
2024-11-09 02:42:30,,,,,,,38.66392156862745,,
2024-11-09 03:14:07,,,,,,,,38.959607843137256,
2024-11-09 04:29:38,,,,,,39.84666666666666,39.55098039215687,,
2024-11-09 04:56:10,,,,39.10745098039216,,,,,
2024-11-09 04:58:13,,,,38.959607843137256,,,,,
2024-11-09 04:59:14,,,,38.811764705882354,,,,,
2024-11-09 05:09:26,,,,,39.116691176470596,,,,
2024-11-09 05:10:28,,,,,39.13354094579009,,,,
2024-11-09 05:11:29,,,,,39.14851851851852,,,,
2024-11-09 05:22:42,,,,,39.169700722394225,,,,
2024-11-09 05:25:46,,,,,39.181372549019606,,,,
2024-11-09 05:29:51,,,,,39.17785247432306,,,,
2024-11-09 05:35:58,,39.55098039215687,,,39.188092691622096,,,,
2024-11-09 05:37:00,,,,,39.21672634271099,,,,
2024-11-09 05:44:08,,,,,39.206013071895434,,,,
2024-11-09 05:50:16,,,,,39.27377450980393,,,,
2024-11-09 05:53:19,,,,,39.26712156862745,,,,
2024-11-09 05:54:20,,,,,39.27235294117648,,,,
2024-11-09 05:55:22,,,,,39.27719680464779,,,,
2024-11-09 05:56:23,,,,,39.30281512605042,,,,
2024-11-09 05:57:24,,,,,39.30117647058824,,,,
2024-11-09 05:59:27,,,,,39.29964705882353,,,,
2024-11-09 06:00:28,,,39.25529411764706,,39.31443137254902,,,,
2024-11-09 06:01:29,,,39.25529411764706,,39.33414379084967,,,,
2024-11-09 06:02:30,,,,,39.33414379084968,,,,
2024-11-09 06:03:32,,,,,39.36371241830066,,,,
2024-11-09 06:04:33,,,39.25529411764706,,39.373568627450986,,,,
2024-11-09 06:05:34,,,39.25529411764706,,39.37849673202616,,,,
2024-11-09 06:07:37,,,,,39.373568627450986,,,,
2024-11-09 06:08:38,,,,,39.38835294117647,,,,
2024-11-09 06:09:40,,,,,39.38784313725491,,,,
2024-11-09 06:10:41,,,,,39.40313725490196,,,,
2024-11-09 06:11:42,,,,,39.403137254901964,,,,
2024-11-09 06:12:43,,,,,39.392185911401604,,,,
2024-11-09 06:13:45,,,,,39.38607843137255,,,,
2024-11-09 06:14:46,,,,,39.391764705882366,,,,
2024-11-09 06:15:47,,,,,39.40313725490197,,,,
2024-11-09 06:16:48,,,,,39.39176470588235,,,,
2024-11-09 06:17:49,,,,,39.38607843137255,,,,
2024-11-09 06:18:51,,,,,39.41450980392157,,,,
2024-11-09 06:19:52,,,,,39.397223529411775,,,,
2024-11-09 06:20:53,,39.2368137254902,,,39.414964705882355,,,,
2024-11-09 06:21:55,,39.2368137254902,,,39.41545751633988,,,,
2024-11-09 06:22:56,,39.27377450980393,,,39.42242114237,,,,
2024-11-09 06:23:57,,,,,39.41657754010696,,,,
2024-11-09 06:25:59,,39.3045751633987,39.31073529411765,,,,,,
2024-11-09 06:27:01,,,,,,,,,
2024-11-09 06:28:02,,,39.358784313725494,,,,,,
2024-11-09 06:29:03,,39.349376114082006,,,39.4253137254902,,,,
2024-11-09 06:30:04,,39.349376114082006,,,,,,,
2024-11-09 06:32:06,,39.33593582887701,,,39.403137254901964,,,,
2024-11-09 06:35:10,,,,,39.38671023965142,,,,
2024-11-09 06:36:12,,,,,39.394440599769325,,,,
2024-11-09 06:37:13,,,,,39.3846568627451,,,,
2024-11-09 06:38:14,,39.32249554367202,39.42922722029989,,,,,,
2024-11-09 06:39:15,,,39.435991285403055,,,,,,
2024-11-09 06:40:17,,39.32249554367202,39.44204334365325,,39.35764705882354,,,,
2024-11-09 06:41:18,,,39.410529411764706,,,,,,
2024-11-09 06:42:19,,,39.40313725490196,,,,,,
2024-11-09 06:43:20,,,39.417921568627456,,,,,,
2024-11-09 06:44:22,,39.31073529411765,,,,,,,
2024-11-09 06:45:23,,39.339775910364146,39.39574509803923,,39.38671023965142,,,,
2024-11-09 06:46:24,,,39.417921568627456,,,,,,
2024-11-09 06:47:26,,39.339775910364146,39.41792156862746,,39.403137254901964,,,,
2024-11-09 06:48:27,,,39.417217553688154,,,,,,
2024-11-09 06:49:28,,,39.410177404295055,,,,,,
2024-11-09 06:50:30,,,39.40313725490197,,39.46649859943978,,,,
2024-11-09 06:51:31,,,39.40313725490197,,,,,,
2024-11-09 06:53:33,,,39.410177404295055,,,,,,
2024-11-09 06:54:34,,,39.403137254901964,,,,,,
2024-11-09 06:58:40,,,39.410529411764706,,,,,,
2024-11-09 07:08:52,,,39.41091847265222,,,,,,
2024-11-09 08:12:08,,,,,,39.26761437908498,,,
2024-11-09 08:13:09,,,,,,39.28941176470589,39.349376114082006,,
2024-11-09 08:14:10,,,,,,39.329215686274516,39.39081699346406,,
2024-11-09 08:15:12,,,,,,,39.42588235294118,,
2024-11-09 08:16:13,,,39.44256209150328,,,,,,
2024-11-09 08:17:14,,,39.42425770308124,,,39.39389705882353,39.47705882352942,,
2024-11-09 08:18:15,,,39.42588235294118,,,39.40313725490197,39.47705882352942,,
2024-11-09 08:22:20,,,39.40313725490197,,,,,,
2024-11-09 08:41:44,,,,,,,39.403137254901964,,
2024-11-09 08:49:54,,,,,,39.37028322440088,,,
2024-11-09 08:50:55,,,,,,39.37849673202615,,,
2024-11-09 08:53:59,,,,,,39.39492374727669,39.43085784313726,,
2024-11-09 09:03:10,,,,,,39.37979360165118,39.41237745098039,,
2024-11-09 09:04:11,,,,,,39.36423116615067,39.393897058823526,,
2024-11-09 09:05:12,,,,,,39.37979360165118,39.412377450980394,,
2024-11-09 09:06:14,,,,,,39.36617647058823,39.412377450980394,,
2024-11-09 09:07:15,,,,,,39.364231166150674,39.3846568627451,,
2024-11-09 09:08:16,,,,,,39.37849673202615,39.403137254901964,,
2024-11-09 09:09:17,,,,,,39.20601307189543,39.413697478991594,,
2024-11-09 09:10:18,,,,,,39.23790080738178,,,
2024-11-09 09:11:19,,,,,,,,,
2024-11-09 09:14:23,,,,,,38.88568627450981,,,
2024-11-09 09:16:26,,,,,,,,,
2024-11-09 09:17:27,,,,,,,39.550980392156866,,
2024-11-09 09:38:53,,,,,,38.89003460207613,,,
2024-11-09 09:59:18,,,38.41751633986929,,,,,,
2024-11-09 10:02:22,,38.811764705882354,,,,,,,
2024-11-09 10:04:24,,,,,,38.78008403361345,,,
2024-11-09 10:05:25,,,,,,,,,39.69882352941177
2024-11-09 10:07:28,,,38.598213507625275,,,,,,
2024-11-09 10:08:29,,39.25529411764706,,,,38.61016042780749,,,
2024-11-09 10:11:33,,39.40313725490197,,,,,,,
2024-11-09 10:12:34,,38.811764705882354,,,,,,,
2024-11-09 10:13:35,,35.85490196078432,,,,38.59,,,
2024-11-09 10:14:36,,,38.87512605042017,,,,,,
2024-11-09 10:23:48,,,,,,,,,
2024-11-09 10:32:58,,,,,,38.09718954248366,,,
2024-11-09 10:47:15,,,,,,,,,
2024-11-09 10:48:17,,,,,,,,,
2024-11-09 10:50:19,,,38.696775599128536,,,,,,
2024-11-09 10:52:22,,,38.7378431372549,,,,,,
2024-11-09 10:54:24,,,38.861045751633995,,,,,,
2024-11-09 11:25:01,,,38.80355119825709,,,,38.22039215686274,,
2024-11-09 11:26:03,39.69882352941177,,,,,,,,
2024-11-09 11:28:05,,,38.788421052631584,,,,,,
2024-11-09 11:29:06,,,38.78842105263158,,,,,,
2024-11-09 11:34:12,,,38.78219607843137,,,,,,
2024-11-09 11:38:17,,,38.769523809523804,,,,,,
2024-11-09 11:44:25,,,38.79064425770308,,,,,,
2024-11-09 11:45:26,,,38.79768440709617,,,,,,
2024-11-09 11:46:27,,,38.870901960784316,,,,,,
2024-11-09 12:01:46,,,38.900470588235294,,,,,,
2024-11-09 12:09:55,,,38.89624649859944,,,,,,
2024-11-09 12:11:58,,,39.01592903828199,,,,,,
2024-11-09 12:12:59,39.55098039215687,,,,,,,,
2024-11-09 12:16:03,38.811764705882354,,,,,,,,
2024-11-09 12:17:04,,,,,,,,,
2024-11-09 12:20:08,39.25529411764706,,,,,,,,
2024-11-09 12:21:09,39.25529411764706,,,,,,,,
2024-11-09 12:22:11,,,38.96738906088751,,,,,,
2024-11-09 12:23:12,,,38.94404540763674,,,,,,
2024-11-09 12:24:13,,,38.905139318885446,,,,,,
2024-11-09 12:33:25,,,38.89735810113519,,,,36.15058823529412,,
2024-11-09 12:50:47,,,,,,,,,36.88980392156863
2024-11-09 12:58:57,,,,,,38.51607843137255,,,
2024-11-09 13:10:12,,,,,,,,38.36823529411765,
2024-11-09 13:11:13,,33.19372549019608,,,,,,,
2024-11-09 13:12:14,,38.66392156862745,38.86623323013416,38.07254901960785,,,,,
2024-11-09 13:14:16,,,38.951826625387,,,,,,
2024-11-09 13:31:39,,39.84666666666666,,,,,,,
2024-11-09 13:33:41,,39.69882352941177,,,,,,,
2024-11-09 13:40:50,,40.29019607843138,,,,,,,
2024-11-09 14:02:16,,,38.811764705882354,,,,38.66392156862745,,
2024-11-09 14:04:19,,,38.82584500466854,,,,,,
2024-11-09 14:05:20,,,38.818804855275445,,,,,,
2024-11-09 14:07:22,,,38.86350980392157,,,,,,
2024-11-09 14:08:24,,,38.88957688338494,,,,,,
2024-11-09 14:13:30,,,38.869259259259266,,,,,,
2024-11-09 14:14:31,,,38.98424836601308,,38.51607843137255,,,,
2024-11-09 14:15:33,,,38.99246187363835,,,,,,
2024-11-09 14:16:34,,,38.99073271413829,,38.51607843137255,,,,
2024-11-09 14:17:35,,,38.93003921568628,,38.22039215686274,,,,
2024-11-09 14:18:37,,,38.86104575163399,,,,,,
2024-11-09 14:21:40,,,38.84872549019608,,,,,,
2024-11-09 14:27:48,,,38.88568627450981,,,,,,
2024-11-09 14:33:55,,,38.783604108309994,,,,,,
2024-11-09 14:34:56,,,38.72728291316527,,,,,,
2024-11-09 14:38:00,,,38.7512834224599,,,,38.51607843137255,,
2024-11-09 14:39:01,,37.98806722689075,,,,38.811764705882354,,,
2024-11-09 14:44:08,,38.05142857142857,,,,,,,
2024-11-09 14:55:21,,37.758382352941176,,,,,,,
2024-11-09 14:59:26,,37.72142156862745,,,,39.99450980392157,,,
2024-11-09 15:04:32,,,,,,37.48117647058824,,,
2024-11-09 15:13:43,,,,,,,,,
2024-11-09 15:44:21,,38.04298039215686,,,,,,,
2024-11-09 15:52:30,39.40313725490197,,38.56535947712418,,,,,,
2024-11-09 15:54:33,,37.998627450980386,38.72305882352942,,,,,,
2024-11-09 15:55:34,,,38.706162464986,,,,,,
2024-11-09 15:56:36,,38.013411764705886,,,,,,,
2024-11-09 15:58:38,,,38.70941176470589,,,,,,
2024-11-09 15:59:39,,,38.81176470588236,,,,,,
2024-11-09 16:01:42,,37.9838431372549,,,,,,,
2024-11-09 16:02:43,,,38.81176470588236,,,,,,
2024-11-09 16:33:22,,,,,,,,,37.77686274509804
2024-11-09 16:39:29,38.36823529411765,,,,,,,,
2024-11-09 16:41:32,38.07254901960785,38.17111111111112,,,,37.988067226890756,,,
2024-11-09 17:20:20,,,,,,,38.78712418300653,,
2024-11-09 17:21:21,,,,,,37.739901960784316,,,
2024-11-09 18:46:03,38.22039215686274,37.70294117647059,,,,37.56565826330533,,,
2024-11-09 19:33:00,,37.99041394335512,,,,37.75574229691877,,,
2024-11-09 19:36:04,,,38.75490196078432,,,,,,
2024-11-09 19:37:05,,,38.614640522875824,,,,,,
2024-11-09 20:15:51,,,,,,,38.854005602240896,,
2024-11-09 20:22:59,,,38.81176470588236,,,,,,
2024-11-09 20:24:01,,,,,,,38.87512605042017,,
2024-11-09 20:30:08,,,38.95960784313726,,,,38.811764705882354,,
2024-11-09 20:33:12,,,39.12593137254903,,,,,,
2024-11-09 20:34:13,,,39.12593137254903,,,,38.87512605042017,,
2024-11-09 20:35:14,,,39.36089635854343,,,38.12183006535948,,,
2024-11-09 20:38:18,,,,,,,38.896246498599446,,
2024-11-09 20:41:21,,38.245032679738564,,,,,,,
2024-11-09 20:43:24,,,,,,38.39780392156863,,,
2024-11-09 20:44:25,,,39.36089635854343,,,38.39780392156863,38.78712418300653,,
2024-11-09 20:46:27,,38.896246498599446,,,,,,,
2024-11-09 20:47:29,,,,,,,,,
2024-11-09 20:54:37,,39.107450980392166,,,,,,,
2024-11-09 21:15:01,,,,,38.59,,,,
2024-11-09 21:16:02,,,,,38.604784313725496,,,,
2024-11-09 21:17:03,,,,,38.604784313725496,,,,
2024-11-09 21:18:05,,,,,38.56043137254902,,,,
2024-11-09 21:19:06,,,,,38.57521568627451,,,,
2024-11-09 21:20:07,,,,,38.57521568627451,,,,
2024-11-09 21:21:08,,,,,38.589999999999996,,,,
2024-11-09 21:23:11,,,,,38.56043137254902,,,,
2024-11-09 21:25:13,,,,,,,,,
2024-11-09 21:29:18,,,,,38.545647058823526,,,,
2024-11-09 21:45:38,,38.900470588235294,,,,,,,
2024-11-09 21:47:40,,39.03352941176471,,38.959607843137256,,,,,
2024-11-09 21:48:41,,,,39.10745098039216,,,,,
2024-11-09 21:49:42,,,,,38.545647058823526,,,,
2024-11-09 22:00:55,,38.959607843137256,,,,,,,
2024-11-09 23:01:07,,,39.71730392156862,,,,,,
2024-11-09 23:10:18,,,,,,39.25529411764706,,,
2024-11-09 23:14:23,,,,,,,39.514019607843146,,
2024-11-09 23:15:24,,,39.73578431372549,,,,39.435991285403055,,
2024-11-09 23:17:26,,,,,,,39.4524183006536,,
2024-11-09 23:19:29,,,39.69882352941176,,,,,,
2024-11-09 23:22:32,,,,,,,39.46884531590415,,
2024-11-09 23:28:40,,,39.69882352941176,,,39.614341736694676,,,
2024-11-09 23:29:41,,,,,,,39.41956427015251,,
2024-11-09 23:30:43,,,,,,,39.41956427015251,,
2024-11-09 23:32:45,,,,,,39.643382352941174,39.4524183006536,,
2024-11-09 23:33:46,,39.83188235294118,39.715250544662304,,,39.643382352941174,39.506627450980396,,
2024-11-09 23:34:48,,,39.69882352941176,,,39.606421568627454,39.53754010695188,,
2024-11-09 23:36:50,,,39.69882352941176,,,,,,
2024-11-09 23:37:52,,,39.68239651416121,,,,,,
2024-11-09 23:38:53,,39.994509803921574,,,,,,,
2024-11-09 23:39:54,,40.012990196078434,,,,,,,
2024-11-09 23:42:57,,,,,,39.624901960784314,,,
2024-11-09 23:45:00,,,,,,,39.72346405228759,,
2024-11-09 23:48:04,,40.02736383442265,39.73578431372549,,,,,,
2024-11-09 23:54:11,,39.978082788671024,,,,,,,
2024-11-09 23:56:13,,39.978082788671024,,,,,,,
2024-11-09 23:57:15,,39.92880174291938,,,,39.606421568627454,,,
2024-11-09 23:58:16,,39.99450980392157,,,,,,,
2024-11-10 00:00:18,,,,,,39.63546218487396,,,
2024-11-10 00:04:23,,,,,,,,,
2024-11-10 00:08:28,,,,,,,39.79738562091504,,
2024-11-10 00:10:31,,,,,,,39.84666666666667,,
2024-11-10 00:11:32,,,,,,,40.14235294117647,,
2024-11-10 00:13:34,,,,,,,40.29019607843138,,
2024-11-10 00:24:47,,,,39.69882352941177,,,,39.69882352941177,
2024-11-10 00:34:59,,,,,,,,40.14235294117647,
2024-11-10 00:39:04,,40.093071895424835,,,,39.40313725490197,,,
2024-11-10 00:48:15,,,39.44933823529412,,,,,,
2024-11-10 01:03:33,,,39.45531718569781,,,,,,
2024-11-10 01:04:34,,,39.4727104959631,,,,,,
2024-11-10 01:05:35,,,39.4852723311547,,,,,,
2024-11-10 01:12:44,40.438039215686274,,39.50429308565533,,,,,,
2024-11-10 01:13:46,40.585882352941184,,39.53619607843139,,,,,,
2024-11-10 01:14:47,40.585882352941184,,39.54358823529412,,,,,,
2024-11-10 01:15:48,,,39.57210084033615,,,,,,
2024-11-10 01:16:49,,,39.57786096256685,,,,,,
2024-11-10 01:19:53,,,39.58954816709293,,,,,,
2024-11-10 01:20:54,,,39.61874183006537,,,,,,
2024-11-10 01:22:56,,,39.627858823529415,,,,,,
2024-11-10 01:23:58,,,39.63627450980392,,,,,,
2024-11-10 01:24:59,,,39.64406681190995,,39.6396862745098,,,,
2024-11-10 01:26:00,,,39.67242296918768,,39.73914438502674,,,,
2024-11-10 01:27:02,,,39.67242296918768,,,,,,
2024-11-10 01:28:03,,,39.67692084241104,,,,,,
2024-11-10 01:29:04,,,39.681764705882365,,,,,,
2024-11-10 02:45:36,,,39.71019607843137,,,,,,
2024-11-10 03:12:09,,,39.72725490196079,,,,,,
2024-11-10 03:13:09,,,39.7443137254902,,39.541740196078436,,,,
2024-11-10 03:14:11,,,,,39.5325,,,,
2024-11-10 03:15:12,,,39.78980392156863,,39.50477941176471,,,,
2024-11-10 03:16:13,,,39.823921568627455,,39.5325,,,,
2024-11-10 03:17:15,,,39.83483921568627,,39.62925028835064,,,,
2024-11-10 03:18:16,,,39.84050653594772,,39.60026143790849,,40.585882352941184,,
2024-11-10 03:19:17,,,39.872378516624046,,39.675479876160985,,40.73372549019608,,
2024-11-10 03:20:18,,,39.886987522281636,,39.70621568627452,,,,
2024-11-10 03:21:19,,,39.90298786181139,,39.621381886087775,,40.88156862745098,,
2024-11-10 03:22:20,,,39.905803921568626,,39.70586367880486,,,,
2024-11-10 03:23:21,,,,,39.8255462184874,,,,
2024-11-10 03:25:24,,,,,39.84666666666667,,,,
2024-11-10 03:26:25,,,,,,,,,
2024-11-10 03:27:26,,,40.00375,,,,,,
2024-11-10 03:28:27,,,40.024078431372544,,39.98268235294118,,,,
2024-11-10 03:29:29,,,40.015630252100834,,39.97176470588235,,,,
2024-11-10 03:30:30,,,40.017254901960776,,,,,,
2024-11-10 03:31:31,,,40.017254901960776,,,,,,
2024-11-10 03:32:32,,,40.01915032679738,,,,,,
2024-11-10 03:37:39,,,,,39.970854901960784,,,,
2024-11-10 03:38:40,,,,,40.059560784313724,,,,
2024-11-10 03:39:41,,,,,40.08912941176471,,,,
2024-11-10 03:40:42,,,,,40.16600784313726,,,,
2024-11-10 03:41:44,,,,,40.26654117647059,,,,
2024-11-10 03:42:45,,,,,40.26654117647059,,,,
2024-11-10 03:43:46,,,,,40.25323529411765,,,,
2024-11-10 03:44:47,,,,,40.264484228474,,,,
2024-11-10 03:45:48,,,,,40.22971479500892,,41.17725490196079,,
2024-11-10 03:46:50,,,,,40.381718020541555,,,,
2024-11-10 03:47:51,,,,,40.37467787114846,,,,
2024-11-10 03:48:52,,,,,40.45282352941177,,,,
2024-11-10 03:49:53,,,,,40.476945304437564,,,,
2024-11-10 03:51:56,,,,,,,41.32509803921569,,
2024-11-10 03:52:57,,,,,40.46916408668731,,,,
2024-11-10 03:53:58,,,,,40.438039215686274,,,,
2024-11-10 03:54:59,,,,,40.46267973856209,,,,
2024-11-10 03:56:01,,,,,40.525005767012686,,,,
2024-11-10 03:57:02,,,,,40.576642156862746,,,,
2024-11-10 03:58:03,,,,,40.605594771241826,,,,
2024-11-10 03:59:04,,,,,40.63868347338936,,,,
2024-11-10 04:00:06,,,39.90580392156862,,,,,,
2024-11-10 04:01:07,,,39.819786096256685,,,,,,
2024-11-10 04:02:08,,,39.772745098039216,,,,,,
2024-11-10 04:04:11,,,39.772745098039216,,,,,,
2024-11-10 04:05:12,,,39.748104575163396,,,,,,
2024-11-10 09:42:54,,,39.76042483660131,,,,,,
2024-11-10 09:43:56,,,39.772745098039216,,,,,,
2024-11-10 09:48:01,,40.14235294117647,39.772745098039216,,,,,,
2024-11-10 09:50:03,,,,,,,40.585882352941184,,
2024-11-10 09:52:05,,,39.748104575163396,,,,,,
2024-11-10 09:53:07,,40.438039215686274,,,,,,,
2024-11-10 10:02:18,,,,,,40.29019607843138,40.29019607843138,,
2024-11-10 10:22:43,,38.36823529411765,,,,,,,
2024-11-10 10:23:44,37.629019607843134,,,,,,,,
2024-11-10 10:28:51,,39.10745098039216,,,,,,,
2024-11-10 10:32:56,,,39.78330532212885,,,,,,
2024-11-10 10:34:58,,,39.76705882352941,,,,,,
2024-11-10 10:35:59,,,39.66470588235295,,,,39.10745098039216,,
2024-11-10 10:43:08,,,,39.329215686274516,,,,,
2024-11-10 10:44:09,,,,,,,,,
2024-11-10 10:45:11,,,,39.29225490196079,,,,,
2024-11-10 10:47:13,,,,39.36617647058824,,,,,
2024-11-10 10:49:16,,,,39.329215686274516,,,,,
2024-11-10 10:50:17,,,,39.31073529411765,,,,,
2024-11-10 10:51:18,,,,39.329215686274516,,,,,
2024-11-10 10:52:19,,,,39.36617647058824,,,,,
2024-11-10 10:59:28,,,39.0889705882353,,,,,,
2024-11-10 11:03:33,,,,,,38.66392156862745,39.19193277310925,,
2024-11-10 11:05:36,,,,,,39.10745098039216,39.10745098039216,,
2024-11-10 11:06:37,,39.10745098039216,39.1496918767507,,,,,,
2024-11-10 11:09:41,,,,39.304575163398695,,,,,
2024-11-10 11:11:43,,39.22572549019608,,,,,,,
2024-11-10 11:16:50,,39.22572549019608,39.279934640522875,,,,,,
2024-11-10 11:18:52,,,39.25529411764706,,,,,,
2024-11-10 11:19:53,,39.22572549019608,39.25529411764706,,,,,,
2024-11-10 11:20:54,39.84666666666666,,,,,,,,
2024-11-10 11:21:56,39.25529411764706,,,,,,,,
2024-11-10 11:37:15,,,,,,,,38.36823529411765,
2024-11-10 11:40:19,,,,,,,38.4421568627451,,
2024-11-10 11:41:20,,,,,39.25529411764706,,38.27415329768271,,
2024-11-10 12:16:03,,,,,,37.94113289760349,38.166631016042786,,
2024-11-10 12:17:05,,38.89389978213508,,,,37.836,,,
2024-11-10 12:25:15,,,,,,,38.19575163398692,,
2024-11-10 12:48:44,,,,,39.40313725490197,,,,
2024-11-10 12:49:45,,,,,38.959607843137256,,,,
2024-11-10 13:16:18,,,,39.25529411764706,,,,,
2024-11-10 13:17:19,,38.663921568627444,,,,37.387094474153294,,,
2024-11-10 13:18:20,,,38.34975490196078,,,,37.58677871148459,,
2024-11-10 13:21:24,,,,,,37.44705882352941,,,
2024-11-10 13:24:28,,,,,,,37.609307189542484,,
2024-11-10 13:25:29,,,37.92470588235294,,,37.21717086834734,37.44421568627451,,
2024-11-10 13:27:31,38.811764705882354,38.38935574229692,,,,37.05735947712419,,,
2024-11-10 13:28:32,38.66392156862745,38.368235294117646,,,,37.07460784313726,,,
2024-11-10 13:29:33,,,,,,36.924590542099196,37.351813725490196,,
2024-11-10 13:30:35,38.66392156862745,,,,,,37.38261437908497,,
2024-11-10 13:33:39,,38.08598930481283,,,,,,,
2024-11-10 13:34:40,,38.19575163398692,37.75222222222222,,,36.68749226006192,37.03764705882353,,
2024-11-10 13:35:41,,38.30663398692811,,,,36.47739938080495,,,
2024-11-10 13:37:44,,,,,,,36.66131907308378,,
2024-11-10 13:39:47,,,38.09718954248366,,,,,,
2024-11-10 13:40:48,,,38.146470588235296,,,36.53498039215687,36.7822816399287,,
2024-11-10 13:49:59,,,37.801503267973864,,,36.48851540616247,36.68819964349376,,
2024-11-10 13:51:00,,,,,,36.3829131652661,36.674759358288775,,
2024-11-10 13:52:01,,,,,,36.35891265597148,36.56454901960784,,
2024-11-10 13:57:08,,,37.80643137254902,,,,,,
2024-11-10 14:04:16,,,,,,36.40127877237852,36.69267973856209,,
2024-11-10 14:06:19,,,,,,36.38199488491049,,,
2024-11-10 14:08:21,,38.606427015250546,,,,36.24057971014493,,,
2024-11-10 14:09:22,,38.704989106753814,,,,36.23415174765559,,,
2024-11-10 14:11:25,39.33414379084967,38.67948400412797,,,,36.13042780748663,,,
2024-11-10 14:12:26,39.06802614379085,38.678705882352936,,,,36.13042780748663,,,
2024-11-10 14:13:27,39.052009803921564,38.59739215686274,,,,36.123707664884144,,,
2024-11-10 14:14:28,39.07973039215686,38.61217647058824,,,,36.11698752228164,,,
2024-11-10 14:15:30,39.090057670126875,,,,,,,,
2024-11-10 14:16:31,,38.68504201680672,,,,36.14416027280477,,,
2024-11-10 14:17:32,38.98424836601308,38.663921568627444,,,,,,,
2024-11-10 14:18:33,39.033529411764704,,,,,36.23066993464053,,,
2024-11-10 14:19:35,39.00067538126362,38.68963341858482,,,,36.316911764705885,,,
2024-11-10 14:20:36,39.00888888888889,38.696061381074166,,,,36.396993464052294,,,
2024-11-10 14:21:37,39.02531590413943,38.708917306052854,,,,36.477075163398695,,,
2024-11-10 14:22:38,38.99246187363835,38.67677749360614,,,,36.475843137254905,,,
2024-11-10 14:23:40,38.98424836601307,38.67677749360614,,,,36.576376470588244,,,
2024-11-10 14:24:41,39.02531590413943,38.78488413547237,,,,36.70647843137255,,,
2024-11-10 14:25:42,39.033529411764704,38.811764705882354,,,,36.76561568627451,,,
2024-11-10 14:26:44,,38.900470588235294,,,,,,,
2024-11-10 14:27:45,,38.951826625387,,,,,,,
2024-11-10 14:31:50,39.038457516339875,39.01710239651416,,,,,,,
2024-11-10 14:32:51,,38.97700115340255,,,,36.97259607843137,,,
2024-11-10 14:33:52,39.00509803921569,38.931887254901966,,,,37.019905882352944,,,
2024-11-10 14:34:54,39.058169934640524,38.968848039215686,,,,37.014901960784314,,,
2024-11-10 14:35:55,,38.969464052287584,,,,37.05538823529412,,,
2024-11-10 14:36:56,,38.917366946778714,,,,37.06039215686275,,,
2024-11-10 14:41:01,,,,,,37.05470588235294,,,
2024-11-10 14:42:02,,,,,,37.083137254901956,,,
2024-11-10 14:43:03,,,,,,37.12294117647059,,,
2024-11-10 14:44:04,,,,,,37.23666666666667,,,
2024-11-10 14:45:06,,,,,,37.27078431372549,,,
2024-11-10 14:46:07,,,,,,37.30967843137255,,,
2024-11-10 14:47:08,,,,,,37.3641339869281,,,
2024-11-10 14:48:09,,,,,,37.44260869565217,,,
2024-11-10 14:49:11,,,,,,37.44260869565217,,,
2024-11-10 14:50:12,,,,,,37.494032395566926,,,
2024-11-10 14:51:13,,,,,,37.494032395566926,,,
2024-11-10 14:52:14,,,,,,37.514777183600714,,,
2024-11-10 14:55:18,,,,,,37.558618113912225,,,
2024-11-10 14:58:22,,,38.51607843137255,,,,,,
2024-11-10 15:06:32,,,,,,37.59011351909186,,,
2024-11-10 15:07:33,,,,,,37.63723311546842,,,
2024-11-10 15:08:34,,,,,,37.670087145969504,,,
2024-11-10 15:09:35,,,,,,37.678300653594775,,,
2024-11-10 15:11:38,,,,,,37.63771626297578,,,
2024-11-10 15:20:49,,,,,,37.65510957324107,,,
2024-11-10 15:24:54,,,,,37.333333333333336,,,,
2024-11-10 15:42:15,,,,,,,36.963725490196076,,
2024-11-10 15:55:30,,,,,,,37.02420677361854,,
2024-11-10 15:56:31,,,,,,,37.185490196078426,,
2024-11-10 15:57:33,,,,,,,37.148529411764706,,
2024-11-10 16:04:41,,,,,,,37.07176470588235,,
2024-11-10 16:07:45,,,,,,,37.10588235294117,,
2024-11-10 16:45:31,,,,,,,37.287843137254896,,
2024-11-10 17:18:10,,,38.811764705882354,,,,,,
2024-11-10 17:19:11,,39.15673202614379,,,,,,,
2024-11-10 17:23:16,,,,,,,,,
2024-11-10 17:26:20,,,,,,37.73654188948307,36.92922875816994,,
2024-11-10 17:29:24,,39.149691876750694,38.959607843137256,,,37.82121568627451,,,
2024-11-10 17:30:25,,39.149691876750694,38.87512605042017,,,,36.919372549019606,,
2024-11-10 17:31:26,,,,,,37.99862745098039,36.94894117647059,,
2024-11-10 17:34:30,,,39.10745098039216,,,,,,
2024-11-10 17:35:31,,,39.041742919389975,,39.25529411764706,,36.99144607843137,,
2024-11-10 17:37:33,,,,,,,37.175633986928105,,
2024-11-10 17:39:36,,,,,,37.90358543417367,37.31221288515406,,
2024-11-10 17:40:37,,38.98648841354724,39.05816993464053,,,37.924705882352946,,38.36823529411765,
2024-11-10 17:43:41,,38.81176470588236,38.99246187363835,,,37.924705882352946,37.67830065359477,,
2024-11-10 17:45:44,,,,39.10745098039216,,,,,
2024-11-10 17:46:45,,38.82408496732027,,,,,,,
2024-11-10 17:48:47,,,,,,38.093669467787116,,,
2024-11-10 17:49:48,,,,,,,38.18753812636166,,
2024-11-10 17:51:51,,,,,,,,,
2024-11-10 18:27:34,37.48117647058824,,,,,,,,
2024-11-10 18:29:37,,38.717682709447416,,,,,,,
2024-11-10 18:59:12,39.55098039215687,,39.107450980392166,,,,,,
2024-11-10 19:00:13,,,,,,,,,
2024-11-10 19:04:18,,,39.03352941176471,,,,37.875424836601304,,
2024-11-10 19:08:23,,38.66392156862745,,,,,,,
2024-11-10 19:10:25,,38.87090196078431,,,,,,,
2024-11-10 19:11:26,,38.93003921568628,,,,,,,
2024-11-10 19:19:36,,39.08057040998218,,,,,,,
2024-11-10 19:20:38,,39.05368983957219,,,,,,,
2024-11-10 19:24:43,,,,38.98424836601308,,,,,
2024-11-10 19:25:44,,,,,,,,,
2024-11-10 19:29:49,,,,39.37356862745098,,,,,
2024-11-10 19:30:50,,,,39.37356862745098,,,,,
2024-11-10 19:31:51,,,,39.403137254901964,,,,,
2024-11-10 19:32:52,,,,39.403137254901964,,,,,
2024-11-10 19:46:07,,39.02860130718955,,,,,,,
2024-11-10 19:50:13,,,,,,36.59411764705882,,,
2024-11-10 21:50:38,,,,,,36.44627450980393,,,
2024-11-10 21:53:42,,,,,,37.18549019607843,,,
2024-11-10 22:05:56,,,40.29019607843138,,,,,,
2024-11-10 22:07:59,,,,,,,,,
2024-11-10 22:17:10,39.99450980392157,,,,,,,,
2024-11-10 22:18:11,,39.17213235294118,,,,,,,
2024-11-10 22:23:18,39.10745098039216,39.39389705882353,,,,,,,
2024-11-10 22:33:30,,,36.88980392156863,,,,34.2286274509804,,
2024-11-10 22:44:44,,39.55967704728952,,,,,,,
2024-11-10 22:50:51,,39.56837370242215,,,,,,,
2024-11-10 22:52:54,,39.577070357554796,,,,,,,
2024-11-10 22:53:55,,39.58576701268743,,,,,,,
2024-11-10 22:54:56,,39.59446366782008,,,,,,,
2024-11-10 22:55:57,,39.577070357554796,,,,,,,
2024-11-10 22:56:58,,39.63414215686275,,,,,,,
2024-11-10 22:58:00,,39.63414215686275,,,,,,,
2024-11-10 22:59:01,,39.65262254901961,,,,,,,
2024-11-10 23:06:09,,,,,,39.17465240641712,,,
2024-11-10 23:14:19,,,,,,39.24185383244207,,,
2024-11-10 23:15:20,,39.48198692810459,,,,39.24185383244207,,,
2024-11-10 23:16:22,,39.50169934640524,,,,,,,
2024-11-10 23:17:23,,39.498179271708686,,,,39.21497326203209,,,
2024-11-10 23:19:26,,39.57372549019608,,,,39.22841354723708,,,
2024-11-10 23:20:27,,39.56235294117648,,,,39.21497326203209,,,
2024-11-10 23:21:28,,,,,,39.24185383244207,,,
2024-11-10 23:22:29,,,,,,39.22841354723708,,,
2024-11-10 23:26:34,,,,,,39.18809269162211,,,
2024-11-10 23:27:35,,,,,,39.17465240641712,,,
2024-11-10 23:28:36,,,,,,39.201532976827096,,,
2024-11-10 23:40:51,,,,,38.04298039215687,,,,
2024-11-10 23:41:52,,,39.25529411764706,,,,,,
2024-11-10 23:42:53,,,39.13701960784315,,38.033124183006535,,,,
2024-11-10 23:43:54,,,39.18137254901961,,38.02326797385622,,,,
2024-11-10 23:44:56,,,39.22920415224914,,37.954274509803916,,,,
2024-11-10 23:45:57,,,39.23065359477125,,37.97398692810459,,,,
2024-11-10 23:46:58,,,39.24751289989681,,37.9444183006536,,,,
2024-11-10 23:48:00,,,39.27007843137256,,37.96413071895425,,,,
2024-11-10 23:49:01,,,39.290494864612526,,37.93456209150327,,,,
2024-11-10 23:50:02,,,39.29561497326204,,37.993699346405236,,,,
2024-11-10 23:51:03,,,39.3195737425405,,37.9444183006536,,,,
2024-11-10 23:52:05,,,39.31689542483661,,37.9838431372549,,,,
2024-11-10 23:53:06,,,,,37.993699346405236,,,,
2024-11-10 23:54:07,,,,,37.993699346405236,,,,
2024-11-10 23:55:08,,,39.304575163398695,,37.91484967320262,,,,
2024-11-10 23:56:09,,,39.33449579831933,,37.924705882352946,,,,
2024-11-10 23:58:12,,,,,,,38.959607843137256,,
2024-11-11 00:02:17,,,,,,,,,
2024-11-11 00:09:26,,,39.42503994190269,,,,,,
2024-11-11 00:10:27,,,39.44694262890342,,,,,,
2024-11-11 00:11:29,,,39.46884531590414,,,,,,
2024-11-11 00:12:30,,,39.46884531590414,,,,,,
2024-11-11 00:13:31,,,39.46884531590414,,,,,,
2024-11-11 00:14:32,,,39.479796659404506,,,,,,
2024-11-11 00:19:38,,,39.48527233115468,,,,,,
2024-11-11 00:20:39,,,39.518126361655774,,,,,,
2024-11-11 00:21:40,,,39.501699346405225,,,,,,
2024-11-11 00:23:43,,,39.49980392156863,,,,,,39.99450980392157
2024-11-11 00:25:45,,,39.52360203340596,,,,,,
2024-11-11 00:26:46,,,39.5298599439776,,,,,,
2024-11-11 00:28:49,,,39.49622367465505,,,,,,
2024-11-11 00:29:50,,,,,,,40.585882352941184,,
2024-11-11 00:32:54,,,39.55689411764706,,,,,,
2024-11-11 00:36:59,,,39.60420392156863,,,,,,
2024-11-11 00:57:23,,,39.616031372549024,,,,,,
2024-11-11 00:58:24,,,39.639686274509806,,,,,,
2024-11-11 00:59:25,,,39.63722222222223,,,,,,
2024-11-11 01:09:38,,,39.62168797953964,,,,,,
2024-11-11 01:11:40,,39.84666666666666,39.640971867007686,,,39.40313725490197,39.55098039215687,,
2024-11-11 01:15:45,,,39.68596760443309,,,,39.55098039215687,,
2024-11-11 01:18:48,,,,,,,,,
2024-11-11 01:19:50,,38.959607843137256,39.75930481283422,,,39.99450980392157,,,
2024-11-11 01:20:51,,38.66392156862745,,,,39.99450980392157,,,
2024-11-11 01:21:52,,,39.72839215686275,,,,,,
2024-11-11 01:30:02,,,39.776635706914355,,,40.29019607843138,40.29019607843138,,
2024-11-11 01:31:03,,,,,40.45915966386555,,,,
2024-11-11 01:32:05,,,,,40.319764705882356,,,,
2024-11-11 01:34:07,,,,39.55098039215687,,,,,
2024-11-11 03:56:58,,,39.871307189542485,,40.35107266435986,,,,
2024-11-11 03:58:00,,,39.84666666666667,,40.2819825708061,,,,
2024-11-11 03:59:01,,,39.8559068627451,,40.259071207430345,,,,
2024-11-11 04:00:02,,,,,40.22366666666667,,,,
2024-11-11 04:01:03,,,,,40.240915032679744,,,,
2024-11-11 04:02:04,,40.438039215686274,39.94901960784314,,40.2498752228164,,,,
2024-11-11 04:03:06,,,39.957549019607846,,40.270912190963344,,,,
2024-11-11 04:04:07,,,39.994509803921574,,40.259395424836605,,,,
2024-11-11 04:05:08,,,,,40.26654117647059,,,,
2024-11-11 04:06:10,,,,,40.25607843137255,,,,
2024-11-11 04:07:11,,,,,40.29019607843137,,,,
2024-11-11 04:09:13,,,,,,,,,
2024-11-11 04:10:15,,,40.142352941176476,,,,,,
2024-11-11 04:11:16,,,,,,,,,
2024-11-11 04:12:17,,,40.0766448801743,,40.25960784313725,,,,
2024-11-11 04:13:18,,,,,40.27541176470588,,,,
2024-11-11 04:14:19,,,,,40.29019607843137,,,,
2024-11-11 04:15:21,,,,,40.29019607843137,,,,
2024-11-11 04:16:22,,,,,40.27048366013072,,,,
2024-11-11 04:17:23,,,,,40.22392156862746,,,,
2024-11-11 04:18:25,,,,,40.18987394957984,,,,
2024-11-11 04:19:26,,,,,40.15330428467683,,,,
2024-11-11 04:20:27,,,,,40.14782861292665,,,,
2024-11-11 04:21:28,,,,,40.09307189542484,,,,
2024-11-11 04:23:30,,,,,40.07116920842412,,,,
2024-11-11 04:24:32,,,39.95418894830659,,40.02736383442265,,,,
2024-11-11 04:25:33,,,39.95754901960783,,40.03831517792303,,,,
2024-11-11 04:26:34,,,,,40.08759622367466,,,,
2024-11-11 04:27:35,,,,,40.153304284676835,,,,
2024-11-11 04:28:36,,,,,40.20806100217865,,,,
2024-11-11 04:29:38,,,,,40.21901234567901,,,,
2024-11-11 04:30:39,,,39.98394957983192,,40.24639070442992,,,,
2024-11-11 04:31:40,,,,,40.268293391430646,,,,
2024-11-11 04:32:41,,,40.049950980392154,,40.312098765432104,,,,
2024-11-11 04:33:42,,,40.03799307958477,,,,,,
2024-11-11 04:34:43,,,40.05200435729847,,,,,,
2024-11-11 04:35:45,,,40.05200435729847,,,,,,
2024-11-11 04:36:46,,,,,40.28450980392157,,,,
2024-11-11 04:37:47,,,40.068431372549014,,40.30725490196078,,,,
2024-11-11 04:38:48,,,,,40.335686274509804,,,,
2024-11-11 04:40:51,,,40.07899159663865,,40.34341960784313,,,,
2024-11-11 04:41:52,,,40.10011204481793,,40.35179738562092,,,,
2024-11-11 04:42:53,,,40.1141923436041,,40.367331628303496,,,,
2024-11-11 04:43:55,,,40.128912655971476,,40.37375959079284,,,,
2024-11-11 04:44:56,,,,,40.37755793226381,,,,
2024-11-11 04:45:57,,,40.136192810457516,,40.36763772175537,,,,
2024-11-11 04:46:58,,,40.16699346405229,,40.36411764705882,,41.17725490196079,,
2024-11-11 04:47:59,,,40.20395424836601,,,,41.47294117647059,,
2024-11-11 04:49:01,,,40.23105882352941,,40.34769063180828,,41.47294117647059,,
2024-11-11 04:50:02,,,40.29610980392157,,40.39455594002307,,,,
2024-11-11 04:51:03,,,40.32567843137255,,40.38585928489042,,,,
2024-11-11 04:52:05,,,,,40.39455594002307,,,,
2024-11-11 04:53:06,,,40.396643137254905,,,,,,
2024-11-11 04:54:07,,,40.420980392156864,,40.39183823529412,,,,
2024-11-11 04:55:08,,,,,,,,,
2024-11-11 04:56:09,,,40.46541757443719,,,,,,
2024-11-11 04:57:10,,,40.459941902687014,,,,,,
2024-11-11 04:58:12,,,40.454466230936816,,,,,,
2024-11-11 04:59:13,,,40.4325635439361,,40.51868092691623,,41.47294117647059,,
2024-11-11 05:00:14,,,40.45994190268699,,,,,,
2024-11-11 05:01:15,,,40.43275910364145,,,,41.17725490196079,,
2024-11-11 05:02:16,,,40.40107843137255,,,,,,
2024-11-11 05:03:18,,,40.40107843137255,,,,,,
2024-11-11 05:06:21,,,40.42219887955183,,,,,,
2024-11-11 05:07:22,,40.88156862745098,40.42747899159665,,,,,,
2024-11-11 05:09:24,39.99450980392157,,40.44899055918664,,,,,,
2024-11-11 05:10:26,39.99450980392157,,40.42161220043573,,,,,,
2024-11-11 05:11:27,,,40.44859943977592,,,,,,
2024-11-11 05:12:28,,,40.44859943977592,,,,,,
2024-11-11 05:13:29,,,40.47500000000001,,,,,,
2024-11-11 05:14:30,39.84666666666666,,40.47882352941178,,,,,,
2024-11-11 05:15:31,38.66392156862745,,40.52980392156864,,,,,,
2024-11-11 05:16:32,,,40.55529411764707,,,,,,
2024-11-11 05:18:35,,,40.596078431372554,,,,,,
2024-11-11 05:19:36,39.25529411764706,,40.59098039215687,,,,,,
2024-11-11 05:20:38,,,,,,,,,
2024-11-11 05:21:39,,,,,,,,,
2024-11-11 05:23:41,,,40.667450980392154,,,,,,
2024-11-11 05:24:42,,,40.662352941176465,,,,,,
2024-11-11 05:25:44,,,40.66235294117647,,,,,,
2024-11-11 05:42:04,,41.76862745098039,,,,,,,
2024-11-11 05:52:15,,,,,,,,,
2024-11-11 05:54:18,,,40.69294117647058,,,,,,
2024-11-11 05:55:19,,,40.71843137254902,,,,,,
2024-11-11 05:56:20,,,40.71843137254902,,,,,,
2024-11-11 05:57:21,,,40.738823529411775,,,,,,
2024-11-11 06:03:28,,,40.754117647058834,,,,,,
2024-11-11 06:04:29,,,40.800000000000004,,,,,,
2024-11-11 06:09:35,,,40.835686274509804,,,,41.17725490196079,,
2024-11-11 06:12:39,,,40.891764705882345,,,,,,
2024-11-11 06:17:45,,,40.92235294117646,,,,,,
2024-11-11 06:18:47,,,40.968235294117655,,,,,,
2024-11-11 06:19:48,,,41.014117647058825,,,,,,
2024-11-11 06:20:49,,,41.03960784313727,,,,,,
2024-11-11 06:21:50,,,41.0650980392157,,,,,,
2024-11-11 06:22:51,,,41.01411764705883,,,,,,
2024-11-11 06:23:53,,,40.97027450980393,,,,,,
2024-11-11 06:24:54,,,40.97027450980392,,,,,,
2024-11-11 06:25:55,,,40.91606535947712,,,,,,
2024-11-11 06:26:56,,,40.87664052287582,,,,,,
2024-11-11 06:27:57,,,40.8764705882353,,,,,,
2024-11-11 06:28:59,,,40.82039215686275,,,,,,
2024-11-11 06:33:04,,,40.823487394957986,,,,,,
2024-11-11 06:34:05,,,40.770686274509806,,,,,,
2024-11-11 06:35:06,,,40.755628177196805,,,,,,
2024-11-11 06:36:07,,,40.67896877269426,,,,,,
2024-11-11 06:38:10,,,40.62968772694263,,,,,,
2024-11-11 06:49:23,,,40.55850399419028,,,,,,
2024-11-11 06:50:24,,,40.48184458968773,,,,,,
2024-11-11 06:51:26,,,40.45509803921569,,,,,,
2024-11-11 07:22:03,,,40.50309019607843,,,,,,
2024-11-11 07:23:05,,,40.432125490196086,,38.693490196078436,,,,
2024-11-11 07:24:06,,,40.372988235294116,,38.81176470588236,,,,
2024-11-11 07:25:07,,,40.307937254901965,37.72758169934641,,,,,
2024-11-11 07:26:08,,,40.22514509803922,,,,,,
2024-11-11 07:27:10,,,,37.72758169934641,,,,,
2024-11-11 07:28:11,,,40.095043137254905,,,,,,
2024-11-11 07:29:12,,,,,,,,,
2024-11-11 07:30:13,,,39.93537254901961,37.72758169934641,,,,,
2024-11-11 07:31:14,,,,37.77686274509805,,,,,
2024-11-11 07:32:15,,,39.787529411764716,37.77686274509805,,,,,
2024-11-11 07:33:16,,,39.69882352941177,37.727581699346416,,,,,
2024-11-11 07:35:19,,,39.63377254901961,,38.65048128342245,,,,
2024-11-11 07:36:20,,,39.562807843137264,,,,,,
2024-11-11 07:38:22,,,,,38.67736185383244,,,,
2024-11-11 07:39:24,,,,,38.61016042780748,,39.80634581105169,,
2024-11-11 07:41:26,,,39.38539607843138,,38.61016042780748,,39.73578431372549,,
2024-11-11 07:42:27,40.67458823529412,,39.361741176470595,,38.61956862745098,,39.69882352941177,,
2024-11-11 07:43:28,,39.40313725490197,39.3558274509804,,38.71320261437908,39.55098039215687,39.68826330532213,,
2024-11-11 07:44:30,40.69148459383754,39.40313725490197,39.36174117647059,,38.696775599128536,,,,
2024-11-11 07:45:31,,39.40313725490197,39.36174117647059,,38.76248366013072,,,,
2024-11-11 07:46:32,,,,,38.72962962962963,,,,
2024-11-11 07:47:33,,39.40313725490197,39.35764705882353,,38.72962962962963,,,,
2024-11-11 07:48:34,,,39.364807552650696,,,,,,
2024-11-11 07:49:36,,,39.35933188090051,,,,39.499235294117646,,
2024-11-11 07:50:37,,,39.3556162464986,,,,39.487619047619056,,
2024-11-11 07:51:39,,,39.371456582633066,,,,39.483778966131915,,
2024-11-11 07:52:40,,,39.37673669467788,,,,39.467416879795394,,
2024-11-11 07:53:41,,39.25529411764706,39.382016806722696,,,,39.45857843137255,,
2024-11-11 07:54:42,40.7068449197861,,39.37673669467789,,,,39.42087843137255,,
2024-11-11 07:55:43,40.7068449197861,,39.38274509803923,,,,39.403137254901964,,
2024-11-11 07:56:44,,,,,,,39.40313725490195,,
2024-11-11 07:57:46,,,39.39328104575164,,,,39.369019607843136,,
2024-11-11 07:58:47,40.71894117647059,,39.38835294117648,,,,39.334901960784315,,
2024-11-11 07:59:48,40.7041568627451,,39.383424836601314,,,,39.312156862745105,,
2024-11-11 08:00:49,40.70087145969499,,39.38835294117648,,,,39.29909949164851,,
2024-11-11 08:01:51,40.70087145969499,,39.38835294117648,,,,39.281694677871144,,
2024-11-11 08:02:52,40.684444444444445,,39.37254901960784,,,,39.25529411764706,,
2024-11-11 08:03:53,40.70087145969499,,39.36235294117647,,,,39.245437908496726,,
2024-11-11 08:04:54,,,39.36745098039216,,,,39.20108496732026,,
2024-11-11 08:05:55,,,39.37254901960784,,,,39.171516339869285,,
2024-11-11 08:06:56,,,39.37254901960785,,,,39.148235294117654,,
2024-11-11 08:07:58,,,39.377647058823534,,,,39.12857142857143,,
2024-11-11 08:08:59,,,39.38274509803922,,,,39.12857142857143,,
2024-11-11 08:10:00,,,39.38729691876751,,,,39.12387799564271,,
2024-11-11 08:11:01,,,39.38123456790124,,,,39.09607843137255,,
2024-11-11 08:12:03,,,39.38671023965142,,,,39.06014117647059,,
2024-11-11 08:13:04,,,39.41408859840232,,,,39.058169934640524,,
2024-11-11 08:14:05,,,39.42588235294118,,,,39.04959931798806,,
2024-11-11 08:15:06,,,39.46000000000001,,,,39.04024955436721,,
2024-11-11 08:16:08,,,39.45636078431373,,,,39.03704948646125,,
2024-11-11 08:17:09,,,39.470898692810465,,,,39.03352941176471,,
2024-11-11 08:18:10,,,,,,,39.037420020639836,,
2024-11-11 08:19:12,,,39.532500000000006,,,,39.01710239651416,,
2024-11-11 08:20:13,,,39.53169650468884,,,,39.003091118800455,,
2024-11-11 08:21:14,,,39.58312020460359,,,,38.987328431372546,,
2024-11-11 08:22:15,,,39.59802139037434,,,,,,
2024-11-11 08:23:16,,39.55098039215687,39.64506238859181,,,,,,
2024-11-11 08:24:18,,,39.698823529411776,,,,,,
2024-11-11 08:25:19,,39.40313725490197,,,,39.677703081232494,,,
2024-11-11 08:26:20,,,,,,39.656582633053226,,,
2024-11-11 08:27:21,,,39.833226381461685,,,39.63546218487395,,,
2024-11-11 08:28:22,,39.99450980392157,39.86682709447416,,,39.614341736694676,,,
2024-11-11 08:29:23,,39.99450980392157,,,,,,,
2024-11-11 08:30:25,,,39.947468805704105,,,,,,
2024-11-11 08:31:26,,,,,,39.63546218487395,,,
2024-11-11 08:34:30,,,,,,39.614341736694676,,,
2024-11-11 08:35:31,,,40.08187165775402,,,,,,
2024-11-11 08:36:32,,,40.08187165775402,,,,,,
2024-11-11 08:37:33,,,,,,39.69882352941177,,,
2024-11-11 08:39:36,,,40.142352941176476,,,,,,
2024-11-11 08:40:37,,39.90580392156863,,,,,,,
2024-11-11 08:41:38,,,40.25499533146593,,,,,,
2024-11-11 08:42:39,,,40.28280392156863,,,,,,
2024-11-11 08:45:43,,,40.3419411764706,,,,,,
2024-11-11 08:49:48,,,40.31131652661064,,,,,,
2024-11-11 08:50:49,,,40.310356506238854,,,,,,
2024-11-11 08:51:51,,,40.33723707664884,,,,,,
2024-11-11 08:58:59,,,40.34395721925134,,,,,,
2024-11-11 09:01:01,,,40.350677361853826,,,,,,
2024-11-11 09:02:03,,,40.36059757236227,,,,,,
2024-11-11 09:03:04,,,40.36763772175537,,,,,,
2024-11-11 09:04:05,,,40.36763772175537,,,,,,
2024-11-11 09:05:06,,,,,,40.29019607843138,,,
2024-11-11 09:06:08,,,40.39913312693498,,,,,,
2024-11-11 09:07:09,,,40.422476780185754,,,,,,
2024-11-11 09:14:18,,40.585882352941184,,,,,,,
2024-11-11 09:16:20,,,,,,,,,
2024-11-11 09:32:39,,40.73372549019608,,,,,,,
2024-11-11 09:39:48,,,40.373357843137256,,,,,,
2024-11-11 09:40:49,,,40.39861437908497,,,,,,
2024-11-11 09:42:51,,,40.364117647058826,,,,,,
2024-11-11 09:51:01,,,40.35843137254903,,,,,,
2024-11-11 09:54:05,,,40.35179738562092,,,,,,
2024-11-11 10:04:17,,,,,,,40.438039215686274,,
2024-11-11 10:12:27,,,,,,,38.51607843137255,,
2024-11-11 11:51:27,,,,,,38.53719887955183,,,
2024-11-11 11:54:31,,,,,,38.127990196078436,,,
2024-11-11 11:55:32,,,,,,,,39.25529411764706,
2024-11-11 11:59:37,,,,,,37.94582633053222,38.75262745098039,,
2024-11-11 12:21:03,,,,,,,,39.55098039215687,
2024-11-11 14:08:12,,,,,,37.84257080610022,,,
2024-11-11 14:34:43,,,,,,,38.22039215686275,,
2024-11-11 14:35:45,,,,,,37.66934046345811,,,
2024-11-11 14:50:01,,,,40.438039215686274,,,,,
2024-11-11 14:51:03,,39.69882352941177,,,,,,,
2024-11-11 15:04:18,,39.25529411764706,,,,,,,
2024-11-11 15:05:20,,,,,,37.91333333333334,,,
2024-11-11 17:19:02,,,,,,,38.368235294117646,,
2024-11-11 17:26:11,37.062287581699344,,,,,,,,
2024-11-11 17:33:20,,,,,,38.023267973856214,,,
2024-11-11 17:34:21,,,,,,,36.88980392156863,,
2024-11-11 17:38:26,37.210130718954254,,38.51607843137255,,,,,,
2024-11-11 17:39:27,37.1362091503268,,38.22039215686274,,,,,,
2024-11-11 17:40:29,,,38.22039215686274,,,,,,
2024-11-11 17:42:31,,,,,,37.641339869281055,,,
2024-11-11 17:43:33,37.2840522875817,,,,,37.69062091503268,,,
2024-11-11 17:44:34,,36.44627450980393,,,,37.57525846702317,,,
2024-11-11 17:45:35,37.333333333333336,36.44627450980393,,,,37.58869875222817,,,
2024-11-11 17:46:36,,37.03764705882353,,,,37.25941176470588,,,
2024-11-11 17:48:39,,,,,,,36.15058823529412,,
2024-11-11 17:49:40,37.18549019607843,,,,,,,,
2024-11-11 18:58:02,,,,,35.865462184873955,37.288980392156866,,,
2024-11-11 18:59:03,,,,,35.74648366013072,,,,
2024-11-11 19:00:05,,,,,,37.23477124183007,,,
2024-11-11 19:02:07,,,,,,37.218344226579525,,,
2024-11-11 19:04:09,,,,,35.64956427015251,,,,
2024-11-11 19:05:11,,,,,35.5981217750258,,,,
2024-11-11 19:06:12,,,,,35.68488235294119,,,,
2024-11-11 19:07:13,,,,,35.65777777777779,,,,
2024-11-11 19:08:14,,,36.29843137254902,,35.619696969696975,,,,
2024-11-11 19:09:15,,,36.44627450980393,,35.55278772378517,,,,
2024-11-11 19:12:19,,,,,35.56537581699346,,,,
2024-11-11 19:17:25,,,,,35.54147450980392,,,,
2024-11-11 19:21:30,,,,,35.559215686274506,,,,
2024-11-11 19:23:33,,,,,35.531837327523604,,,,
2024-11-11 19:25:35,,,,,35.48529411764706,,,,
2024-11-11 19:26:37,,,,,35.47764705882353,,,,
2024-11-11 19:27:38,,,,,35.40117647058824,,,,
2024-11-11 19:28:39,,,,,35.283921568627456,,,,
2024-11-11 19:29:40,,,,,35.283921568627456,,,,
2024-11-11 19:30:41,,,,,35.15792717086835,,,,
2024-11-11 19:31:43,,,,,35.071880900508354,,,,
2024-11-11 19:32:44,,,,,34.9564705882353,,,,
2024-11-11 19:33:45,,,,,34.938274509803925,,,,
2024-11-11 19:34:46,,,,,34.930882352941175,,,,
2024-11-11 19:35:47,,,,,34.91641943734016,,,,
2024-11-11 19:36:48,,,,,34.86704099821747,,,,
2024-11-11 19:37:50,,,,,34.86224089635854,,,,
2024-11-11 19:38:51,,,,,34.842176470588235,,,,
2024-11-11 19:39:52,,,,,34.89003095975232,,,,
2024-11-11 19:40:53,,,,,34.93498910675382,,,,
2024-11-11 19:41:55,,,,,34.9243598615917,,,,
2024-11-11 19:42:56,,,,,34.93088235294118,,,,
2024-11-11 19:43:57,,,,,34.96784313725491,,,,
2024-11-11 19:46:00,,,38.959607843137256,,,36.59411764705882,36.741960784313726,,
2024-11-11 19:49:03,,38.176039215686274,,,,35.85490196078432,,,
2024-11-11 19:50:04,,,38.19082352941176,,,,35.55921568627451,,
2024-11-11 19:51:06,,38.264745098039214,,,,,,,
2024-11-11 19:55:10,,,38.19575163398692,,,,,,
2024-11-11 20:10:29,,38.01094771241831,,,,,,,
2024-11-11 20:12:32,,37.97019607843138,,,,,,,
2024-11-11 20:13:33,,37.935266106442576,,,,,,,
2024-11-11 20:15:36,,37.845856209150334,,,,,,,
2024-11-11 20:16:37,,37.87850490196078,,,,,,,
2024-11-11 20:21:43,38.51607843137255,37.96818915801615,,,,,,,
2024-11-11 20:22:44,38.959607843137256,37.95755991285404,,,,,,,
2024-11-11 20:27:50,,37.940268317853466,,,,,,,
2024-11-11 20:29:52,,37.97645098039216,,,,,,,
2024-11-11 20:30:54,,,38.220392156862744,,,,35.26352941176471,,
2024-11-11 20:32:56,,,,,,35.75633986928105,,,
2024-11-11 20:34:59,,,38.07254901960784,,,,,,
2024-11-11 20:36:00,,,38.11478991596638,,,,,,
2024-11-11 20:39:03,,,,,,,,,
2024-11-11 20:40:05,,38.11286987522281,,,,,,,
2024-11-11 20:41:06,,38.12397271952259,,,,,,,
2024-11-11 20:42:07,,38.111116794543896,,,,,,,
2024-11-11 20:43:08,,38.09270944741533,,,,35.85490196078432,,,
2024-11-11 20:47:13,,,,,,,,,
2024-11-11 20:48:14,,37.998627450980386,,,,36.00274509803921,,,
2024-11-11 20:58:27,38.22039215686274,37.92470588235294,38.49495798319328,,,,,,
2024-11-11 21:07:37,,37.91731372549019,,,,,,,
2024-11-11 21:08:39,,37.909921568627446,,,,,,,
2024-11-11 21:09:40,,37.85078431372549,,,,,,,
2024-11-11 21:10:41,,37.846893704850366,38.55303921568627,,,35.115686274509805,36.79124183006536,,
2024-11-11 21:12:44,,,,,,35.115686274509805,37.096784313725486,,
2024-11-11 21:20:53,,,,,38.07254901960785,,,,
2024-11-11 21:21:55,,37.812063492063494,,,38.36823529411765,,,,
2024-11-11 21:22:56,,37.79798319327732,,,36.298431372549025,,,,
2024-11-11 21:23:57,,37.8050233426704,,,35.75633986928105,,,,
2024-11-11 21:24:59,,37.82860784313726,,,,,36.919372549019606,,
2024-11-11 21:26:00,,37.86245614035088,,,,,,,
2024-11-11 21:27:01,,,,,,,,,
2024-11-11 21:30:04,,,,,,,36.80109803921569,,
2024-11-11 21:37:13,,,38.03558823529412,,,,36.80109803921569,,
2024-11-11 21:45:23,38.66392156862745,38.06269281045752,,,,,,,
2024-11-11 21:46:24,,38.05142857142857,,,,,,,
2024-11-11 21:47:25,,38.0043137254902,,,,,,,
2024-11-11 21:48:26,,38.0109477124183,,,,,,,
2024-11-11 21:57:38,,,37.71218137254902,,,,,,
2024-11-11 22:05:48,,,37.730661764705886,,,,,,
2024-11-11 22:09:53,,37.806431372549014,,,,,,,
2024-11-11 22:14:59,35.70705882352941,,,,36.10834733893558,,,,
2024-11-11 22:17:01,,,37.58795206971677,,35.6436974789916,,,,
2024-11-11 22:18:03,,,37.62123839009287,,35.41137254901961,,,,
2024-11-11 22:19:04,,,37.58466666666666,,34.71439775910364,,,,
2024-11-11 22:21:06,,,37.565658263305316,,,,,,
2024-11-11 22:22:08,,,37.52821746880569,,,,,,
2024-11-11 22:23:09,,,37.3803743315508,,,,,,
2024-11-11 22:25:12,,,37.384757033248086,,34.885708061002184,,,,
2024-11-11 22:26:13,,,37.307621483375954,,,,,,
2024-11-11 22:27:14,,,37.30253267973856,,,,,,
2024-11-11 22:28:16,,,37.29193725490197,,,,,,
2024-11-11 22:29:17,,,37.2878431372549,,,,,,
2024-11-11 22:30:18,,,37.27857661583152,,,,,,
2024-11-11 22:31:19,,,37.201917211328976,,,,,,
2024-11-11 22:32:20,,,37.18001452432825,,,,,,
2024-11-11 22:33:21,38.66392156862745,,,,,,,,
2024-11-11 22:34:23,,,37.20078431372548,,,,,,
2024-11-11 22:35:24,,,37.14980392156863,,34.465176470588226,,,,
2024-11-11 22:36:25,,,37.14980392156863,,34.64258823529412,,,,
2024-11-11 22:37:26,,,37.160000000000004,,34.65244444444444,,,,
2024-11-11 22:38:28,,,37.175294117647056,,,,,,
2024-11-11 22:39:29,,,,,34.76455882352941,,,,
2024-11-11 22:40:30,,,37.1362091503268,,,,34.37647058823529,,
2024-11-11 22:41:31,,,37.12862745098039,,,,34.2286274509804,,
2024-11-11 22:42:32,,,37.12635294117647,,34.92841830065359,,,,
2024-11-11 22:43:33,,,37.11772875816993,,34.879137254901956,,,,
2024-11-11 22:44:34,,,37.121210571184996,,34.84956862745098,,,,
2024-11-11 22:45:36,,,37.12500891265597,,34.91856209150327,,,,
2024-11-11 22:46:37,,,37.12916900093371,,34.879137254901956,,,,
2024-11-11 22:47:39,,,37.141137254901956,,34.859424836601306,,,,
2024-11-11 22:48:40,,,37.11545923632611,,,,,,
2024-11-11 22:49:41,,,37.12324045407636,,34.82,,,,
2024-11-11 22:50:42,,,37.14442265795206,,34.566554621848745,,,,
2024-11-11 22:51:43,,,37.13331026528258,,34.43333333333334,,,,
2024-11-11 22:52:45,,,,,34.339509803921565,,,,
2024-11-11 22:53:46,,,37.21321078431373,,34.16142602495543,,,,
2024-11-11 22:54:47,,,,,,,,,
2024-11-11 23:02:56,,,,,,,,,
2024-11-11 23:03:57,39.643382352941174,,,,,,,,
2024-11-11 23:04:59,39.6640369088812,,,,,,,,
2024-11-11 23:06:00,39.71525054466231,,,,,,,,
2024-11-11 23:07:01,39.76885448916409,,,,,,,,
2024-11-11 23:08:02,39.80970588235295,,,,,,,,
2024-11-11 23:09:04,39.79492156862745,,,,,,,,
2024-11-11 23:10:05,39.79492156862745,,,,,,,,
2024-11-11 23:11:06,39.818506069094305,,,,,,,,
2024-11-11 23:12:07,39.80442577030813,,,,,,,,
2024-11-11 23:13:08,39.860106951871664,,,,,,,,
2024-11-11 23:14:09,39.885234441602734,,,,,,,,
2024-11-11 23:15:11,39.90826797385622,,,,,,,,
2024-11-11 23:16:12,39.90210784313726,,38.65160130718954,,,,,,
2024-11-11 23:17:13,39.90210784313726,,,,,,38.56535947712419,,
2024-11-11 23:18:14,,,38.774803921568626,,,,,,
2024-11-11 23:19:16,39.976029411764706,,,,,,38.70088235294118,,
2024-11-11 23:20:17,39.975225916453546,,38.750163398692806,,,,,,
2024-11-11 23:21:18,39.9609090909091,,,,,,,,
2024-11-11 23:22:19,39.9804295051354,,38.754901960784316,,36.540356506238865,,38.94616755793226,,
2024-11-11 23:23:20,40.001901960784316,,,,,,,,
2024-11-11 23:24:22,,,38.76248366013072,,36.48039215686275,,39.07333333333333,,
2024-11-11 23:25:23,,,38.811764705882354,,36.48851540616247,,,,
2024-11-11 23:26:24,40.134139433551205,,,,36.49555555555556,,,,
2024-11-11 23:27:25,,,38.844618736383445,,36.45551470588235,,39.26453431372549,,
2024-11-11 23:28:27,40.20322952710496,,38.85067079463365,,36.44627450980392,,39.236813725490194,,
2024-11-11 23:29:28,40.253235294117644,,38.84872549019608,,36.48323529411765,,,,
2024-11-11 23:30:29,40.3000522875817,,38.86104575163399,,36.50715109573241,,39.35385620915032,,
2024-11-11 23:31:30,,,38.86552584670232,,36.47912854030501,,,,
2024-11-11 23:32:32,,,38.87224598930482,,36.53964912280702,,,,
2024-11-11 23:33:33,40.425718954248374,,,,,,39.536196078431374,,
2024-11-11 23:34:34,40.45035947712419,,,,,,39.572100840336134,,
2024-11-11 23:35:35,,,,,,,39.649542483660134,,
2024-11-11 23:36:36,,,,,,,39.649542483660134,,
2024-11-11 23:37:38,,,38.93003921568628,,,,39.69210338680927,,
2024-11-11 23:38:39,,,38.94186666666667,,36.72910485933504,,39.7481045751634,,
2024-11-11 23:39:40,,,38.93686274509805,,36.73580065359477,,39.77274509803922,,
2024-11-11 23:40:41,,,38.93686274509805,,36.73580065359477,,39.86682709447417,,
2024-11-11 23:41:42,40.522521008403366,,38.95960784313726,,36.741960784313726,,39.885234441602734,,
2024-11-11 23:42:44,,,38.97098039215686,,36.741960784313726,,39.8959477124183,,
2024-11-11 23:43:45,,,38.99372549019608,,,,,,
2024-11-11 23:44:46,,,38.99941176470588,,,,40.03763071895425,,
2024-11-11 23:45:47,,,38.99372549019608,,36.692679738562084,,40.05364705882353,,
2024-11-11 23:46:49,,,38.99941176470589,,36.69696504688832,,40.10539215686274,,
2024-11-11 23:47:50,,,38.993725490196084,,36.632685421994886,,40.10539215686274,,
2024-11-11 23:48:51,,,38.98803921568628,,36.677681159420295,,40.106870588235296,,
2024-11-11 23:49:53,,,38.99793754538853,,36.705000000000005,,40.15467320261438,,
2024-11-11 23:50:54,,,38.99128851540616,,36.69883986928105,,40.19377664109123,,
2024-11-11 23:51:55,,,38.98,,36.688737254901966,,,,
2024-11-11 23:52:56,,,38.98424836601306,,36.76470588235294,,40.240915032679744,,
2024-11-11 23:53:57,,,38.999032679738555,,36.844313725490196,,,,
2024-11-11 23:54:59,,,39.01874509803921,,36.96941176470588,,40.30498039215687,,
2024-11-11 23:56:00,,,39.023673202614376,,37.04333333333334,,40.32132094943241,,
2024-11-11 23:57:01,,,39.02860130718955,,37.10588235294118,,40.34769063180828,,
2024-11-11 23:58:02,,,39.04338562091504,,37.19686274509804,,40.368465974625146,,
2024-11-11 23:59:04,,,39.03845751633988,,37.20323137254903,,40.364117647058826,,
2024-11-12 00:00:05,,,39.04627450980393,,37.24235294117647,,40.364117647058826,,
2024-11-12 00:01:06,,,39.04627450980393,,37.273100944081335,,40.36904575163398,,
2024-11-12 00:02:08,,,39.03607843137254,,,,,,
2024-11-12 00:03:09,,,39.051372549019604,,37.36071169208424,,,,
2024-11-12 00:04:10,,,39.06156862745098,,37.327857661583145,,40.41339869281046,,
2024-11-12 00:05:11,,,39.0564705882353,,37.32238198983297,,,,
2024-11-12 00:06:13,,,39.07686274509804,,,,,,
2024-11-12 00:07:14,,,39.09725490196078,,37.37166303558461,,,,
2024-11-12 00:08:15,,,39.09215686274511,,37.273100944081335,,,,
2024-11-12 00:09:16,,,39.0921568627451,,37.26214960058097,,40.408470588235296,,
2024-11-12 00:10:17,,,39.07686274509804,,,,,,
2024-11-12 00:11:19,40.438039215686274,,39.07176470588235,,37.20739288307915,,,,
2024-11-12 00:12:20,,,39.06156862745098,,37.18001452432824,,,,
2024-11-12 00:13:21,40.42161220043573,,39.051372549019604,,,,,,
2024-11-12 00:14:23,40.349333333333334,,39.061568627450974,,,,,,
2024-11-12 00:15:24,,,,,37.16358750907771,,,,
2024-11-12 00:16:25,,,39.07686274509803,,37.174538852578074,,,,
2024-11-12 00:17:26,40.37643790849673,,39.08196078431373,,37.201917211328976,,,,
2024-11-12 00:18:27,40.339477124183006,,39.07686274509804,,37.15380952380953,,,,
2024-11-12 00:19:29,,,39.07686274509805,,37.20133053221288,,,,
2024-11-12 00:20:30,,,39.09215686274511,,37.19605042016807,,,,
2024-11-12 00:21:31,40.29019607843137,,39.081050420168076,,37.15380952380953,,39.234173669467786,,
2024-11-12 00:22:32,,,39.07577030812325,,37.170196078431374,,,,
2024-11-12 00:23:33,,,39.081050420168076,,37.18549019607843,,,,
2024-11-12 00:24:35,,,39.09689075630253,,37.165098039215685,,39.181372549019606,,
2024-11-12 00:25:36,40.29019607843138,,39.10745098039216,,37.137969187675075,,,,
2024-11-12 00:26:37,40.191633986928096,38.811764705882354,39.10745098039216,,37.07460784313726,,,,
2024-11-12 00:27:38,40.226834733893554,,39.091023965141616,,37.05348739495798,,,,
2024-11-12 00:28:39,,,39.08007262164125,,37.0006862745098,,,,
2024-11-12 00:29:41,40.21058823529412,,39.05269426289034,,36.93204481792718,,,,
2024-11-12 00:30:42,40.187843137254895,,39.04174291938998,,36.945882352941176,,39.25529411764706,,
2024-11-12 00:31:43,40.187843137254895,,39.049369747899156,,36.89490196078432,,,,
2024-11-12 00:32:44,,,39.05464985994398,,36.84901960784314,,39.15294117647059,,
2024-11-12 00:33:45,,,39.049369747899156,,36.86941176470588,38.811764705882354,39.276414565826336,,
2024-11-12 00:34:46,,,39.05464985994398,,36.81333333333334,38.66392156862745,39.24543790849673,,
2024-11-12 00:35:48,40.20955436720142,,39.03352941176471,,36.7929411764706,37.92470588235294,39.181372549019606,,
2024-11-12 00:36:49,,39.40313725490197,,,36.787843137254896,,,,
2024-11-12 00:37:50,40.15579322638146,,39.06521008403361,,36.78784313725491,,38.907427912341404,,
2024-11-12 00:38:51,40.14235294117646,,39.08105042016807,,36.81333333333334,,,,
2024-11-12 00:39:53,,,39.08105042016807,,,,,,
2024-11-12 00:40:54,40.11771241830065,,,,,,,,
2024-11-12 00:41:55,,,39.091610644257706,,36.879607843137265,,38.606427015250546,,
2024-11-12 00:42:56,,,39.133851540616256,,36.93568627450981,,38.63106753812636,,
2024-11-12 00:43:58,,,39.14969187675071,,36.98156862745098,,,,
2024-11-12 00:44:59,,,39.2077731092437,,37.007058823529405,,38.72617131062952,,
2024-11-12 00:46:00,40.142352941176476,,39.25001400560224,,37.03254901960784,,38.718390092879254,,
2024-11-12 00:47:01,,,39.28697478991597,,37.05803921568628,,38.704989106753814,,
2024-11-12 00:48:02,,,39.329215686274516,,37.078431372549026,,38.704989106753814,,
2024-11-12 00:49:03,,,39.37673669467788,,37.078431372549026,,38.59434832756632,,
2024-11-12 00:50:04,,,39.408417366946786,,37.114117647058826,,38.64544117647059,,
2024-11-12 00:51:06,,,39.461218487394966,,,37.48117647058824,38.72305882352941,,
2024-11-12 00:52:07,40.47746405228758,,39.49289915966387,,37.164369747899165,,38.76952380952382,,
2024-11-12 00:53:08,,,39.484705882352955,,37.16964985994398,,38.758963585434174,,
2024-11-12 00:54:09,,,39.52549019607844,,37.190770308123255,,38.811764705882354,,
2024-11-12 00:55:10,,,39.53058823529411,,37.20739288307916,,38.811764705882354,,
2024-11-12 00:56:12,40.62066897347174,,39.55607843137255,,37.19686274509804,,,,
2024-11-12 00:57:13,40.655455594002305,,39.546052287581695,,37.19117647058824,,,,
2024-11-12 00:58:14,40.63516339869281,,39.52141176470589,,37.16774901960785,,,,
2024-11-12 00:59:15,,,39.5460522875817,,37.18549019607843,,38.4354367201426,,
2024-11-12 01:00:16,40.64501960784314,,39.53126797385622,,37.19191815856778,,,,
2024-11-12 01:01:18,40.61404295051354,,39.55098039215687,,37.19221033868093,,,,
2024-11-12 01:02:19,40.66332399626517,,39.577380952380956,,37.220690943043884,,,,
2024-11-12 01:03:20,40.653083778966135,,39.59478576615831,,37.2298431372549,,,,
2024-11-12 01:04:22,40.6630179028133,,39.61352941176471,,37.23217750257998,,,,
2024-11-12 01:05:23,40.665964052287585,,39.61921568627451,,37.25119825708061,,,,
2024-11-12 01:06:24,40.65684705882353,,39.63058823529412,,37.220276816608994,,,,
2024-11-12 01:07:25,40.65684705882353,,39.66334117647059,,,,,,
2024-11-12 01:08:27,40.7100705882353,,39.686503267973855,,37.29390849673202,,,,
2024-11-12 01:09:28,40.739411764705885,,39.685967604433074,,37.29109243697479,,,,
2024-11-12 01:10:29,40.75015250544662,,39.718983957219244,,,,,,
2024-11-12 01:11:30,40.733725490196086,,39.70586367880486,,,,,,
2024-11-12 01:12:32,40.73372549019608,,39.73578431372549,,,,,,
2024-11-12 01:13:33,40.754845938375354,,39.79219814241486,,,,,,
2024-11-12 01:14:34,40.77596638655462,,39.78095860566449,,,,,,
2024-11-12 01:15:36,40.76941176470588,39.3045751633987,39.79448673587082,,,,,,
2024-11-12 01:16:37,40.79708683473389,,,,,,,,
2024-11-12 01:17:38,40.781246498599444,,,,,,,,
2024-11-12 01:18:40,40.79943355119826,,,,,,,,
2024-11-12 01:19:41,40.7884822076979,,,,,,,,
2024-11-12 01:20:42,40.80196078431373,,39.62490196078432,,,,,,
2024-11-12 01:21:43,40.79286274509804,,39.56442067736186,,,,,,
2024-11-12 01:22:44,,,,,,40.127568627450984,,,
2024-11-12 01:24:47,,39.35033613445379,,,,40.098000000000006,,,
2024-11-12 01:25:48,40.71444160272805,39.37145658263306,,,,40.038862745098044,,,
2024-11-12 01:26:49,40.71444160272805,39.44537815126052,,,,,,,
2024-11-12 01:27:50,40.733725490196086,,,,,,,,
2024-11-12 01:28:51,,39.49184313725491,,,,40.22859477124184,,,
2024-11-12 01:29:52,40.73372549019608,39.462274509803926,,,,40.117712418300655,,,
2024-11-12 01:30:54,40.681980392156866,39.45241830065359,,,,40.080751633986935,39.84666666666666,,
2024-11-12 01:31:55,40.7041568627451,39.47213071895426,,,,40.10539215686275,,,
2024-11-12 01:32:56,,,,,,,40.438039215686274,,
2024-11-12 01:33:57,40.70087145969499,39.541124183006545,,,,,,,
2024-11-12 01:34:59,,39.541124183006545,,,,,,,
2024-11-12 01:36:00,40.69676470588236,39.53126797385622,,,,,,,
2024-11-12 01:37:01,,39.521411764705896,,,,40.14235294117648,,,
2024-11-12 01:38:02,,,,,,40.06843137254902,,,
2024-11-12 01:39:03,,,,,,40.08955182072829,,,
2024-11-12 01:40:04,,39.46649859943978,,,,,,,
2024-11-12 01:41:06,40.647483660130725,,38.68856209150328,,,,38.72962962962963,,
2024-11-12 01:42:07,40.59932263814617,,,,,,38.678705882352936,,
2024-11-12 01:43:08,,,,,,40.04827094474154,,,
2024-11-12 01:44:10,,39.510659536541894,,,,40.24584313725491,,,
2024-11-12 01:45:11,,,38.77891067538127,,,,,,
2024-11-12 01:46:12,40.438039215686274,,38.89389978213508,,,,,,
2024-11-12 01:47:14,40.31976470588235,,38.94482352941177,,,,,,
2024-11-12 02:04:35,,,39.24185383244207,,,,,,
2024-11-12 02:11:43,,,,,,40.1916339869281,,,
2024-11-12 02:12:45,,,,,,,38.192671568627446,,
2024-11-12 02:13:46,,,,,,,38.174191176470586,,
2024-11-12 02:14:47,,,39.27803921568627,,,,,,
2024-11-12 02:16:50,,,,,,39.809705882352944,,,
2024-11-12 02:17:51,,,,,,,38.554984520123845,,
2024-11-12 02:19:53,,,,,,,38.4149226006192,,
2024-11-12 02:20:54,,,39.16658823529412,,,,38.442156862745094,,
2024-11-12 02:21:56,,,,,,,38.43476470588236,,
2024-11-12 02:22:57,40.25323529411765,39.8063458110517,39.146875816993465,,,,,,
2024-11-12 02:23:58,40.19163398692811,,39.11669117647059,,,,38.37562745098039,,
2024-11-12 02:25:00,40.20395424836602,39.819786096256685,,39.25529411764706,,,38.42455648926237,,
2024-11-12 02:26:01,,,,,,,38.41527629233512,,
2024-11-12 02:27:02,40.142352941176476,39.80634581105169,39.03787773933102,,,,38.51607843137254,,
2024-11-12 02:28:03,40.142352941176476,39.792905525846706,,,,,38.56535947712418,,
2024-11-12 02:29:04,40.171921568627454,,39.20311418685121,,,,38.545647058823526,,
2024-11-12 02:30:06,40.171921568627454,39.69882352941176,39.26350762527233,,,,38.54450980392157,,
2024-11-12 02:32:08,40.038862745098044,39.639686274509806,,,,38.85400560224089,,,
2024-11-12 02:33:09,,39.624901960784314,,,,,38.54450980392157,,
2024-11-12 02:34:11,40.038862745098044,39.6544705882353,,,,38.821620915032675,38.570835148874366,,
2024-11-12 02:35:12,40.02407843137256,39.69882352941176,,,,38.854005602240896,38.729629629629635,,
2024-11-12 02:36:13,40.038862745098044,39.669254901960784,39.52409982174689,,,38.84344537815126,,,
2024-11-12 02:37:14,,,39.5039393939394,,,38.84344537815126,38.899375453885256,,
2024-11-12 02:38:16,,,,,,38.84344537815126,38.8856862745098,,
2024-11-12 02:39:17,,,39.5702642796249,,,38.84344537815126,38.89455686274509,,
2024-11-12 02:40:18,,,39.679539641943734,,,38.83288515406162,,,
2024-11-12 02:41:19,,39.72839215686274,39.7052514919011,,,,39.10745098039216,,
2024-11-12 02:42:20,,,39.59802139037433,,,38.83288515406162,39.13110588235295,,
2024-11-12 02:43:22,,,39.602404092071616,,,38.841333333333324,39.14884705882353,,
2024-11-12 02:44:23,,,39.57114081996435,,,38.821620915032675,39.20798431372549,,
2024-11-12 02:45:24,,,39.443458110516936,,,,39.27303529411765,,
2024-11-12 02:46:26,,,39.49465919701214,,,38.830245098039214,39.33217254901962,,
2024-11-12 02:47:27,,,39.56576470588236,,,,39.33217254901961,,
2024-11-12 02:48:28,,,39.58054901960785,,,,39.27803921568628,,
2024-11-12 02:49:29,,,,,,38.89061437908496,39.29509803921569,,
2024-11-12 02:50:30,,,39.6450623885918,,,,39.27894901960785,,
2024-11-12 02:51:32,,,39.62811594202899,,,,39.25529411764706,,
2024-11-12 02:52:33,,,,,,,39.28372549019608,,
2024-11-12 02:53:34,40.14235294117647,,39.74586452762924,,,,,,
2024-11-12 02:54:35,,,39.74381926683717,,,,,,
2024-11-12 02:55:37,,,39.788815004262574,,,,39.42588235294118,,
2024-11-12 02:56:38,,40.585882352941184,39.82738277919863,,,,,,
2024-11-12 02:57:39,,39.10745098039216,,,,,39.507175018155415,,
2024-11-12 02:58:40,,,39.833810741687984,,,39.17568627450981,39.567407407407416,,
2024-11-12 02:59:41,,,,,,,39.62216412490923,,
2024-11-12 03:00:43,,,39.878806479113386,,,39.255294117647054,39.6604938271605,,
2024-11-12 03:02:45,,,,,,,39.67144517066085,,
2024-11-12 03:03:46,,,,,,,39.720726216412494,,
2024-11-12 03:04:48,,,,,,,39.7556862745098,,
2024-11-12 03:05:49,,,,,,39.27641456582633,39.722478431372544,,
2024-11-12 03:06:50,,,39.7929055258467,,,39.28941176470589,,,
2024-11-12 03:07:52,,,39.81146591970122,,,,39.6456,,
2024-11-12 03:09:54,39.84666666666666,,,,,39.30809523809524,39.6456,,
2024-11-12 03:10:55,,,39.76218487394958,,,39.25529411764706,39.68699607843138,,
2024-11-12 03:11:56,,,39.78330532212886,,,,39.69313725490196,,
2024-11-12 03:12:58,,,39.76218487394958,,,39.27500653594771,39.69882352941177,,
2024-11-12 03:13:59,,,39.8023137254902,,,39.26515032679739,39.73430588235294,,
2024-11-12 03:15:00,,,39.83110423116616,,,39.27377450980393,39.66186274509804,,
2024-11-12 03:16:02,,,39.838885448916415,,,39.28138408304498,39.67311167945438,,
2024-11-12 03:17:03,,,39.83023965141612,,,,39.71226381461675,,
2024-11-12 03:18:04,,,39.8959477124183,,,39.411350762527235,39.73402427637721,,
2024-11-12 03:19:05,40.24795518207283,,39.968419838523644,,,39.50749711649366,39.77274509803921,,
2024-11-12 03:20:07,,,39.94232987312573,,,39.542766884531595,39.81554179566564,,
2024-11-12 03:21:08,40.07899159663866,40.33947712418301,,,,,,,
2024-11-12 03:22:09,,,39.907543252595154,,,39.589886480908156,,,
2024-11-12 03:23:10,,40.33947712418301,39.828186274509804,,,,40.02736383442266,,
2024-11-12 03:24:12,,,,,,39.73772961816306,,,
2024-11-12 03:25:13,40.03675070028011,,,,,,39.99450980392157,,
2024-11-12 03:26:14,,,39.94170868347339,,,,40.01093681917211,,
2024-11-12 03:27:15,,,39.91490196078431,,,39.83845315904139,40.029296424452134,,
2024-11-12 03:28:16,,,39.92058823529411,,,,,,
2024-11-12 03:29:18,,40.314836601307185,,,,,,,
2024-11-12 03:31:20,40.19163398692811,40.33947712418301,,,,39.97894736842106,,,
2024-11-12 03:32:22,40.31483660130719,40.33947712418301,,,,40.04119711042312,,,
2024-11-12 03:33:23,,40.364117647058826,,,,40.1190092879257,,,
2024-11-12 03:34:24,,,,,,40.10539215686275,,,
2024-11-12 03:35:25,40.09307189542484,,,,,,,,
2024-11-12 03:36:26,,,,,,40.212383900928806,,,
2024-11-12 03:38:29,,,,,,,39.809705882352944,,
2024-11-12 03:39:30,,,,,,40.2819825708061,,,
2024-11-12 03:42:34,,,,,,40.34237600922722,39.79122549019608,,
2024-11-12 03:43:35,,,,,,40.333679354094585,,,
2024-11-12 03:44:36,,,,,,,40.26555555555556,,
2024-11-12 03:45:38,,,,,,,40.20149019607843,,
2024-11-12 03:46:39,,,,,,40.29019607843138,,,
2024-11-12 03:52:46,,,,,,40.354877450980396,,,
2024-11-12 03:53:47,,,,,,40.354877450980396,,,
2024-11-12 03:54:48,,,,,,40.15974625144176,,,
2024-11-12 03:56:51,,,,,,40.188553921568634,,,
2024-11-12 03:59:55,,,,,,40.20149019607844,,,
2024-11-12 04:06:02,,,,,,40.26907563025211,,,
2024-11-12 04:09:06,,,,,,40.267450980392155,,,
2024-11-12 04:30:31,39.55098039215687,39.033529411764704,,,,,,,
2024-11-12 04:33:35,,,39.69882352941177,,36.59411764705882,,,,
2024-11-12 04:39:42,,,39.16658823529412,,,,,,
2024-11-12 04:41:45,,39.13209150326798,,,,,,,
2024-11-12 04:42:46,,,39.23417366946779,,,,,,
2024-11-12 04:43:47,,39.181372549019606,,,,,,,
2024-11-12 04:46:51,,39.08281045751634,,,,,,,
2024-11-12 04:48:54,,,,,,40.05364705882353,,,
2024-11-12 04:49:55,,39.25529411764706,,,,,,,
2024-11-12 04:50:56,39.218333333333334,,,,,,,,
2024-11-12 05:08:17,,39.170812324929976,,,,39.77274509803922,,,
2024-11-12 05:15:26,,38.941127450980396,,,,,,,
2024-11-12 05:19:30,,,,,,,,,
2024-11-12 05:21:32,,,39.19193277310925,,,,,,
2024-11-12 05:22:34,39.25529411764706,,,,,,,,
2024-11-12 05:23:35,39.329215686274516,,,,,,,,
2024-11-12 05:24:36,39.255294117647054,,,,,,,,
2024-11-12 05:25:37,39.2975350140056,,39.181372549019606,,,,,,
2024-11-12 05:26:39,39.2975350140056,,39.07788235294118,,,,,,
2024-11-12 05:27:40,,,39.01874509803922,,,,,,
2024-11-12 05:31:44,,,,,,,36.88980392156863,,
2024-11-12 05:32:45,,,,,,,37.03764705882353,,
2024-11-12 05:34:48,,,,,,,36.44627450980393,,
2024-11-12 05:35:49,,,,,,38.22039215686275,37.629019607843134,,
2024-11-12 05:40:55,39.27641456582633,,,,,,,,
2024-11-12 05:41:56,,37.966946778711474,,,,,,,
2024-11-12 05:42:57,,38.00918767507003,,,,,,,
2024-11-12 05:45:00,,37.98806722689075,,,,,,,
2024-11-12 05:47:03,,38.09226143790849,,,,38.22039215686275,,,
2024-11-12 05:48:04,,38.07254901960783,,,,,,,
2024-11-12 05:49:05,,38.026348039215684,,,,38.331274509803926,,,
2024-11-12 05:50:07,,37.96818915801615,,,,38.384662309368196,,,
2024-11-12 05:51:08,,,,,,38.456941176470586,,,
2024-11-12 05:52:09,,38.023267973856214,,,,38.456941176470586,,,
2024-11-12 05:55:13,,,,,,38.39780392156863,,,
2024-11-12 06:29:55,,38.035588235294114,,,,,,,
2024-11-12 06:41:08,,37.94582633053222,,,,,,,
2024-11-12 06:42:09,,38.00534759358289,,,,,,,
2024-11-12 06:47:16,,,39.55098039215687,,,,,,
2024-11-12 06:51:20,,38.12799019607843,,,,,,,
2024-11-12 06:57:28,,38.21447843137255,,,,,,,
2024-11-12 06:58:29,,38.29727058823529,,,,,,,
2024-11-12 06:59:30,,38.37414901960784,,,,,,,
2024-11-12 07:01:33,,38.4392,,,,,,,
2024-11-12 07:03:35,,,,,,,38.66392156862745,,
2024-11-12 07:04:36,,38.66392156862745,,,,38.66392156862746,,,
2024-11-12 07:05:38,,38.74748508098891,,,,38.38935574229692,,,
2024-11-12 07:06:39,,,,,,38.392875816993474,,,
2024-11-12 07:11:45,,38.76472370766488,,,,,,,
2024-11-12 07:13:47,,38.88920634920635,,,,,,,
2024-11-12 07:14:48,,38.86808590102707,,,,,,,
2024-11-12 07:15:49,,38.93743137254902,,,,,,,
2024-11-12 07:16:51,,38.866233230134156,,,,,,,
2024-11-12 07:17:52,,38.80355119825708,,,,,,,
2024-11-12 07:18:53,,38.80355119825708,,,,,,,
2024-11-12 07:19:54,,38.80355119825708,,,,,,,
2024-11-12 07:20:55,,38.75958477508651,,,,,,,
2024-11-12 07:21:57,,38.79328431372549,,,,,,,
2024-11-12 07:22:58,,38.84133333333334,,,,,,,
2024-11-12 07:23:59,,38.906806722689076,,,,,,,
2024-11-12 08:38:30,,,,,,,38.36823529411765,,
2024-11-12 09:01:59,,,,,,38.55303921568627,,,
2024-11-12 09:27:31,,,39.99450980392157,,,,,,
2024-11-12 09:28:32,,,40.29019607843138,,,,39.69882352941177,,
2024-11-12 09:30:35,,,40.14235294117647,,,,,,
2024-11-12 09:31:36,,,39.55098039215687,,,,,,
2024-11-12 09:32:37,,,,,,38.18007130124777,,,
2024-11-12 09:33:38,39.84666666666666,,,,,,,,
2024-11-12 12:26:10,,,,,,,,,
2024-11-12 12:32:18,,,,,,38.331274509803926,,,
2024-11-12 12:39:27,,39.199852941176474,,,,,,,
2024-11-12 12:41:29,40.438039215686274,,,,,,,,
2024-11-12 12:44:33,39.55098039215687,,,,,,,,
2024-11-12 12:50:41,,,,,,38.51607843137254,,,
2024-11-12 12:51:43,,,,,,,38.07254901960785,,
2024-11-12 12:59:53,,,,,,38.494957983193274,,,
2024-11-12 13:00:54,,,,,,38.55831932773109,,,
2024-11-12 13:08:03,,,,,,38.76952380952381,,,
2024-11-12 13:09:04,,,,,,38.81176470588235,,,
2024-11-12 13:10:06,,,,,,38.95960784313725,37.77686274509804,,
2024-11-12 13:19:17,,,,,,39.052009803921564,,,
2024-11-12 13:26:26,,,,,,38.968848039215686,,,
2024-11-12 13:35:36,,40.17192156862746,,,,,,,
2024-11-12 13:38:40,,,37.77686274509804,,,,,,
2024-11-12 13:40:43,,40.00795008912657,40.29019607843138,,,39.225725490196076,39.137019607843136,,
2024-11-12 13:47:51,,,,,,39.27500653594771,,,
2024-11-12 13:48:52,,,,40.29019607843138,,,,39.84666666666666,
2024-11-12 13:50:55,,,,39.40313725490197,,,,38.51607843137255,
2024-11-12 13:51:56,,,,,,39.27500653594771,,,
2024-11-12 13:53:59,,40.00795008912656,,,,,,,
2024-11-12 13:56:01,,40.00795008912656,,,,,,,
2024-11-12 13:57:02,,,39.50169934640524,,,,39.47705882352942,,
2024-11-12 13:58:03,,40.0437908496732,,,,39.43725490196079,,,
2024-11-12 14:06:14,,40.15467320261438,,,,,,,
2024-11-12 14:08:16,,39.755686274509806,,,,39.57562091503267,,,
2024-11-12 14:09:18,,,,,,39.712263814616755,,,
2024-11-12 14:13:22,,39.71019607843137,39.35385620915033,,,,,,
2024-11-12 14:14:23,,39.7329411764706,,,,,,,
2024-11-12 14:16:26,,,,,,,39.656582633053226,,
2024-11-12 14:19:29,,40.07515151515152,39.7481045751634,,,40.0437908496732,39.677703081232494,,
2024-11-12 14:23:35,,,,,,40.14235294117647,,,
2024-11-12 14:25:37,,40.098,,,,,,,
2024-11-12 14:27:39,,,39.717303921568636,,,,,,
2024-11-12 14:32:46,,,,,,,,,
2024-11-12 14:34:48,,,,,,,39.82202614379085,,
2024-11-12 14:36:51,,,,,,,39.9733893557423,,
2024-11-12 14:37:52,,,,,,,40.049950980392154,,
2024-11-12 14:38:53,,39.83023965141612,,,,40.1916339869281,,,
2024-11-12 14:54:12,,,,38.811764705882354,,40.31976470588235,,,
2024-11-12 14:58:17,,,,,,,,,
2024-11-12 15:13:35,,,,,39.40313725490197,,,,
2024-11-12 15:15:37,,,,,,,,,38.959607843137256
2024-11-12 15:16:38,,,,,,,,,39.25529411764706
2024-11-12 15:21:44,,,,,,,,,39.10745098039216
2024-11-12 16:01:33,,,39.39081699346406,,,,,,
2024-11-12 16:06:39,,,39.309055258467026,,,,,,
2024-11-12 16:07:40,,,39.309055258467026,,,,,,
2024-11-12 16:08:41,,,39.309055258467026,,,,,,
2024-11-12 16:09:43,,,39.32921568627451,,,,,,
2024-11-12 16:32:09,,,,,38.51607843137255,,,,
2024-11-12 16:39:18,,,,,,,,,
2024-11-12 16:48:29,,,,,,,40.52674509803922,,
2024-11-12 16:49:30,,38.87512605042017,39.5066274509804,,,,,,
2024-11-12 16:50:32,,38.59,39.5066274509804,,39.84666666666666,,,,
2024-11-12 16:51:33,,,39.2015329768271,,,,40.15713725490196,,
2024-11-12 16:52:34,,,38.84872549019609,,,,40.14235294117647,,
2024-11-12 16:53:36,,,38.87336601307191,,,,40.171921568627454,,
2024-11-12 16:54:37,,,,,,,40.20149019607843,,
2024-11-12 16:55:38,,,,,,,40.20149019607843,,
2024-11-12 16:56:39,,,,,,,40.20149019607843,,
2024-11-12 16:57:41,,,,,,,40.18670588235294,,
2024-11-12 16:58:42,,,,,,,40.216274509803924,,
2024-11-12 18:30:32,,,,,,,,,
2024-11-12 18:32:35,,39.22572549019609,,,,,,,
2024-11-12 18:33:36,,39.31443137254903,,,,,,,
2024-11-12 20:06:27,,,,,,,,,
2024-11-12 20:10:32,,,,,,39.772745098039216,,,
2024-11-12 21:08:42,,,38.68240196078432,,,,,,
2024-11-12 21:50:33,,,,,,,,,
2024-11-12 21:53:37,,,39.13209150326798,,,,,,
2024-11-12 21:54:38,,,39.22572549019608,,,,,,
2024-11-13 01:06:31,,,,,,39.92058823529411,,,
2024-11-13 02:23:04,,,,,,39.871307189542485,,,
2024-11-13 02:27:09,,,,,,39.871307189542485,,,
2024-11-13 04:59:15,,,,,40.77596638655462,,,,
2024-11-13 05:00:16,,,,,40.860448179271714,,,,
2024-11-13 05:01:17,,,,,40.88156862745098,,,,
2024-11-13 05:03:20,,,,,40.83932773109244,,41.02941176470589,,
2024-11-13 05:04:21,,,,,40.83932773109244,,,,
2024-11-13 05:06:24,,,39.639686274509806,,,,,,
2024-11-13 05:07:25,,,,,,39.649542483660134,,,
2024-11-13 05:08:26,,,,,,39.649542483660134,,,
2024-11-13 05:09:27,41.17725490196079,,,,,,,,
2024-11-13 05:10:29,41.02941176470589,,,,40.77596638655462,,,,
2024-11-13 05:11:30,40.585882352941184,,,,40.81820728291317,,,,
2024-11-13 05:13:32,,,,,40.81820728291317,,,,
2024-11-13 05:15:35,,,,,,,40.88156862745098,,
2024-11-13 05:16:37,,,,,,,40.73372549019608,,
2024-11-13 05:53:21,,,,,,,,,
2024-11-13 05:58:28,,,,,,,,,
2024-11-13 06:06:38,,,40.79943355119826,,,,,,
2024-11-13 06:09:42,,,40.795975232198145,,,,,,
2024-11-13 06:23:59,,,40.81503921568628,,,,,,
2024-11-13 06:25:00,,,40.797086834733896,,,,,,
2024-11-13 06:26:02,,,40.77404634581106,,,,,,
2024-11-13 06:27:03,,,40.767326203208555,,,,,,
2024-11-13 06:28:04,,,40.753009377664114,,,,,,
2024-11-13 06:29:06,,,40.76452614379085,,,,,,
2024-11-13 06:31:08,,,40.763294117647064,,,,,,
2024-11-13 06:32:09,,,40.78103529411765,,,,,,
2024-11-13 06:33:10,,,40.76920784313726,,,,,,
2024-11-13 06:34:11,,,40.76920784313726,,,,,,
2024-11-13 06:35:13,,,40.77512156862745,,,,,,
2024-11-13 06:36:14,,,40.77512156862745,,,,,,
2024-11-13 06:37:15,,,40.79532679738562,,,,,,
2024-11-13 06:38:16,,,40.7583660130719,,,,,,
2024-11-13 06:39:18,,,40.684444444444445,,,,,,
2024-11-13 06:40:19,,,40.66944586530265,,,,,,
2024-11-13 06:41:20,,,40.63087809036659,,,,,,
2024-11-13 06:42:21,,,40.632923351158645,,,,,,
2024-11-13 06:43:23,,,40.59292250233427,,,,,,
2024-11-13 06:44:24,,,40.593274509803926,,,,,,
2024-11-13 06:45:25,,,40.50456862745098,,,,,,
2024-11-13 06:46:26,,,40.430647058823524,,,,,,
2024-11-13 07:13:59,,,,,,,,,
2024-11-13 07:16:02,41.17725490196079,,,,,,,,
2024-11-13 07:48:42,38.959607843137256,,,,,,,,
2024-11-13 08:07:05,,39.1496918767507,,,,,,,
2024-11-13 08:18:20,,,,,,,,,
2024-11-13 08:26:30,,,,37.92470588235294,,,,,
2024-11-13 08:27:31,40.14235294117647,,40.160833333333336,,,,,,
2024-11-13 08:35:41,,,40.14235294117647,,,,38.66392156862745,,
2024-11-13 08:37:44,,39.24050980392157,,,,,,,
2024-11-13 08:40:47,,,39.99450980392158,,,,,,
2024-11-13 08:41:49,,39.29964705882354,,,,,,,
2024-11-13 08:49:59,,,,,,,39.55098039215687,,
2024-11-13 08:53:02,,39.22572549019608,,,,,,,
2024-11-13 08:55:05,,,39.6777030812325,,,,,,
2024-11-13 08:57:08,,,39.57210084033614,,,,,,
2024-11-13 09:08:21,,,39.46649859943978,,,,,,
2024-11-13 09:10:24,,39.10745098039216,,,,,,,
2024-11-13 09:15:30,,,39.45857843137256,,,,,,
2024-11-13 09:20:36,,39.2109411764706,,,,,,,
2024-11-13 09:26:43,,39.17315904139434,39.45857843137256,,,,,,
2024-11-13 09:27:45,,39.3846568627451,,,,,,,
2024-11-13 13:21:33,,,,,,38.959607843137256,,,
2024-11-13 15:56:45,,,,,,,39.55098039215687,,
2024-11-13 16:07:59,,,,,,,,,
2024-11-13 16:09:00,,,,,,,,,
2024-11-13 16:10:01,,,39.4486274509804,,,,,,
2024-11-13 16:11:02,,,39.47137254901963,,,,,,
2024-11-13 16:12:04,,,39.46000000000001,,,,,,
2024-11-13 16:13:05,,,39.48274509803923,,,,,,
2024-11-13 16:14:06,,,39.477058823529426,,,,,,
2024-11-13 16:15:07,,,39.48377896613192,,,,,,
2024-11-13 16:16:09,,,39.49184313725491,,,,,,
2024-11-13 16:19:12,,39.40313725490197,39.49184313725491,,,,,,
