timestamp,Zona1,codo_izq,codo_drc,rodilla_izq,rodilla_drc,mano_izq,mano_drc,pie_izq,pie_drc
2024-11-24 11:09:47,,,,36.88980392156863,,,,,
2024-11-24 11:10:49,37.65176470588235,,37.18549019607843,,,,37.333333333333336,,
2024-11-24 11:11:50,,,36.15058823529412,,,,36.88980392156863,,
2024-11-24 11:13:52,,,36.88980392156863,,35.115686274509805,,,,
2024-11-24 11:15:55,37.66598039215687,,,,,,,,
2024-11-24 11:16:56,37.65510957324106,,,,,,,,
2024-11-24 11:17:57,,,,,,,38.22039215686274,,
2024-11-24 11:20:00,37.63771626297577,,,,,,,,
2024-11-24 11:21:01,37.63723311546841,,,,,,,,
2024-11-24 11:22:02,37.64544662309368,,37.016526610644256,,,,,,
2024-11-24 11:23:03,37.58233230134159,,,,,,,,
2024-11-24 11:24:05,37.56988235294118,,,,,,,,
2024-11-24 11:25:07,37.56249019607843,,,,,,,,
2024-11-24 11:26:08,37.54770588235294,,,,,,,,
2024-11-24 11:27:10,37.54770588235294,,,,,,,,
2024-11-24 11:28:11,37.555098039215686,,,,,,,,
2024-11-24 11:29:12,37.54031372549019,,,,,,,,
2024-11-24 11:30:13,37.527863777089784,,,,,,,,
2024-11-24 11:31:15,37.53564499484005,,,,,,,,
2024-11-24 11:55:45,37.52008255933953,,,,,,,,
2024-11-24 11:56:46,37.53867102396514,,,,,,,,
2024-11-24 13:52:09,,,37.238291316526606,,,,,,
2024-11-24 13:54:12,,,37.2840522875817,,34.2286274509804,,36.15058823529412,,
2024-11-24 13:56:14,37.564338235294116,,,,,,,,
2024-11-24 14:00:19,,33.34156862745098,37.24636678200692,,,,,,
2024-11-24 14:02:22,,36.29843137254902,37.20288350634372,34.82,,35.85490196078432,36.29843137254902,,
2024-11-24 14:03:23,37.60789915966386,,,,,,,,
2024-11-24 14:05:26,,,37.19370370370371,,,,,,
2024-11-24 14:20:45,,,37.09211558307534,,,,,,
2024-11-24 18:10:25,,,37.08200000000001,,,,,,
2024-11-24 18:13:29,,,37.0587675070028,,,,,,
2024-11-24 22:40:56,,36.44627450980393,37.09812834224599,,,,,,
2024-11-24 23:54:27,,37.48117647058824,,,,,,,
2024-11-24 23:55:28,,37.92470588235294,,,,,,,
2024-11-24 23:56:29,,,36.95028520499109,,,,,,
2024-11-24 23:57:31,,,36.94765558397273,,,,37.92470588235294,,
2024-11-25 00:01:36,,,36.90212418300654,,,,,,
2024-11-25 00:02:37,,,,,,,,,
2024-11-25 00:25:05,37.21505882352941,,36.926764705882356,,,,,,
2024-11-25 00:27:07,,,36.92528627450981,,,,,,
2024-11-25 00:30:11,37.77686274509804,,36.94894117647059,,,,37.03764705882353,,
2024-11-25 00:31:12,,,36.96988562091503,,,,36.44627450980393,,
2024-11-25 00:34:16,37.03764705882353,,,,,,,,
2024-11-25 00:39:22,,,37.056930946291565,,,,,36.9883660130719,
2024-11-25 00:41:25,,,36.992651321398135,,,,,,
2024-11-25 00:42:26,,,36.941227621483385,,,,,36.49555555555556,
2024-11-25 00:43:27,,,36.88308377896614,,,,,36.49555555555556,
2024-11-25 00:44:28,,,,,,,,36.256190476190476,
2024-11-25 00:45:30,,,,,,,,36.192829131652665,
2024-11-25 00:47:32,,,36.862923351158656,,,,,,
2024-11-25 00:50:36,,,36.78900178253119,,,,,,
2024-11-25 00:51:37,,,36.770121381886085,,,,,,
2024-11-25 00:52:39,,,36.72788048552754,,,,,,
2024-11-25 00:53:40,,,36.66451914098972,,,,,36.37235294117647,
2024-11-25 00:55:42,,,36.67155929038282,,,,,,
2024-11-25 01:01:50,,,36.65043884220354,,,,,,
2024-11-25 01:12:02,37.629019607843134,,,,,,,,
2024-11-25 01:13:03,,,,,,,,36.50171568627451,
2024-11-25 01:15:05,,,36.674759358288775,,,,,,
2024-11-25 01:16:07,,,36.668039215686285,,,,,,
2024-11-25 01:30:24,,,36.63443850267381,,,,,,
2024-11-25 01:37:33,,35.55921568627451,,,,34.2286274509804,,,
2024-11-25 01:38:34,,,,,,,,36.00274509803923,
2024-11-25 01:43:41,,,,,,34.5243137254902,,,
2024-11-25 01:48:47,,,36.53251633986929,,,,,,
2024-11-25 01:49:49,,,36.52635620915033,,,,,,
2024-11-25 01:50:50,,,,,,,,,
2024-11-25 01:51:51,,,,,,,,34.2286274509804,
2024-11-25 01:59:00,,,36.459130434782615,,,,,,
2024-11-25 02:00:01,,,36.43341858482524,,,,,,
2024-11-25 02:01:02,,,36.40127877237852,,,,,,
2024-11-25 02:03:05,,,36.33057118499574,,,,,,
2024-11-25 02:04:06,,,36.31075163398693,,,,,,
2024-11-25 02:05:08,,,36.304345098039214,,,,,,
2024-11-25 02:06:09,,,36.28069019607844,,,,,,
2024-11-25 02:07:10,,,36.274776470588236,,,,35.904183006535945,,
2024-11-25 02:08:11,,,36.26886274509805,,,,35.904183006535945,,
2024-11-25 02:09:13,,,36.252941176470586,,,,35.904183006535945,,
2024-11-25 02:10:14,,,36.26010167029775,,,,35.904183006535945,,
2024-11-25 02:11:15,,,36.256190476190476,,,,35.904183006535945,,
2024-11-25 02:12:16,,,36.24563025210084,,,,,,
2024-11-25 02:13:18,,,,,,,35.904183006535945,,
2024-11-25 02:16:22,38.811764705882354,,36.27203081232493,,,,,,
2024-11-25 02:17:23,,,36.27105301379811,,,,,,
2024-11-25 02:19:25,,,36.24367465504721,,,,,,
2024-11-25 02:20:27,,,36.27652868554829,,,,,,
2024-11-25 02:21:28,,,,,,,,,
2024-11-25 02:22:29,37.92470588235294,,36.26557734204793,,,,,,
2024-11-25 02:27:35,,,36.26557734204793,,,,,33.88858823529412,
2024-11-25 02:28:37,,,36.2765286855483,,,,,33.87380392156863,
2024-11-25 02:29:38,,,36.26010167029776,,,,,33.906060606060606,
2024-11-25 02:30:39,,,36.264313725490204,35.17482352941177,,,,,
2024-11-25 02:31:40,,,36.26886274509805,35.204392156862745,,,,,
2024-11-25 02:32:42,,,36.26294901960784,35.17482352941177,,,,34.05803921568628,
2024-11-25 02:33:43,,,36.26886274509804,35.204392156862745,,,,,
2024-11-25 02:34:44,,,36.304345098039214,,,,,,
2024-11-25 02:40:52,,,36.29251764705882,,,,,34.17582633053222,
2024-11-25 02:41:53,,,,,,,,34.28776470588236,
2024-11-25 02:42:54,,,,,,,,34.29762091503268,
2024-11-25 02:43:56,,,36.46901960784314,,,,,34.2680522875817,
2024-11-25 03:09:27,,,36.45810196078432,,,,,34.23848366013072,
2024-11-25 03:10:29,,,36.57046274509804,,,,,34.19905882352941,
2024-11-25 03:13:33,,,36.641427450980395,,,,,34.2286274509804,
2024-11-25 03:14:34,,,36.67419934640523,,,,,,
2024-11-25 03:15:35,,,36.741960784313726,,,,,,
2024-11-25 03:16:36,,,36.803562091503274,,,,,34.26274509803922,
2024-11-25 03:27:49,,,,,,,,34.21630718954248,
2024-11-25 03:28:51,,,,,,,,34.2286274509804,
2024-11-25 03:30:53,,,36.926764705882356,,,,,,
2024-11-25 03:34:58,,,36.96988562091503,,,,,,
2024-11-25 03:44:09,,,36.96988562091503,,,,,34.215187165775404,
2024-11-25 03:45:10,,,36.99452614379085,,,,36.29843137254902,,
2024-11-25 03:49:14,,,36.9883660130719,,,,,,
2024-11-25 03:52:18,,,36.96668235294118,,,,,,
2024-11-25 03:56:23,,,36.963725490196076,,,,,,
2024-11-25 04:02:31,,,,,,35.41137254901961,,,
2024-11-25 04:03:32,,,36.963725490196076,,,,,,
2024-11-25 04:05:35,,,36.963725490196076,,,,,,
2024-11-25 04:15:47,,,,,,,37.18549019607843,,
2024-11-25 04:21:55,,,36.96372549019608,,,,,,
2024-11-25 04:23:57,,,36.9921568627451,,,,,,
2024-11-25 04:24:59,,,37.014901960784314,,,,,,
2024-11-25 04:27:01,,,37.02122004357298,,,,,,
2024-11-25 04:28:02,,,37.0006862745098,,,,,,
2024-11-25 04:29:04,,,37.02708683473389,,,,,,
2024-11-25 04:30:05,,,37.058767507002806,,,,,,
2024-11-25 04:31:06,,,37.05348739495798,,,,,,
2024-11-25 04:32:07,,,37.032366946778716,,,,,,
2024-11-25 04:33:08,,,37.02180672268907,,,,,,
2024-11-25 04:34:10,,,36.99931735657226,,,,,,
2024-11-25 04:35:11,,,36.97509803921569,,,,,,
2024-11-25 04:36:12,,,36.96941176470588,,,,,,
2024-11-25 04:37:13,,,36.96668235294118,,,,,,
2024-11-25 04:38:15,,,36.93908496732026,,,,,,
2024-11-25 04:39:16,,,36.96668235294118,,,,,,
2024-11-25 04:40:17,,,36.93908496732026,,,,,,
2024-11-25 04:41:18,,,36.963725490196076,,,,,,
2024-11-25 04:42:20,,,36.95408354646206,,,,,,
2024-11-25 04:43:21,,,36.97979539641944,,,,,,
2024-11-25 04:44:22,,,36.96693947144075,,,,,,
2024-11-25 04:45:23,,,36.9733674339301,,,,,,
2024-11-25 04:46:24,,,37.005507246376816,,,,,,
2024-11-25 04:47:26,,,37.03121909633419,,,,,,
2024-11-25 04:48:27,,,37.05050298380222,,,,,,
2024-11-25 04:52:31,37.92470588235294,,,,,,,,
2024-11-25 04:54:34,,,,35.55921568627451,,,,34.9678431372549,
2024-11-25 04:57:38,,,,,,,,35.26352941176471,
2024-11-25 04:58:39,,,,,,,,35.26352941176471,
2024-11-25 05:03:45,,,,,,,36.741960784313726,,
2024-11-25 05:04:47,,,37.192530345471525,,,,36.59411764705882,,35.70705882352941
2024-11-25 05:07:50,,36.15058823529412,,,,,37.629019607843134,,
2024-11-25 05:10:54,,,37.216615067079466,,,,,,
2024-11-25 05:24:10,,,,,,,37.48117647058824,,
2024-11-25 05:27:14,,,37.26376009227221,,,,,,
2024-11-25 05:31:19,,,37.30561274509804,,,,,,
2024-11-25 05:32:20,,,37.29637254901961,,,,,,
2024-11-25 05:34:22,,,37.28713235294117,,,,,,
2024-11-25 05:36:25,,,37.305612745098045,,,,,,
2024-11-25 05:37:26,,,37.34318954248366,,,,,,
2024-11-25 05:39:29,,,,,,,,,
2024-11-25 05:40:30,,,37.305612745098045,,,,,,
2024-11-25 05:47:38,,,37.24636678200692,,,,,,
2024-11-25 05:48:40,,,37.24636678200692,,,,,,
2024-11-25 05:50:42,,,,,,,,,
2024-11-25 06:06:01,,,,,,,,,
2024-11-25 06:07:02,,,,,,,,35.93703703703704,
2024-11-25 06:08:03,,,,,,,,35.85490196078432,
2024-11-25 06:09:04,,,,,,,,35.841461675579325,
2024-11-25 06:10:06,,,,,,,,35.82802139037433,
2024-11-25 06:11:07,,36.741960784313726,,,,,,,
2024-11-25 06:12:08,,,37.25372549019608,,,,,,36.076666666666675
2024-11-25 06:13:10,,,37.25941176470588,36.44627450980393,,,,,36.027385620915034
2024-11-25 06:14:11,,,37.225811051693405,,,,,35.80941176470588,
2024-11-25 06:15:12,,,,36.50541176470588,36.15058823529412,,,,36.05202614379085
2024-11-25 06:16:13,,,37.21834422657952,,37.27419607843137,,,,
2024-11-25 06:17:15,,,37.11156862745098,,37.50581699346405,,,35.81266106442577,
2024-11-25 06:20:19,,,37.10100840336134,,,,,35.833781512605036,
2024-11-25 06:21:20,,,,,,,,,36.05202614379085
2024-11-25 06:23:23,,,,,,,,,36.00274509803922
2024-11-25 06:25:25,,,,,,,,,35.91403921568628
2024-11-25 06:29:29,,,,,,,,35.809411764705885,
2024-11-25 06:30:31,37.60437908496733,,,36.50541176470588,36.919372549019606,,,35.89186274509804,
2024-11-25 06:31:32,,,,36.50541176470588,36.86292335115865,,,35.89522281639929,
2024-11-25 06:32:33,37.653660130718954,,,,,,,,
2024-11-25 06:33:35,37.62901960784314,,,,,,,,
2024-11-25 06:34:36,37.653660130718954,,,,,,,35.78770053475937,
2024-11-25 06:35:38,37.653660130718954,,,36.49555555555556,,,,35.74401960784314,
2024-11-25 06:36:39,,,,36.4216339869281,,,,,
2024-11-25 06:37:40,,,,,,,,35.67009803921569,
2024-11-25 06:38:41,37.653660130718954,,,,37.25941176470588,,,,
2024-11-25 06:39:43,,,,,37.30165266106443,,,,
2024-11-25 06:40:44,,,,,37.48117647058824,,,,
2024-11-25 06:41:45,,,,,37.422039215686276,,,,
2024-11-25 06:42:47,,,,,,,,35.6436974789916,
2024-11-25 06:43:48,,38.811764705882354,,,,,,,
2024-11-25 06:45:50,,,,,37.41649509803922,,,,
2024-11-25 06:46:52,,,,,37.305612745098045,,,,
2024-11-25 06:47:53,,,,,37.31362091503268,,,,
2024-11-25 06:48:54,,,,,,,,35.697818627450985,
2024-11-25 06:49:56,,36.741960784313726,,,,,,,
2024-11-25 06:50:57,,,36.44627450980393,36.15058823529412,37.21717086834734,,,35.67420479302833,
2024-11-25 06:51:58,,,,,37.31362091503268,,,35.68966551326413,
2024-11-25 06:52:59,,36.44627450980393,,36.29843137254902,37.13620915032679,,,,
2024-11-25 06:54:01,,,,36.15058823529412,,,,35.679338235294125,
2024-11-25 06:55:02,,,,,37.10664052287582,,,35.65777777777779,
2024-11-25 06:56:03,,,,,37.164369747899165,,,35.65777777777779,
2024-11-25 06:57:05,,36.741960784313726,,,37.2066106442577,,,35.65777777777779,
2024-11-25 06:58:06,,,,,37.24235294117647,,,35.63806535947713,
2024-11-25 06:59:07,,,37.48117647058824,,37.25941176470588,,,,
2024-11-25 07:00:08,,,,,,,,,
2024-11-25 07:01:10,,,,,,,,35.63313725490197,
2024-11-25 07:02:11,,,,,,,,35.68593837535014,
2024-11-25 07:03:12,,,,,,,,35.654257703081235,
2024-11-25 07:04:13,,,,,,,,35.654257703081235,
2024-11-25 07:05:14,,,,,,,,35.707058823529415,
2024-11-25 07:06:16,,,,,,,,35.707058823529415,
2024-11-25 07:11:22,,,,,37.40725490196078,,,,
2024-11-25 07:13:24,,,,,,,,,
2024-11-25 07:14:25,,,37.03764705882353,,,,,,
2024-11-25 07:15:26,37.86556862745098,,,,,,,,
2024-11-25 07:18:30,,,36.88980392156863,,,,,,
2024-11-25 07:19:31,37.89513725490196,,,,36.741960784313726,,,,
2024-11-25 07:21:34,37.95427450980392,,,,,,,,
2024-11-25 07:22:35,,,,,,,37.333333333333336,,
2024-11-25 07:23:36,,,36.81588235294118,,,,,,
2024-11-25 07:25:39,,,36.85284313725491,,,,,,
2024-11-25 07:26:40,,,36.83436274509804,,,,,,
2024-11-25 07:32:47,,,36.81588235294118,,,,,,
2024-11-25 07:33:49,,,36.90828431372549,,,,,,
2024-11-25 07:40:57,,30.828235294117647,,,,35.58878431372549,,,
2024-11-25 07:44:00,,,,,,,,,
2024-11-25 07:46:03,38.05612200435729,,36.79740196078431,,,,,,
2024-11-25 07:50:08,37.92470588235294,,,,,,,,
2024-11-25 07:55:15,,,,,,,37.48117647058823,,
2024-11-25 07:56:16,,,,,,35.55921568627451,,,
2024-11-25 07:57:17,,,,,,35.440941176470595,37.45653594771242,,
2024-11-25 07:58:18,,,,,,35.47050980392157,,,
2024-11-25 07:59:19,,,,,,,,,
2024-11-25 08:00:21,,,,,,35.52964705882353,,,
2024-11-25 08:03:25,,,,,,,37.16084967320262,,
2024-11-25 08:04:26,,,,,,,37.16084967320262,,
2024-11-25 08:06:28,37.86134453781512,,,,,,,,
2024-11-25 08:10:33,37.882464985994396,,,,,,,,
2024-11-25 08:11:35,37.90358543417367,,,,,,,,
2024-11-25 08:16:41,37.882464985994396,,,,,,,,
2024-11-25 08:17:43,,,,,,,37.1362091503268,,
2024-11-25 08:34:03,,,,,,,37.333333333333336,,
2024-11-25 08:36:06,,,,,,,,,32.15882352941176
2024-11-25 08:37:07,,,36.28787114845939,,,,,33.63725490196079,
2024-11-25 08:38:08,,,36.328,,,,,,
2024-11-25 08:39:09,,,36.4093137254902,,,,,,
2024-11-25 08:40:11,,,36.43757785467128,,,,,,
2024-11-25 08:41:12,,,36.45448801742919,,,,,,
2024-11-25 08:42:13,,,36.50852425180599,,,,35.26352941176471,,
2024-11-25 08:43:15,,,36.50074303405572,,,,,,
2024-11-25 08:44:16,,,36.5571568627451,,,,,,
2024-11-25 08:45:17,,,36.565957049486464,,,,,,
2024-11-25 08:46:19,,,36.60755793226382,,,,,,
2024-11-25 08:47:20,,,36.66482523444161,,,,,,
2024-11-25 08:48:21,,,36.6926797385621,,,,,,
2024-11-25 08:49:23,,,36.72421960784314,,,,,,
2024-11-25 08:50:24,,,36.75901960784314,,,,,,
2024-11-25 08:52:27,37.71999999999999,,,,,,,,
2024-11-25 08:53:28,,,36.82644257703082,,,,,,
2024-11-25 08:54:29,,,36.89508403361344,,,,,,
2024-11-25 08:55:31,37.739901960784316,,36.9426050420168,,,,,,
2024-11-25 08:56:32,,,37.03236694677871,36.59411764705882,,,,,
2024-11-25 08:57:33,37.77686274509804,,37.09044817927171,,,,,,
2024-11-25 08:58:34,37.76454248366013,,37.13796918767507,,,,,,
2024-11-25 08:59:36,37.75411764705882,,,36.59411764705882,,,,,
2024-11-25 09:00:37,37.75411764705882,,37.25941176470588,,,,,,
2024-11-25 09:01:38,37.73137254901961,,37.3227731092437,,,,,,
2024-11-25 09:02:40,37.75411764705882,,37.38613445378151,,,,,,
2024-11-25 09:03:41,37.742745098039215,,37.42837535014006,,,,,,
2024-11-25 09:04:42,37.73137254901961,,37.475896358543416,,,,,,
2024-11-25 09:05:44,37.75411764705882,,37.54453781512605,,,,,,
2024-11-25 09:06:45,37.75411764705882,,37.5603781512605,,,,,,
2024-11-25 09:07:46,,,37.592058823529406,,,,,,
2024-11-25 09:08:47,,,37.592058823529406,,,,,,
2024-11-25 09:09:49,,,37.61317927170869,,,,,,
2024-11-25 09:10:50,,,37.629019607843134,,,,,,
2024-11-25 09:11:51,,,37.629019607843134,,,,,,
2024-11-25 09:12:52,,,37.661873638344225,,,,,,
2024-11-25 09:13:53,,,37.67282498184459,,,,,,
2024-11-25 09:14:55,37.85899782135076,,37.689251997095134,,,,,,
2024-11-25 09:15:56,,,37.68182072829132,,,,37.66598039215686,,
2024-11-25 09:16:57,,,37.697661064425766,,,,37.674509803921566,,
2024-11-25 09:17:59,,,37.687100840336136,,,,37.63957983193278,,
2024-11-25 09:19:00,,,37.70294117647059,,,,37.65014005602241,,
2024-11-25 09:20:01,,,37.69766106442578,,,,37.62901960784314,,
2024-11-25 09:21:02,,,37.6765406162465,,,,37.65674019607843,,
2024-11-25 09:22:04,,,37.68710084033614,,,,37.63771626297578,,
2024-11-25 09:23:05,,,37.66070028011205,,,,,,
2024-11-25 09:24:06,,,,,,,37.62901960784314,,
2024-11-25 09:25:08,,,37.618459383753496,,,,37.6068431372549,,
2024-11-25 09:26:09,,,37.607899159663866,,,,37.600859010270774,,
2024-11-25 09:27:10,,,37.5867787114846,,,,37.59541889483066,,
2024-11-25 09:28:11,37.77686274509804,,,,,,,,
2024-11-25 09:29:13,,,37.55509803921569,,,,37.58589869281045,,
2024-11-25 09:30:14,,,37.5286974789916,,,,,,
2024-11-25 09:31:15,,,37.51950617283951,,,,37.5778431372549,,
2024-11-25 09:32:17,,,37.503921568627455,,,,37.56078431372549,,
2024-11-25 09:37:23,,,37.49891764705883,,,,37.5607843137255,,
2024-11-25 09:38:24,,,37.48117647058823,,,,,,
2024-11-25 09:42:29,,,37.46934901960785,,,,37.54372549019608,,
2024-11-25 09:43:31,,,37.46343529411765,,,,37.53235294117647,,
2024-11-25 09:44:32,,,37.46343529411765,,,,37.54941176470588,,
2024-11-25 09:45:33,,,,,,,37.54941176470588,,
2024-11-25 09:46:34,,,37.46269607843137,,,,37.55236020334059,,
2024-11-25 09:47:36,,,37.468856209150324,,,,37.56331154684096,,
2024-11-25 09:48:37,,,37.46269607843137,,,,37.555098039215686,,
2024-11-25 09:49:38,,,37.46269607843137,,,,37.552141176470585,,
2024-11-25 09:50:40,,,37.450375816993464,,,,37.54893790849673,,
2024-11-25 09:51:41,,,37.445694117647065,,,,37.54893790849673,,
2024-11-25 09:52:42,,,37.44569411764706,,,,37.55188405797101,,
2024-11-25 09:53:43,,,,,,,37.53902813299233,,
2024-11-25 09:55:46,,,,,,,37.53902813299233,,
2024-11-25 09:56:47,,,,,,,37.52617220801364,,
2024-11-25 09:57:49,,,37.450375816993464,39.10745098039216,,,37.52149732620322,,
2024-11-25 09:58:50,,,37.46269607843138,38.811764705882354,,,37.53260017050299,,
2024-11-25 09:59:51,,,37.468856209150324,38.811764705882354,,,37.52821746880571,,
2024-11-25 10:00:53,,,37.48733660130719,,,,37.53045751633987,,
2024-11-25 10:01:54,,,37.50581699346406,,,,37.5403137254902,,
2024-11-25 10:02:55,,,,,,,37.53564499484005,,
2024-11-25 10:03:56,,,,,,,37.546884531590415,,
2024-11-25 10:07:00,,,37.56741830065359,,,,,,
2024-11-25 10:09:02,,,37.60437908496732,,,,,,
2024-11-25 10:11:05,,,37.653660130718954,,,,,,
2024-11-25 10:12:06,,,37.66598039215686,,,,,,
2024-11-25 10:13:07,,,37.69062091503268,,,,,,
2024-11-25 10:14:09,,,37.715261437908495,,,,,,
2024-11-25 10:15:10,,,,,,,37.602139037433155,,
2024-11-25 10:16:11,,,37.72,,,,,,
2024-11-25 10:17:12,,,37.722106027596226,,,,,,
2024-11-25 10:18:13,,,37.73853304284677,,,,37.71772549019608,,
2024-11-25 10:19:15,,,37.74948438634713,,,,,,
2024-11-25 10:22:19,,,37.74843137254902,,,,,,
2024-11-25 10:23:20,,,37.753207843137254,,,,,,
2024-11-25 10:24:21,,,37.75912156862745,,,,,,
2024-11-25 10:28:26,,,37.748431372549014,,,,,,
2024-11-25 10:29:27,,,37.74948438634713,,,,,,
2024-11-25 10:30:29,,,37.744008714596944,,,,,,
2024-11-25 10:31:30,,,,,,,,,
2024-11-25 10:32:31,,,37.77138707334786,,,,,,
2024-11-25 10:33:33,,,37.78233841684822,,,,,,
2024-11-25 10:34:34,,,37.7878140885984,,,,,,
2024-11-25 10:35:35,,,37.804241103848945,,,,,,
2024-11-25 10:36:37,,,37.80854341736694,,,,,,
2024-11-25 10:37:38,,,37.803263305322126,,,,37.94934640522876,,
2024-11-25 10:38:39,,,37.81382352941176,,,,,,
2024-11-25 10:39:40,,,37.81382352941176,,,,38.042980392156856,,
2024-11-25 10:42:45,,,,,,,38.01341176470588,,
2024-11-25 10:43:46,,,,,,,37.98384313725491,,
2024-11-25 10:45:48,,,37.79876543209876,,,,,,
2024-11-25 10:48:52,,,37.78233841684822,,,,37.875424836601304,,
2024-11-25 10:49:53,38.0232679738562,,37.75496005809731,,,,,,
2024-11-25 10:50:55,,,37.75411764705883,,,,,,
2024-11-25 10:51:56,37.88774509803922,,37.70862745098039,,,,,,
2024-11-25 10:52:57,,,37.66882352941176,,,,,,
2024-11-25 10:53:58,,,37.64676078431373,,,,,,
2024-11-25 10:54:59,,,37.62310588235294,,,,,,
2024-11-25 10:57:02,,,37.664501960784314,,,,,,
2024-11-25 10:59:05,,,37.65982026143791,,,,,,
2024-11-25 11:00:06,37.87094474153297,,37.64830349531117,,,,,,
2024-11-25 11:01:07,37.87094474153297,,37.61616368286445,,,,,,
2024-11-25 11:02:09,,,37.61616368286445,,,,,,
2024-11-25 11:03:10,,,37.596879795396426,,,,,,
2024-11-25 11:28:44,37.911265597147946,,37.59821895424837,,,,,,
2024-11-25 11:29:45,37.89782531194295,,,,,,,,
2024-11-25 11:31:47,,,37.587623529411765,,,,37.629019607843134,,
2024-11-25 11:32:49,37.911265597147946,,37.587623529411765,,,,,,
2024-11-25 11:33:50,37.909921568627446,,,,,,,,
2024-11-25 11:35:52,,,37.587623529411765,,,,,,
2024-11-25 11:37:55,37.85899782135076,,37.575796078431374,,,,,,
2024-11-25 11:39:57,37.85899782135076,,,,,,,,
2024-11-25 11:40:59,37.86556862745098,,37.55805490196079,,,,,,
2024-11-25 11:43:01,,,,,,,37.882464985994396,,
2024-11-25 11:45:04,,37.48117647058824,,,,,,,
2024-11-25 11:52:12,,,,,,,37.81628758169935,,
2024-11-25 11:53:14,,,37.49300392156863,,,,,,
2024-11-25 11:54:15,,,37.468856209150324,,,,37.7953431372549,,
2024-11-25 11:55:16,,,37.43805555555556,,,,37.712181372549026,,
2024-11-25 11:56:18,,,37.43805555555556,,,,37.78610294117647,,
2024-11-25 11:57:19,,,37.44421568627451,,,,37.77686274509804,,
2024-11-25 11:58:20,,,37.445694117647065,,,,37.77686274509804,,
2024-11-25 11:59:21,,,37.450375816993464,,,,37.77686274509804,,
2024-11-25 12:00:23,,,37.46832054560955,,,,37.889919261822385,,
2024-11-25 12:01:24,,,37.46189258312021,,,,37.900065359477125,,
2024-11-25 12:02:25,,,37.487896613190735,,,,37.95583075335397,,
2024-11-25 12:03:26,,,37.5093370681606,,,,37.946882352941174,,
2024-11-25 12:06:30,38.07254901960785,,37.51637721755369,,,,38.02080392156863,,
2024-11-25 12:11:37,37.629019607843134,,37.52552941176471,,,,,,
2024-11-25 12:13:39,37.77686274509804,,37.434489164086685,,,,38.128870214752574,,
2024-11-25 12:14:40,,37.92470588235294,37.434489164086685,,,,,,
2024-11-25 12:15:42,,,37.434489164086685,,,,38.14647058823529,,
2024-11-25 14:05:58,,,,,,,,,36.88980392156863
2024-11-25 14:10:03,,,37.40725490196078,,,,,,
2024-11-25 14:12:06,,,37.3744008714597,,,,,,
2024-11-25 14:15:10,,,37.34976034858388,,,,,,
2024-11-25 14:16:11,37.92470588235294,,37.325119825708065,,,,,,
2024-11-25 14:31:30,,,,,,,38.21115196078432,,
2024-11-25 14:33:33,,,,,,,38.10211764705882,,
2024-11-25 14:34:34,,,,,,,38.135910364145666,,
2024-11-25 14:36:36,,,,,,,38.18627450980392,,
2024-11-25 14:37:38,,,,,,,38.208071895424844,,
2024-11-25 14:41:43,,,,,,,38.15319073083779,,
2024-11-25 14:42:44,,,,,,,38.04298039215687,,
2024-11-25 14:43:45,,,,,,,38.27952941176471,,
2024-11-25 14:48:51,,,,,,38.959607843137256,,,
2024-11-25 14:52:56,,36.741960784313726,,,,,,,
2024-11-25 14:53:57,,,,,,,38.33127450980392,,
2024-11-25 15:06:12,,,37.02208462332302,,,,,,
2024-11-25 15:11:18,,,36.99874097007224,,,,,,
2024-11-25 15:13:21,,,36.99874097007224,,,,,,
2024-11-25 15:14:22,,,36.983178534571735,,,,,,
2024-11-25 15:15:23,,,36.983178534571735,,,,,,
2024-11-25 15:16:25,,,36.97850980392157,,,,,,
2024-11-25 15:17:26,,,37.00244631185808,,,,,,
2024-11-25 15:18:27,,,37.004046345811055,,,,,,
2024-11-25 15:20:30,,,36.99907928388747,,,,,,
2024-11-25 15:21:31,,,37.01916666666667,,,,,,
2024-11-25 15:22:32,,,37.00807843137255,,,,,,
2024-11-25 15:24:34,37.629019607843134,,37.0035294117647,,,,,,
2024-11-25 15:25:36,37.77686274509804,,37.00479302832244,,,,,,
2024-11-25 15:26:37,,,37.01652661064425,,,,,,
2024-11-25 15:27:38,37.92470588235294,,37.001960784313724,,,,,,
2024-11-25 15:28:39,37.629019607843134,,37.017934640522874,,,,,,
2024-11-25 15:29:40,,,37.04750326797386,,,,,,
2024-11-25 15:30:41,,,37.04750326797386,,,,,,
2024-11-25 15:31:43,,,37.05735947712419,,,,,,
2024-11-25 15:32:44,,,37.06721568627451,,,,,,
2024-11-25 15:33:46,,,37.09185620915033,,,,,,
2024-11-25 15:34:47,,,37.09678431372549,,,,37.77686274509804,,
2024-11-25 15:35:48,,,37.121424836601314,,,,,,
2024-11-25 15:36:49,,,37.1362091503268,,,,37.92470588235294,,
2024-11-25 15:37:51,,,37.14606535947713,,,,,,
2024-11-25 15:38:52,,,37.170705882352955,,,,,,
2024-11-25 15:39:53,,,37.17563398692811,,,,,,
2024-11-25 15:41:56,,,37.17563398692811,,,,,,
2024-11-25 15:42:57,,,37.18549019607844,,,,,,
2024-11-25 15:43:58,,,37.19534640522876,,,,,,
2024-11-25 15:44:59,37.448322440087146,,37.19041830065359,,,,,,
2024-11-25 15:46:01,37.415468409586055,,,,,,,,
2024-11-25 15:47:02,37.431895424836604,,37.20027450980392,,,,,,
2024-11-25 15:48:03,37.43682352941177,,,,,,,,
2024-11-25 15:49:04,,,37.18549019607843,,,,,,
2024-11-25 15:50:05,37.45160784313725,,37.18021008403362,,,,,,
2024-11-25 15:51:07,,,37.18549019607843,,,,,,
2024-11-25 15:52:08,37.46639215686274,,37.185490196078426,,,,,,
2024-11-25 15:53:09,,,37.197317647058824,,,,,,
2024-11-25 15:54:10,37.46639215686274,,37.19781045751635,,,,,,
2024-11-25 15:55:11,,,37.198346121057114,,,,,,
2024-11-25 15:56:13,,,37.21237076648842,,,,,,
2024-11-25 15:57:14,,,37.22069094304389,,,,,,
2024-11-25 16:00:17,,,37.17845004668535,,,,38.07254901960785,,
2024-11-25 16:01:18,37.49349673202614,,37.20661064425771,,,,37.77686274509804,,
2024-11-25 16:02:20,37.48117647058823,,37.04468720821664,,,,37.92470588235294,,
2024-11-25 16:03:21,37.49461675579323,,37.03764705882354,,,,37.36290196078432,,
2024-11-25 16:04:22,,,36.99329411764707,,,,,,
2024-11-25 16:06:25,37.49596078431373,,36.95633333333334,,,,,,
2024-11-25 16:07:26,,,,,,,,37.629019607843134,
2024-11-25 16:09:28,,,,,36.29843137254902,,,,
2024-11-25 16:12:32,,,,,37.03764705882353,,,,
2024-11-25 16:13:33,,,,,,33.78509803921568,,,
2024-11-25 16:14:35,,,,,,33.19372549019608,,,
2024-11-25 16:21:43,,,,,,34.82,,,
2024-11-25 16:24:47,37.602139037433155,,,,,,,,
2024-11-25 16:29:53,37.64133986928105,,,,,,,,
2024-11-25 16:30:55,,,,,,,37.48117647058824,,
2024-11-25 16:33:58,,,36.79124183006536,,,,,,
2024-11-25 16:40:06,,,36.68282352941176,,,,,,
2024-11-25 16:41:07,,,,,,,,,
2024-11-25 16:45:12,,,,,,,37.24462745098039,,
2024-11-25 16:55:25,37.72310160427807,,36.70253594771241,,,,,,
2024-11-25 16:56:26,,,36.7321045751634,,,,37.155921568627456,,
2024-11-25 16:57:27,,,36.70253594771243,,,33.93294117647059,,,
2024-11-25 16:58:28,37.64133986928105,,,,,,,,
2024-11-25 16:59:30,37.606274509803924,,,,,,,,
2024-11-25 17:00:31,37.59733893557423,,,,,,,,
2024-11-25 17:01:32,37.57973856209151,36.29843137254902,,,,,,,
2024-11-25 17:02:34,37.545857843137256,,,,,,,,
2024-11-25 17:04:36,,,36.840522875816994,,,,,,
2024-11-25 17:05:37,37.47247981545559,,36.84276292335115,,,,,,
2024-11-25 17:09:43,37.45508650519031,,36.8576641091219,,,,37.15380952380953,,
2024-11-25 17:10:44,37.42368191721133,,36.86516339869281,,,,37.217170868347345,,
2024-11-25 17:11:46,,,36.908284313725495,,,,,,
2024-11-25 17:14:49,,,36.87748366013072,,36.741960784313726,,,,
2024-11-25 17:15:50,,,37.03148692810458,,,,,,
2024-11-25 17:18:54,,37.03764705882353,37.04356078431373,,,37.18549019607843,37.376816608996535,,
2024-11-25 17:41:21,,,37.06130196078432,,,,,,
2024-11-25 17:46:27,37.426707946336435,,37.10861176470589,,,,37.431895424836604,,
2024-11-25 17:47:29,37.44227038183695,,37.11452549019609,,,,37.44227038183695,,
2024-11-25 17:48:30,37.415468409586055,,37.1343137254902,,,,37.44421568627452,,
2024-11-25 17:49:31,37.349760348583885,,37.1088307915759,,,,37.45160784313726,,
2024-11-25 17:50:32,37.34154684095861,,37.10628851540617,,,,37.44421568627452,,
2024-11-25 17:51:34,37.333333333333336,,37.11921568627451,,,,37.431895424836604,,
2024-11-25 17:52:35,37.324093137254906,,37.14606535947713,,,,37.44757575757577,,
2024-11-25 17:53:37,37.333333333333336,,37.16084967320261,,,,37.44903665814153,,
2024-11-25 17:54:38,37.29854671280277,,37.17070588235294,,,,37.43805555555556,,
2024-11-25 17:55:39,37.28985005767013,,37.19534640522876,,,,37.42573529411765,,
2024-11-25 17:56:40,37.24636678200692,,37.200274509803926,,,,37.40109477124184,,
2024-11-25 17:57:41,,,37.229843137254896,,,,37.398384313725494,,
2024-11-25 17:58:43,,,37.239699346405224,,,,37.401568627450985,,
2024-11-25 17:59:44,37.26680392156863,,37.24955555555557,,,,,,
2024-11-25 18:00:46,,,37.269267973856216,,,,37.42641975308642,,
2024-11-25 18:01:47,,,37.264339869281045,,,,37.42641975308642,,
2024-11-25 18:02:48,,,37.27419607843137,,,,37.42641975308642,,
2024-11-25 18:03:49,,,37.27419607843138,,,,37.43737109658679,,
2024-11-25 18:04:51,,,,,,,,,
2024-11-25 18:15:03,37.31317290552585,,37.297647058823536,,,,,,
2024-11-25 18:16:04,,,37.29637254901961,,,,37.43978039215686,,
2024-11-25 18:17:05,,,37.289527959331885,,,,37.431895424836604,,
2024-11-25 18:18:07,37.34005347593584,,37.316274509803925,,,,37.442608695652176,,
2024-11-25 18:19:08,37.36693404634582,,37.32741960784314,,,,37.46101604278075,,
2024-11-25 18:20:09,37.373654188948315,,37.32717320261438,,,,37.46005602240896,,
2024-11-25 18:21:11,37.39669467787115,,37.35797385620915,,,,37.47378431372549,,
2024-11-25 18:22:12,37.40373482726425,,37.35797385620915,,,,37.43682352941177,,
2024-11-25 18:23:13,37.393814616755805,,37.3641339869281,,,,37.3924705882353,,
2024-11-25 18:24:14,37.39761295822678,,37.370294117647056,,,,37.35550980392157,,
2024-11-25 18:25:16,37.384757033248086,,37.35797385620915,,,,37.288980392156866,,
2024-11-25 18:26:17,37.40109477124184,,37.37029411764706,,,,,,
2024-11-25 18:27:18,37.398384313725494,,37.370294117647056,,,,37.2298431372549,,
2024-11-25 18:28:20,37.401568627450985,,37.37645424836602,,,,37.18549019607843,,
2024-11-25 18:29:21,37.404517066085695,,,,,,,,
2024-11-25 18:30:22,37.44284676833696,,37.41957516339869,,,,37.157329598506074,,
2024-11-25 18:31:23,37.431895424836604,,,,,,,,
2024-11-25 18:32:25,37.41781512605043,,,,,,,,
2024-11-25 18:33:26,37.42309523809524,,,,,,,,
2024-11-25 18:34:27,37.415468409586055,,,,,,,,
2024-11-25 18:36:30,37.418627450980395,,,,,,,,
2024-11-25 18:37:31,,,37.313172905525846,,,,,,
2024-11-25 18:38:32,37.410211764705885,,37.30645276292335,,,,37.06721568627451,,
2024-11-25 18:39:33,37.398384313725494,,37.27957219251337,,,,37.03764705882354,,
2024-11-25 18:40:35,37.39493464052288,,37.27957219251336,,,,37.00352941176471,,
2024-11-25 18:41:36,37.39761295822677,,37.259411764705874,,,,36.97604575163399,,
2024-11-25 18:42:37,37.373654188948315,,37.24181139122315,,,,36.889803921568635,,
2024-11-25 18:43:38,37.38261437908498,,37.237235294117646,,,,36.90324420677362,,
2024-11-25 18:44:40,37.37768627450981,,37.23217750257997,,,,36.84545098039216,,
2024-11-25 18:45:41,37.37223942208462,,37.20191721132898,,,,36.77481481481482,,
2024-11-25 18:46:42,37.36618736383442,,37.22655773420479,,,,36.758387799564275,,
2024-11-25 18:47:43,37.37681660899654,,,,,,,,
2024-11-25 18:48:45,37.37953431372549,,,,,,,,
2024-11-25 18:49:46,,,37.25119825708061,,,,,,
2024-11-25 18:50:47,,,37.25941176470588,,,,,,
2024-11-25 18:51:48,,,37.24298474945534,,,,,,
2024-11-25 18:52:49,,,37.25941176470588,,,,,,
2024-11-25 18:53:51,,,37.22897347174164,,,,,,
2024-11-25 18:54:52,37.35797385620915,,37.21321078431372,,,,,,
2024-11-25 19:12:12,,,37.17563398692811,,,,,,
2024-11-25 19:16:17,,,37.18549019607843,,,,,,
2024-11-25 19:17:18,,37.1362091503268,,,,37.57973856209151,,,
2024-11-25 19:18:20,,37.10335511982571,,,,37.56331154684095,,,
2024-11-25 19:19:21,,37.08692810457516,,,,37.57973856209151,,,
2024-11-25 19:20:22,,37.10335511982571,,,,37.54688453159041,,,
2024-11-25 19:21:23,,36.90458823529411,,,,37.56331154684095,,,
2024-11-25 19:22:24,,36.91937254901961,,,,37.54688453159041,,,
2024-11-25 19:23:25,,36.86023529411765,,,,37.530457516339865,,,
2024-11-25 19:24:26,,36.88980392156863,,,,37.56331154684095,,,
2024-11-25 19:25:28,,36.88980392156863,,,,37.229843137254896,,,
2024-11-25 19:26:29,,36.88980392156863,,,,37.21505882352941,,,
2024-11-25 19:27:30,37.35797385620915,,,,,,,,
2024-11-25 20:08:21,,,,,,,36.298431372549025,,
2024-11-25 20:10:23,,,,,,,36.19986928104575,,
2024-11-25 20:11:24,,,,,,,36.05202614379085,,
2024-11-25 20:48:09,37.18549019607843,,,,,,,,
2024-11-25 20:55:19,37.629019607843134,,,,,,,,
2024-11-25 21:37:09,,,,,,,36.027385620915034,,
2024-11-25 22:23:04,,,36.66803921568627,,,,,,
2024-11-25 22:41:27,,,,36.15058823529412,,,,,
2024-11-25 22:45:32,,,36.71732026143791,,,,,,
2024-11-25 22:47:34,37.62901960784314,,,,,,,,
2024-11-25 22:49:37,,,,,,,36.256190476190476,,
2024-11-25 22:56:46,,36.26886274509804,,,,,,,
2024-11-25 23:01:52,,,,,,34.37647058823529,,,
2024-11-25 23:11:03,,,,,,,,,
2024-11-25 23:14:07,37.79798319327731,,,,,,,,
2024-11-25 23:50:52,,,,,,,36.1717086834734,,
2024-11-25 23:56:59,,36.15058823529412,,,,,,,
2024-11-26 00:01:04,,,,,35.85490196078432,,,,
2024-11-26 00:02:05,,,36.935294117647054,,,,,,
2024-11-26 00:05:09,,,36.92392156862745,,,,,,
2024-11-26 00:06:11,,,,,35.55921568627451,,,,
2024-11-26 00:12:18,,,36.93204481792717,,,,,,
2024-11-26 00:14:20,38.22039215686274,,,,,,,,
2024-11-26 00:18:25,38.22039215686274,,,,,,,,
2024-11-26 00:23:31,,,36.92392156862745,,,,36.29843137254902,,
2024-11-26 00:37:49,38.07254901960785,,,,,,,,
2024-11-26 00:39:51,,,36.85568627450981,,,,,,
2024-11-26 00:43:56,,,,,,34.6721568627451,,,
2024-11-26 00:51:05,,,36.844313725490196,,,,,,
2024-11-26 00:52:07,,,36.844313725490196,,,,,,
2024-11-26 00:53:08,,,36.844313725490196,,,,,,
2024-11-26 00:54:09,,,36.91444444444445,,,,,,
2024-11-26 00:55:10,,,36.926764705882356,,,,,,
2024-11-26 00:56:11,,,36.95140522875817,,,,,,
2024-11-26 00:57:13,,,,,,,37.03764705882353,,
2024-11-26 01:08:26,,,37.03764705882353,,,,,,
2024-11-26 01:25:46,,,,,,33.78509803921568,,,
2024-11-26 02:05:34,,37.48117647058824,37.11978213507626,,,,,36.59411764705882,
2024-11-26 02:06:36,,,,,,,,36.59411764705882,
2024-11-26 02:07:37,,,,,,,,36.741960784313726,
2024-11-26 02:08:38,,,,,,,,37.48117647058824,
2024-11-26 02:11:42,,,,,,,,,
2024-11-26 03:13:59,37.67522058823529,,,,,,,,
2024-11-26 03:15:00,37.681199538638985,,,,,,,,
2024-11-26 03:16:02,37.678300653594775,,,,,,37.333333333333336,,
2024-11-26 03:17:03,37.6912693498452,,,,,,,,
2024-11-26 03:18:04,37.68076470588235,,,,,,,,
2024-11-26 03:19:05,37.678300653594775,,,,,,,,
2024-11-26 03:20:06,37.68534080298786,,,,,,,,
2024-11-26 03:21:08,37.67606060606061,,,,,,,,
2024-11-26 03:22:09,37.667587382779196,,,,,,,,
2024-11-26 03:25:13,37.66598039215686,,,,,,,,
2024-11-26 03:26:14,37.64676078431373,,,,,,,,
2024-11-26 03:27:15,37.64607843137255,,,,,,,,
2024-11-26 03:28:16,37.634495279593324,,,,,,,,
2024-11-26 03:29:18,37.63957983193278,,,,,,,,
2024-11-26 03:31:20,37.623921568627445,,,,,,,,
2024-11-26 03:32:21,37.593333333333334,,37.06039215686275,,,,,,
2024-11-26 03:33:23,37.57093837535014,,37.069327731092436,,,,,,
2024-11-26 03:34:24,37.560378151260515,,37.069327731092436,,,,,,
2024-11-26 03:35:25,37.54453781512605,,37.04750326797386,,,,,,
2024-11-26 03:36:26,37.53397759103642,,37.03764705882353,,,,,,
2024-11-26 03:37:28,37.5286974789916,,37.03764705882353,,,,,,
2024-11-26 03:38:29,,,37.04634371395617,,,,,,
2024-11-26 03:39:30,37.512857142857136,,,,,,,,
2024-11-26 03:40:31,37.50757703081233,,,,,,,,
2024-11-26 03:41:32,37.50757703081233,,37.06099071207431,,,,,,
2024-11-26 03:42:33,37.50855482933915,,37.059823529411766,,,,,,
2024-11-26 03:43:35,37.503921568627455,,37.07988795518208,,,,,,
2024-11-26 03:44:36,37.49823529411765,,37.07284780578899,,,,,,
2024-11-26 03:45:37,37.498235294117656,,37.065807656395904,,,,,,
2024-11-26 03:46:38,37.51074509803922,,37.08468805704101,,,,,,
2024-11-26 03:47:39,37.51665882352941,,37.0914081996435,,,,,,
2024-11-26 03:48:41,,,37.091408199643496,,,,,,
2024-11-26 03:49:42,37.4996568627451,,,,,,,,
2024-11-26 03:50:43,37.50581699346405,,37.122128851540616,,,,,,
2024-11-26 03:51:44,37.50581699346406,,37.12212885154062,,,,,,
2024-11-26 03:52:45,37.49349673202614,,,,,,,,
2024-11-26 03:53:46,37.4996568627451,,37.12916900093371,,,,,,
2024-11-26 03:54:47,37.48709019607843,,,,,,,,
2024-11-26 03:55:49,37.48733660130719,,37.13844919786098,,,,,,
2024-11-26 03:56:50,37.48117647058823,,37.13844919786098,,,,,,
2024-11-26 03:57:51,,,37.15028944911299,,,,,,
2024-11-26 03:58:53,,,37.14113725490196,,,,,,
2024-11-26 03:59:54,37.48117647058823,,,,,,,,
2024-11-26 04:00:55,37.47501633986928,,,,,,,,
2024-11-26 04:01:56,,,37.1690631808279,,,,,,
2024-11-26 04:02:57,37.47501633986928,,,,,,,,
2024-11-26 04:03:59,,,37.202883506343724,,,,,,
2024-11-26 04:05:00,37.49300392156863,,,,,,,,
2024-11-26 04:06:01,37.487090196078434,,37.2039705882353,,,,,,
2024-11-26 04:07:02,37.49300392156863,,37.22245098039216,,,,,,
2024-11-26 04:08:03,37.498917647058825,,37.23169117647059,,,,,,
2024-11-26 04:09:05,37.498917647058825,,37.23169117647059,,,,,,
2024-11-26 04:10:06,37.51665882352941,,37.25448366013072,,,,,,
2024-11-26 04:11:07,,,37.244627450980396,,,,,,
2024-11-26 04:12:09,37.51074509803922,,,,,,,,
2024-11-26 04:13:10,37.51074509803922,,,,,,,,
2024-11-26 04:14:11,37.51529411764706,,,,,,,,
2024-11-26 04:15:12,37.52498184458969,,,,,,,,
2024-11-26 04:16:14,37.519506172839506,,37.25941176470588,,,,,,
2024-11-26 04:17:15,37.50855482933915,,,,,,,,
2024-11-26 04:18:16,37.51285714285715,,37.25269162210339,,,,,,
2024-11-26 04:19:17,37.50757703081233,,,,,,,,
2024-11-26 04:20:18,37.501568627450986,,,,,,,,
2024-11-26 04:21:20,37.506666666666675,,,,,,,,
2024-11-26 04:22:21,37.50156862745098,,37.26762527233116,,,,,,
2024-11-26 04:23:22,37.49647058823529,,37.27789215686275,,,,,,
2024-11-26 04:24:23,37.49137254901961,37.18549019607843,,,,,,,
2024-11-26 04:25:24,37.48627450980393,,,,,,35.41137254901961,,
2024-11-26 04:26:26,37.48627450980393,,,,,,,,
2024-11-26 04:27:27,37.48117647058824,37.18549019607843,37.18549019607843,,,,35.26352941176471,,
2024-11-26 04:28:28,37.4713202614379,,,,,,,,
2024-11-26 04:29:30,37.4713202614379,37.333333333333336,,,,,,,
2024-11-26 04:30:31,,37.629019607843134,,,,,37.48117647058824,,
2024-11-26 04:31:32,37.486104575163395,,,,,,,,
2024-11-26 04:32:34,37.491032679738574,,,,,,,,
2024-11-26 04:33:35,37.49596078431372,,,,,,,,
2024-11-26 04:34:36,37.4861045751634,,,,,,,,
2024-11-26 04:35:37,37.491372549019616,,,,,,,,
2024-11-26 04:36:39,37.48117647058824,,,,,,,,
2024-11-26 04:37:40,37.491372549019616,,,,,,,,
2024-11-26 04:38:41,37.4913725490196,,,,,,,,
2024-11-26 04:39:43,37.49137254901961,,,,,,,,
2024-11-26 04:40:44,37.48627450980393,,,,,,,,
2024-11-26 04:41:45,,,,,,,,,
2024-11-26 04:42:46,37.491736694677876,,,,,,,,
2024-11-26 04:43:48,37.49701680672269,,,,,,,,
2024-11-26 04:44:49,37.49701680672269,,,,,,,,
2024-11-26 04:45:50,37.49701680672269,,,,,,,,
2024-11-26 04:46:51,37.48117647058824,,,,,,,,
2024-11-26 04:47:52,37.48665214233842,,,,,,,,
2024-11-26 04:48:54,37.4921278140886,,,,,,,,
2024-11-26 04:49:55,,,,,,,,,
2024-11-26 04:50:56,,,37.30376470588236,,,,,,
2024-11-26 04:51:58,37.51403050108932,,37.27419607843137,,,,,,
2024-11-26 04:52:59,37.519506172839506,,,,,,35.41137254901961,,
2024-11-26 04:54:00,37.52498184458969,,,,,,36.00274509803921,,
2024-11-26 04:55:01,37.53235294117647,,,,,,,,
2024-11-26 04:56:03,37.54031372549019,,,,,,,,
2024-11-26 04:57:04,,,37.25119825708061,,,,,,
2024-11-26 04:58:05,37.551884057971016,,37.21505882352941,,,,,,
2024-11-26 04:59:06,37.55188405797101,,37.20027450980392,,,,,,
2024-11-26 05:03:11,37.56181818181818,,,,,,,,
2024-11-26 05:06:15,37.62229946524064,,,,,,,,
2024-11-26 05:07:17,37.636059757236225,,,,,,,,
2024-11-26 05:11:22,,,,,,36.00274509803921,35.70705882352941,,
2024-11-26 05:13:24,37.5867787114846,,,,,,35.973176470588236,,
2024-11-26 05:14:26,37.530457516339865,,,,,,,,
2024-11-26 05:15:27,37.55861811391223,,,,,,,,
2024-11-26 05:16:28,37.56181818181818,,,,,,,,
2024-11-26 05:17:30,37.56181818181818,,37.36501400560224,,,,,,
2024-11-26 05:28:43,37.58869875222816,,,,,,,36.88980392156863,
2024-11-26 05:34:51,,,37.42573529411764,,,,,,
2024-11-26 05:35:52,,,,,,,,,
2024-11-26 05:36:53,,,37.463783160322954,,,,,,
2024-11-26 05:37:55,,,37.48117647058823,,,,,,
2024-11-26 05:38:56,37.63573975044563,,,,,,35.85490196078432,,35.55921568627451
2024-11-26 05:39:57,,,37.379534313725486,,,,,,
2024-11-26 05:41:59,,,37.342573529411766,,,,,,
2024-11-26 05:43:01,,,37.361053921568626,,,,,,
2024-11-26 06:13:38,37.55120743034056,,37.31485294117647,,,,,,
2024-11-26 06:28:57,,,,,,,36.88980392156863,,
2024-11-26 06:29:59,,,,,,,37.03764705882353,,
2024-11-26 06:31:00,37.54205305651673,,37.31690631808279,,,,,,
2024-11-26 06:32:01,37.545857843137256,,37.29442724458205,,,,,,
2024-11-26 06:33:02,37.53045751633987,,37.27886480908153,,,,,,
2024-11-26 06:35:05,37.502296918767506,,37.25119825708062,,,,,,
2024-11-26 06:37:08,37.51529411764705,,37.210130718954254,,,,,,
2024-11-26 06:38:09,37.50392156862745,,37.24636678200692,,,,,,
2024-11-26 06:40:11,37.51529411764705,,,,,,,,
2024-11-26 06:41:12,,,37.27419607843138,,,,,,
2024-11-26 07:09:47,37.460056022408956,,,,,,,,
2024-11-26 08:04:56,,,,,,,37.333333333333336,,
2024-11-26 08:05:57,,36.786313725490196,,,,,,,
2024-11-26 08:09:01,37.412941176470596,36.80916221033868,,,,,,,
2024-11-26 08:10:02,,36.80356209150327,,,,,,,
2024-11-26 08:11:03,,36.76470588235294,,,,,,,
2024-11-26 08:12:04,,,37.185490196078426,,,37.48117647058824,37.333333333333336,,
2024-11-26 08:13:06,,,37.27419607843137,,,,36.741960784313726,,
2024-11-26 08:14:07,,,37.25119825708061,,,,,,
2024-11-26 08:15:08,,,,,,,,,
2024-11-26 08:19:13,,36.70717416378316,,,,,,,
2024-11-26 08:20:15,,36.668039215686264,,,,,,,
2024-11-26 08:21:16,,36.66414860681114,,,,,,,
2024-11-26 08:22:17,,36.638470588235286,,,,,,,
2024-11-26 08:23:18,,36.64586274509803,,,,,,,
2024-11-26 08:24:19,36.97428571428571,,,,,,,,
2024-11-26 08:25:21,37.0587675070028,,,,,,,,
2024-11-26 08:28:24,,36.66064705882352,,,,35.41137254901961,,,
2024-11-26 08:29:25,,36.64080495356037,,38.959607843137256,,35.41137254901961,,,
2024-11-26 08:30:27,,36.66803921568627,,,,,,,
2024-11-26 08:35:33,,36.70717416378316,,,37.16906318082789,,,,
2024-11-26 08:36:35,,36.64955882352942,,,37.1362091503268,,,,
2024-11-26 08:37:36,,,,,37.1362091503268,,35.52964705882353,,
2024-11-26 08:38:37,,36.714240196078435,,,37.15263616557734,,,,
2024-11-26 08:39:38,,36.524544405997695,,,37.11978213507625,,,,
2024-11-26 08:40:40,36.96372549019608,36.333217993079586,,,36.80109803921569,35.41137254901961,34.790431372549016,,
2024-11-26 08:41:41,,36.18537485582468,,,,,34.425751633986934,,
2024-11-26 08:42:42,,36.07231833910035,,,36.44627450980392,,34.418711484593835,,
2024-11-26 08:43:44,36.945245098039216,36.03046568627451,,,36.47315508021391,35.362091503267976,,,
2024-11-26 08:44:45,36.79740196078431,,,,,,,,
2024-11-26 08:45:46,36.82409586056645,,,,,,,,
2024-11-26 08:46:47,36.76044117647059,,,,,,,,
2024-11-26 08:47:49,,,,,36.335392156862746,,,,
2024-11-26 08:48:50,37.07460784313726,,,,36.31075163398693,,,,
2024-11-26 08:49:51,,,,,,,,,
2024-11-26 08:50:52,,,35.19782135076253,,,,,,
2024-11-26 08:52:55,,,,,,34.99248366013072,,,
2024-11-26 08:58:01,,,35.50545454545455,,,,34.75429193899782,,
2024-11-26 09:00:04,,,,,,,,,
2024-11-26 09:01:05,,,35.661568627450976,33.04588235294118,,,,33.54485294117647,
2024-11-26 09:02:06,37.02532679738562,35.680178253119436,35.69649859943978,33.19372549019608,,,34.59823529411765,33.65368191721134,32.45450980392157
2024-11-26 09:03:08,,35.60356862745098,35.65777777777778,,35.939383753501396,,34.3764705882353,33.58797385620916,32.60235294117648
2024-11-26 09:04:09,,35.45572549019608,35.52964705882353,,,,33.85901960784314,,
2024-11-26 09:05:10,,,,,,,33.51898039215686,33.505838779956434,
2024-11-26 09:06:11,,35.329237472766884,,,,,,,
2024-11-26 09:07:13,36.88980392156862,,,,,,,,
2024-11-26 09:08:14,,,35.66085784313725,,,,,,
2024-11-26 09:09:15,,,35.6635755478662,,35.24504901960785,35.00069716775599,,33.59693404634581,
2024-11-26 09:10:17,36.768841354723705,,35.63313725490196,,,34.9678431372549,,33.52973262032086,
2024-11-26 09:11:18,,,,,,,33.89070028011205,,
2024-11-26 09:12:19,36.9301247771836,,35.82533333333333,,,,,,
2024-11-26 09:13:20,,,35.83272549019608,,,,,,
2024-11-26 09:14:21,36.90117647058823,35.39793226381462,35.89010270774976,,,,,33.52973262032086,
2024-11-26 09:15:23,36.92392156862745,35.43825311942959,35.97458450046685,,,,,33.50285204991088,
2024-11-26 09:16:24,36.90117647058823,,35.981624649859945,,,34.41871148459384,,,
2024-11-26 09:17:26,,35.7204991087344,36.122427637721756,,,34.647516339869284,,33.456557734204786,
2024-11-26 09:18:27,,,36.23929411764706,,34.82,,,,
2024-11-26 09:19:28,,36.22450980392157,,,35.26352941176471,34.79535947712419,,,
2024-11-26 09:20:29,36.98078431372549,36.33128540305011,36.34278431372549,,35.26352941176471,,,,
2024-11-26 09:22:32,36.96941176470588,,,,,,,33.93294117647059,
2024-11-26 09:23:33,,,,,35.41137254901961,,,,34.9678431372549
2024-11-26 09:24:34,,,,,,,,33.88366013071896,
2024-11-26 09:26:37,36.96941176470588,36.40931372549019,36.44627450980392,,,34.86224089635855,35.559215686274506,,
2024-11-26 09:28:40,,,36.4798752228164,,,,,,
2024-11-26 09:29:41,36.96941176470589,,36.44627450980393,,,,35.63985739750445,,
2024-11-26 09:30:43,,,36.42515406162465,,,,35.70705882352941,,
2024-11-26 09:31:44,37.01300653594772,36.37235294117647,36.48851540616247,,,,35.7339393939394,,
2024-11-26 09:32:46,37.01300653594772,,36.509635854341745,,,,35.74737967914439,,
2024-11-26 09:33:47,,,36.55187675070029,,,,,,
2024-11-26 09:34:48,,,,,,,35.79330065359478,,
2024-11-26 09:36:50,,36.38291316526611,36.6152380952381,,,,35.775294117647064,,
2024-11-26 09:39:55,,,,,,,35.886582633053216,,
2024-11-26 09:41:58,,36.34771241830065,36.687492260061916,,,,,,
2024-11-26 09:42:59,37.27419607843137,,36.68282352941176,,,,,,
2024-11-26 09:44:00,,,36.75674509803922,,,,,,
2024-11-26 09:45:01,,,,,,35.85490196078432,,,
2024-11-26 09:47:04,,,36.784201680672275,,,,,,
2024-11-26 09:48:05,37.38261437908497,,36.7957219251337,,,,35.82718137254902,,
2024-11-26 09:49:06,,,36.83348272642391,,,,35.86475816993464,,
2024-11-26 09:50:07,37.38877450980392,,,,,,35.86475816993464,,
2024-11-26 09:51:09,,,,,,,35.9077030812325,,
2024-11-26 09:52:10,,,36.80109803921569,,,,,,
2024-11-26 09:53:11,,,36.77892156862745,,,,,,
2024-11-26 09:55:14,,,36.75674509803922,,,,,,
2024-11-26 09:57:16,,,,,,35.707058823529415,35.98930481283423,,
2024-11-26 09:58:18,,36.741960784313726,36.72084033613446,,,35.707058823529415,36.0470980392157,,
2024-11-26 09:59:19,,,,,,,,,
2024-11-26 10:02:23,37.36290196078432,,,,,,,,
2024-11-26 10:04:26,37.422039215686276,36.44627450980393,36.74868092691622,,,35.72553921568628,,,
2024-11-26 10:06:28,37.77686274509804,,,,36.29843137254902,,36.15058823529412,,
2024-11-26 10:07:29,,,36.72852049910873,36.00274509803921,,,,,
2024-11-26 10:08:30,,,,,35.85490196078432,35.66481792717087,,,
2024-11-26 10:13:37,,,36.76212121212121,,,,,,
2024-11-26 10:14:38,,,,,,35.68593837535014,,,
2024-11-26 10:16:40,,,,,,35.74929971988796,,,
2024-11-26 10:18:43,,,36.84480818414323,,,,,33.93294117647059,
2024-11-26 10:19:44,,,36.85900326797386,,,,,34.01507625272331,
2024-11-26 10:20:45,,,36.90212418300654,,,,,34.08078431372549,
2024-11-26 10:21:47,,,36.93292483660131,,,35.87602240896359,,34.12110516934047,
2024-11-26 10:22:48,,,36.95140522875817,,,,,34.17934640522876,
2024-11-26 10:23:49,,,36.95140522875817,,,,,34.251372549019614,
2024-11-26 10:24:50,,,36.95140522875817,,,,,34.302549019607845,
2024-11-26 10:25:51,,,36.97259607843137,,,,,34.260308123249295,
2024-11-26 10:26:53,,,36.963725490196076,,,,,,
2024-11-26 10:27:54,,,36.997843137254904,,,,,,
2024-11-26 10:28:55,,,36.98647058823529,,34.6721568627451,,,,
2024-11-26 10:29:56,,,,,34.82,,36.82644257703081,,34.08078431372549
2024-11-26 10:30:58,37.606274509803924,,36.9921568627451,,,,,,
2024-11-26 10:31:59,,,37.03196078431373,,,,,,
2024-11-26 10:33:00,37.59490196078431,,37.02122004357299,,,,36.741960784313726,,
2024-11-26 10:34:02,37.59733893557423,,37.032366946778716,,,,36.90828431372549,,
2024-11-26 10:35:03,37.5867787114846,,37.06502541757444,,,,36.95551198257081,34.277908496732024,
2024-11-26 10:36:04,37.5867787114846,,37.07176470588236,,,,37.00807843137255,34.349590017825314,
2024-11-26 10:37:06,37.59733893557423,,37.108611764705884,,,,37.02286274509804,34.45039215686275,
2024-11-26 10:38:07,37.57621848739496,36.29843137254902,37.14236928104575,,,,,34.50788671023965,
2024-11-26 10:39:08,37.5867787114846,36.00274509803921,37.15468954248366,,,,37.12388888888889,34.59823529411764,
2024-11-26 10:40:09,37.589594771241835,36.00274509803921,37.16084967320262,,,,,34.87544117647059,
2024-11-26 10:41:10,37.60129901960784,,37.179062233589086,,,,,,
2024-11-26 10:42:11,,,37.21909090909091,,,,,,
2024-11-26 10:43:13,,,37.206610644257694,,,,,,
2024-11-26 10:44:14,37.582818627450976,,37.22245098039217,,,,,,35.485294117647065
2024-11-26 10:45:16,,,,,36.00274509803922,,,,35.46065359477124
2024-11-26 10:46:17,37.61162629757786,,37.237235294117646,,,,,,
2024-11-26 10:47:18,,,37.23217750257999,,36.13416122004358,,,,35.73662745098039
2024-11-26 10:48:20,,,37.28405228758171,,36.16537254901961,,37.052431372549016,,
2024-11-26 10:49:21,37.68182072829132,,37.27245674740485,,36.16537254901961,,,,35.92882352941177
2024-11-26 10:50:22,,,,,36.1801568627451,,37.09308823529412,,
2024-11-26 10:51:23,,,,,36.15058823529411,,37.24093137254902,,
2024-11-26 10:52:25,,,,,36.217789661319074,,,,
2024-11-26 10:53:26,,,,,36.22450980392157,,37.33333333333333,,
2024-11-26 10:54:27,,,36.89966013071896,,36.21218954248365,,37.31485294117647,,
2024-11-26 10:55:29,37.788235294117655,,36.87924369747899,,,,,36.15058823529412,
2024-11-26 10:57:31,37.80150326797386,,,,,,,,
2024-11-26 10:59:34,,36.44627450980393,,,,,,,
2024-11-26 11:02:37,,37.03764705882353,,,,,,36.44627450980393,36.07666666666667
2024-11-26 11:04:40,,37.18549019607843,,,,,,,
2024-11-26 11:05:41,,,,,,,,36.44627450980393,
2024-11-26 11:06:43,37.77686274509804,,36.653254901960786,,,,,36.50541176470589,
2024-11-26 11:12:51,,,,,36.324521337946955,,,,
2024-11-26 11:16:56,,,,,36.333217993079586,,,,
2024-11-26 11:17:57,,37.18549019607843,,,,37.629019607843134,,,36.239294117647056
2024-11-26 11:18:58,,,,,,,,,
2024-11-26 11:21:01,37.830623885918,,,,,,37.36290196078431,,
2024-11-26 11:22:02,37.80150326797386,,36.47091503267974,,36.37803921568627,,35.85490196078432,,
2024-11-26 11:23:03,37.81382352941176,37.03764705882353,36.372352941176466,,36.43490196078431,,37.92470588235294,,
2024-11-26 11:24:04,37.81382352941176,,,,,,,,36.59411764705882
2024-11-26 11:25:06,,,,,36.503137254901965,,,,36.59411764705882
2024-11-26 11:26:07,,,,,36.503137254901965,,,,
2024-11-26 11:27:08,,,37.03764705882353,,,,,,
2024-11-26 11:28:10,,,,,36.485699346405234,,,,
2024-11-26 11:29:11,,,,,36.49247549019608,,,,
2024-11-26 11:30:12,,,,,36.48106113033448,,,36.741960784313726,
2024-11-26 11:31:14,,,,,36.470915032679734,,,36.741960784313726,
2024-11-26 11:32:15,37.836,,,,,,,,
2024-11-26 11:34:17,,,,,36.47091503267974,,,36.741960784313726,
2024-11-26 11:35:19,37.79030303030303,,,,,,,,36.44627450980393
2024-11-26 11:36:20,37.80374331550802,,,,,,,,
2024-11-26 11:37:21,37.76342245989305,,,,,,,,
2024-11-26 11:38:22,37.76207843137255,,,,,,,,
2024-11-26 11:39:24,,,,,36.38539792387544,,,,
2024-11-26 11:40:25,,,,,36.37235294117647,,,,
2024-11-26 11:41:26,,,,,36.3815931372549,,,,
2024-11-26 11:45:31,37.62901960784314,,,36.59411764705882,,,,,
2024-11-26 11:46:33,,,,,36.27871895424837,,,,
2024-11-26 11:48:35,,,,,36.27871895424837,,,,
2024-11-26 11:49:36,,36.12101960784314,,,36.256190476190476,,,,36.44627450980393
2024-11-26 11:50:38,,,,,36.25294117647059,,,,
2024-11-26 11:51:39,,,,,36.23683006535948,,,,
2024-11-26 11:52:40,,,,,36.217789661319074,,,,
2024-11-26 11:53:42,37.7346218487395,,,,,37.03764705882353,,,
2024-11-26 11:54:43,,36.150588235294116,,,,,,34.9678431372549,
2024-11-26 11:55:44,,,,,,,,,
2024-11-26 11:56:45,,36.29843137254902,37.07988795518208,,,,,,
2024-11-26 11:57:46,,36.42163398692811,,,,,,,
2024-11-26 11:58:48,,36.372352941176466,,,,,,,
2024-11-26 11:59:49,,,37.01916666666666,,,,,,
2024-11-26 12:00:50,,36.42779411764705,,,,,,,
2024-11-26 12:02:53,,,36.98220588235294,,,,,,
2024-11-26 12:05:57,,,,,,,,,
2024-11-26 12:06:58,,,36.96372549019608,,,,,,
2024-11-26 12:13:06,,,,,,,,,34.37647058823529
2024-11-26 12:16:10,,,37.07460784313726,,,,,,34.37647058823529
2024-11-26 12:17:11,,,,,,,,,34.82
2024-11-26 12:19:14,37.66598039215687,,37.1362091503268,,,,,,
2024-11-26 12:20:15,,,37.070501089324615,,,,,35.89714285714286,
2024-11-26 12:21:16,37.7346218487395,,37.037647058823524,,,,,35.918263305322135,
2024-11-26 12:22:17,,36.923921568627456,,,,,,36.027385620915034,
2024-11-26 12:23:19,,,,,,,,36.00274509803922,
2024-11-26 12:24:20,,,,,,,,36.027385620915034,
2024-11-26 12:25:21,37.85078431372549,,,,,,,35.9781045751634,
2024-11-26 12:26:22,,37.2392513368984,37.18549019607843,,,36.47091503267974,,36.00274509803921,
2024-11-26 12:27:24,,37.26613190730838,,,,36.48851540616247,,,
2024-11-26 12:28:25,37.84022408963585,,,,,36.34067226890756,36.741960784313726,,
2024-11-26 12:29:26,,37.34811764705883,,,,,,,
2024-11-26 12:30:27,37.86134453781513,,,,,,,,
2024-11-26 12:31:29,37.86134453781513,37.30376470588236,,,,,,,
2024-11-26 12:33:32,,37.27419607843138,,,,,,,
2024-11-26 12:35:34,,,,,,,35.97317647058823,,
2024-11-26 12:36:35,,37.29301247771837,36.61259803921568,,,36.40931372549019,,,
2024-11-26 12:39:39,,37.30645276292336,,,,,,,
2024-11-26 12:40:40,,37.27957219251337,,,,,,,
2024-11-26 12:42:43,,37.266131907308385,,,,,,,
2024-11-26 12:44:46,,37.26613190730837,,,,,,,
2024-11-26 12:45:47,,,,,,36.54483660130719,,,
2024-11-26 12:47:50,,,,,,36.4906274509804,,,
2024-11-26 12:48:51,,,,,,36.52019607843137,,,
2024-11-26 12:49:52,37.73462184873949,,,,,36.62697167755991,,,
2024-11-26 13:04:10,,,35.45361344537815,,,,,,
2024-11-26 13:05:11,,,35.4668137254902,,,,,,
2024-11-26 13:11:19,,,,,,,35.7366274509804,,
2024-11-26 13:13:21,,,35.60356862745099,,,,,,
2024-11-26 13:14:23,,,35.64792156862745,,,,35.734779411764706,,
2024-11-26 13:15:24,,37.27173202614379,,,36.12101960784314,,35.734779411764706,,
2024-11-26 13:16:25,37.688156862745096,,,,,36.59411764705882,35.74648366013072,,
2024-11-26 13:17:27,,,,,,36.68819964349376,35.75633986928105,,
2024-11-26 13:18:28,,,,,,,35.74648366013072,,
2024-11-26 13:19:30,37.65858823529412,,,,36.12101960784314,,35.75633986928105,,
2024-11-26 13:20:31,,37.067215686274515,,,36.12101960784314,,35.75633986928105,,
2024-11-26 13:21:32,37.62901960784314,37.02122004357299,,,,,35.74648366013072,,
2024-11-26 13:22:33,,,,,,36.68819964349376,,,
2024-11-26 13:23:34,,,35.50545454545455,,,,,,
2024-11-26 13:24:36,,,35.492014260249555,,,,35.736627450980386,,
2024-11-26 13:25:37,,,35.492014260249555,,,,35.736627450980386,,
2024-11-26 13:26:38,37.721421568627456,36.90324420677362,35.204392156862745,,,36.69267973856209,35.736627450980386,,
2024-11-26 13:27:40,,,35.204392156862745,,36.150588235294116,,35.74648366013072,,
2024-11-26 13:28:41,,36.88980392156862,35.37105169340464,,36.150588235294116,36.758387799564275,35.74929971988796,35.55921568627451,
2024-11-26 13:29:42,,36.97044563279857,,,,,,,
2024-11-26 13:30:43,,36.95700534759358,,,,36.59411764705882,,,
2024-11-26 13:31:45,,36.90324420677362,,,,36.64339869281046,,,
2024-11-26 13:33:48,,36.889803921568635,,,,,,,
2024-11-26 13:34:49,,,,36.59411764705882,,,,36.15058823529412,
2024-11-26 13:35:50,,,35.65329768270945,,,,,,
2024-11-26 13:36:51,,,35.69361853832442,,,,,,
2024-11-26 13:37:52,37.882464985994396,,,,,,,,
2024-11-26 13:38:54,37.80150326797386,,,,,36.72553376906318,,,
2024-11-26 13:39:55,37.82614379084968,,,,,,,,
2024-11-26 13:40:56,37.90358543417368,,,,,36.723480392156866,,,
2024-11-26 13:41:58,,37.05612745098039,,,,,,,
2024-11-26 13:46:03,,37.02025374855824,,,,,,,
2024-11-26 13:48:06,,,36.02122549019608,,,,,,
2024-11-26 13:49:07,,,36.150588235294116,,,,,,
2024-11-26 13:50:08,,,36.37235294117647,,,,,,
2024-11-26 13:51:10,,,36.37235294117647,,,,,,
2024-11-26 13:53:12,,36.92676470588235,,,,,,,
2024-11-26 13:54:13,,,,,,,,37.03764705882353,
2024-11-26 13:55:15,,36.954485294117646,,,36.15058823529412,,,,
2024-11-26 13:56:16,,36.954485294117646,,,,35.82533333333333,35.55921568627451,,
2024-11-26 13:59:20,37.80643137254902,,,,,36.0323137254902,,,
2024-11-26 14:00:22,,37.0006862745098,,,,,,36.29843137254902,
2024-11-26 14:01:23,,36.97677047289504,,,,,,,
2024-11-26 14:02:24,,36.9680738177624,,,,,,35.85490196078432,
2024-11-26 14:03:26,37.69238095238096,36.994163783160324,35.55921568627451,,,,,,
2024-11-26 14:04:27,37.77686274509804,36.95937716262976,,,,36.44627450980393,,,
2024-11-26 14:05:28,,,,,34.6721568627451,34.08078431372549,,,
2024-11-26 14:06:29,,,,,,,35.345664488017434,,
2024-11-26 14:07:31,,37.01793464052288,,35.55921568627451,,,,,
2024-11-26 14:09:33,37.74400871459696,36.998222222222225,,,,,,,
2024-11-26 14:11:35,,,,,,,,,
2024-11-26 14:12:36,37.74998217468806,36.998222222222225,,,,,,,
2024-11-26 14:13:38,,37.02708683473389,,,,,35.37851851851852,,
2024-11-26 14:14:39,,36.98484593837536,,,,,,,
2024-11-26 14:15:40,,,,,36.741960784313726,,,,
2024-11-26 14:16:41,,,,,,,35.44833333333334,,
2024-11-26 14:17:43,,,,,,,35.37441176470588,,
2024-11-26 14:20:46,,36.95700534759359,,,,,,,
2024-11-26 14:21:48,,,,,,,35.35593137254902,,
2024-11-26 14:23:50,,,,,,,35.44833333333334,,
2024-11-26 14:24:51,,,,,,,35.39289215686274,,
2024-11-26 14:27:55,,,,,,,35.20808823529411,,
2024-11-26 14:28:56,37.510745098039216,,,,,,,,
2024-11-26 14:29:58,37.527377450980396,,,,,,,,
2024-11-26 14:30:59,37.61053921568627,,,,,,,,
2024-11-26 14:32:00,37.564338235294116,,,,,,,,
2024-11-26 14:34:03,37.629019607843134,,,,,,,,
2024-11-26 14:35:04,37.6203229527105,,,,,,,,
2024-11-26 14:36:05,,,,,,,,,
2024-11-26 14:37:07,37.621238390092884,,,,,,,,
2024-11-26 14:39:09,37.64380392156862,,,,,,,,
2024-11-26 14:42:13,,,35.26352941176471,,,,,,
2024-11-26 14:43:14,,,35.55921568627451,,,,,,
2024-11-26 14:45:17,37.64830349531116,,,,,,,,
2024-11-26 14:46:18,37.6475,,,,,,,,
2024-11-26 14:47:20,37.652674509803916,,,,,,,,
2024-11-26 14:56:32,,,,,,,,,
2024-11-26 14:57:33,37.64544662309368,36.945245098039216,,,,,,,
2024-11-26 14:58:34,37.63449527959332,36.91589388696655,35.26352941176471,,,,,,
2024-11-26 14:59:35,37.618068264342774,36.91444444444445,,,,,,,
2024-11-26 15:00:37,37.63449527959332,36.92871001031992,,,,,,,
2024-11-26 15:01:38,37.60711692084241,,,,,,,,
2024-11-26 15:02:39,37.6399709513435,36.9109243697479,,,,,,,
2024-11-26 15:03:40,37.65639796659405,36.936844919786104,,,,,,,
2024-11-26 15:04:42,37.68377632534495,36.936844919786104,,,,,,,
2024-11-26 15:05:43,37.689251997095134,36.936844919786104,,,,,,,
2024-11-26 15:06:45,37.71115468409586,36.95028520499109,,,,,,,
2024-11-26 15:07:46,37.713501400560226,36.95028520499109,,,,,,,
2024-11-26 15:08:47,37.71058823529411,36.94122762148338,,,,,,,
2024-11-26 15:09:49,37.720784313725495,36.95140522875817,,,,,,,
2024-11-26 15:10:50,37.730980392156866,36.9371137254902,,,,,,,
2024-11-26 15:11:51,37.74627450980392,36.946666666666665,,,,,,,
2024-11-26 15:12:52,,36.90686274509804,,,,,,,
2024-11-26 15:13:54,37.74627450980392,36.90117647058823,,,,,,,
2024-11-26 15:14:55,37.771764705882354,36.90686274509804,,,,,,,
2024-11-26 15:15:56,37.79725490196079,36.912549019607845,,,,,,,
2024-11-26 15:16:58,37.87372549019609,36.97509803921569,,,,,,,
2024-11-26 15:17:59,37.899215686274516,37.03764705882353,,,,,,,
2024-11-26 15:19:00,37.92980392156863,37.07176470588235,,,,,,,
2024-11-26 15:20:01,37.95529411764707,,,,,37.584666666666664,,,
2024-11-26 15:21:03,37.95529411764705,,,,,37.59945098039215,,,
2024-11-26 15:22:04,37.961666666666666,,,,,37.61423529411765,,,
2024-11-26 15:23:05,37.963035584604214,,,,,37.584666666666664,,,
2024-11-26 15:24:06,37.97019607843137,37.316274509803925,,,,37.42203921568627,,,
2024-11-26 15:25:08,37.97201568627451,37.35607843137255,,,,37.3924705882353,,,
2024-11-26 15:26:09,37.97792941176471,37.41294117647058,,,,37.3776862745098,,,
2024-11-26 15:27:10,37.977929411764705,37.418627450980395,,,,37.34811764705882,,,
2024-11-26 15:28:11,38.004787581699354,37.45843137254902,,,,37.3776862745098,,,
2024-11-26 15:29:12,,37.48117647058824,,,,37.3776862745098,,,
2024-11-26 15:30:14,38.03398124467179,37.481176470588245,,,,,,,
2024-11-26 15:31:15,,37.503921568627455,,,,,,,
2024-11-26 15:32:16,,37.51529411764706,,,,,,,
2024-11-26 15:33:18,38.058468720821665,,,,,,,,
2024-11-26 15:34:19,38.09472549019608,37.56125816993464,,,,,,,
2024-11-26 15:35:20,38.10950980392157,37.577595907928384,,,,,,,
2024-11-26 15:36:21,38.16592363261094,37.61669934640523,,,,,,,
2024-11-26 15:37:22,,37.575796078431374,35.41137254901961,,,,,,
2024-11-26 15:38:23,,37.5778431372549,35.26352941176471,,,,,,
2024-11-26 15:39:25,,37.55783587509078,35.55921568627451,,,,,,
2024-11-26 15:40:26,,37.600588235294126,,,,,,,
2024-11-26 15:41:27,38.28375350140056,37.634933333333336,,,,,,,
2024-11-26 15:42:29,38.33411764705882,37.702941176470596,,,,,,,
2024-11-26 15:43:30,,37.72543904518329,,,,,,,
2024-11-26 15:44:31,38.35479500891265,37.76342245989304,,,,,,,
2024-11-26 15:45:33,,37.81206349206349,,,,,,,
2024-11-26 15:46:34,,37.80643137254902,,,,,,,
2024-11-26 15:47:35,38.33538126361656,37.80020639834881,,,,,,,
2024-11-26 15:50:39,,,,,,,35.85490196078432,,
2024-11-26 15:54:44,,,36.76660130718954,,,,,,
2024-11-26 15:58:49,38.04790849673203,,,,,,,,
2024-11-26 16:12:06,,37.41892672858617,,,,,,,
2024-11-26 16:21:17,,37.418926728586165,,,,36.873376906318086,,,
2024-11-26 16:23:20,,37.33333333333333,,,,,,,
2024-11-26 16:25:23,,37.28664602683178,,,,36.86023529411764,,,
2024-11-26 16:26:24,,,,,,36.94894117647058,,,
2024-11-26 16:27:26,,,,,,36.86292335115865,,,
2024-11-26 16:28:27,,,,,,37.0006862745098,,,
2024-11-26 16:29:28,,,,,,37.0035294117647,,,
2024-11-26 16:30:30,,,38.07254901960785,,,37.12212885154061,,,
2024-11-26 16:31:31,,,38.07254901960785,,,,,,
2024-11-26 16:32:33,,,38.22039215686274,,,,,,
2024-11-26 16:33:34,,,,36.88980392156863,,37.220276816608994,,,
2024-11-26 16:34:35,,37.0587675070028,,,,37.27583877995643,,,
2024-11-26 16:35:37,,37.03764705882353,,,,,,,
2024-11-26 16:36:38,,37.04820728291316,,,,,,,
2024-11-26 16:37:39,,37.185490196078426,,,,,,,
2024-11-26 16:38:40,,37.05735947712419,,,,37.255521155830756,,,
2024-11-26 16:39:42,,36.978509803921575,,,,37.24298474945534,,,
2024-11-26 16:40:43,,36.93908496732026,,,37.629019607843134,,,,
2024-11-26 16:41:44,,36.88980392156863,,,37.77686274509804,,,,
2024-11-26 16:42:46,,36.88980392156863,,,,37.23217750257998,,,
2024-11-26 16:43:47,,36.88980392156863,,,,37.16214654282766,,35.55921568627451,
2024-11-26 16:44:48,,36.88980392156863,,,,37.17770897832818,,,
2024-11-26 16:45:49,,,,,,37.13102167182662,,,
2024-11-26 16:46:51,,,,,,37.10767801857585,,,
2024-11-26 16:47:52,,,,,,37.11896078431373,,,
2024-11-26 16:48:53,,,,,,37.10804855275443,,,
2024-11-26 16:49:55,,,,,,37.148529411764706,,,
2024-11-26 16:50:56,,,,,,37.1780980392157,,,
2024-11-26 16:52:59,,,,36.88980392156863,,,,,
2024-11-26 16:54:00,,,,,,,,,
2024-11-26 16:55:01,,36.98220588235294,,,,,,,
2024-11-26 16:56:02,,36.98836601307189,,,,,,,
2024-11-26 17:01:09,,36.98836601307189,,,,37.171409897292264,,,
2024-11-26 17:02:10,,37.02779084967321,,,,37.19957049486462,,,
2024-11-26 17:04:12,,37.057359477124194,,,,37.227731092436976,,,
2024-11-26 17:05:14,,37.09678431372549,,,,37.21505882352942,36.15058823529412,,
2024-11-26 17:06:15,,37.12635294117648,,,,37.17770897832818,,,
2024-11-26 17:07:16,,37.155921568627456,,,,37.16084967320262,,,
2024-11-26 17:08:17,,37.17563398692811,,,,37.13331026528258,,,
2024-11-26 17:11:21,,,,,,37.01916666666666,,,
2024-11-26 17:12:23,,,,,,36.95879738562091,,,
2024-11-26 17:13:24,,,,,,,,36.59411764705882,
2024-11-26 17:14:25,,,,,,36.910924369747896,,,
2024-11-26 17:19:31,,,,,,36.935294117647054,,,
2024-11-26 17:21:34,,,,,,36.935294117647054,,,
2024-11-26 17:23:36,38.10950980392157,,,,,,,,
2024-11-26 17:24:38,,,,,,36.88980392156863,,,
2024-11-26 17:26:40,,,,,,,38.22039215686274,,
2024-11-26 17:27:42,,37.28713235294118,,,,,,,
2024-11-26 17:28:43,38.07254901960784,37.31362091503268,,,,,,,
2024-11-26 17:29:44,38.05406862745098,37.34318954248366,,,,,,,
2024-11-26 17:30:46,38.039694989106756,37.39247058823529,,,,,,,
2024-11-26 17:31:47,,37.42837535014006,,,,,,,
2024-11-26 17:33:49,38.0561220043573,,,,,,,,
2024-11-26 17:34:51,38.0561220043573,,,,,,,,
2024-11-26 17:35:52,38.0561220043573,,,,,,,,
2024-11-26 17:38:55,,37.312212885154054,,,,,,,
2024-11-26 18:15:41,,,,,,36.298431372549025,,,
2024-11-26 18:17:44,38.105403050108926,,35.85490196078432,36.15058823529412,35.85490196078432,,35.55921568627451,,
2024-11-26 18:18:45,,,,,36.29843137254902,,,,
2024-11-26 18:23:52,,37.21834422657952,,,,,,,
2024-11-26 18:24:53,,37.20105263157895,,,,,,,
2024-11-26 18:26:56,,37.17809803921568,,,,,,,
2024-11-26 18:54:31,,37.133745098039206,,,,,,,
2024-11-26 19:49:40,,,,,36.44627450980393,,,,
2024-11-26 19:50:41,,37.11896078431373,,,,,,,
2024-11-26 19:53:45,37.89185185185185,37.08939215686274,,,,,,,
2024-11-26 19:54:46,,,,,,,36.44627450980393,,
2024-11-26 19:58:51,,,,,,35.70705882352941,,,
2024-11-26 19:59:53,,,,,,34.6721568627451,,,
2024-11-26 20:00:54,,,,,,35.70705882352941,,,
2024-11-26 20:01:55,,37.10192668371697,,,,,,,
2024-11-26 20:02:57,,37.08264279624894,,,,,,,
2024-11-26 20:03:58,,37.09924836601307,,,,,,,
2024-11-26 20:04:59,,37.108611764705884,,,,,,,
2024-11-26 20:06:00,,37.111568627450986,,,,,,,
2024-11-26 20:07:02,37.71772549019608,37.03764705882354,,,,,,,
2024-11-26 20:08:03,,36.997843137254904,,,,,,,
2024-11-26 20:09:04,,36.96941176470588,,,,,,,
2024-11-26 20:10:05,,36.94098039215687,,,,,,,
2024-11-26 20:11:07,37.65858823529412,36.94098039215687,,,,,,,
2024-11-26 20:12:08,37.678300653594775,36.931200000000004,,,,,,,
2024-11-26 20:13:09,37.71772549019608,36.91444444444445,,,,,,,
2024-11-26 20:14:11,,36.908284313725495,,,,,,,
2024-11-26 20:15:12,,36.91444444444445,,,,,,,
2024-11-26 20:16:13,,36.90163137254902,,,,,,,
2024-11-26 20:17:14,,36.95140522875817,,,,,,,
2024-11-26 20:18:16,,36.96693947144075,36.15058823529412,,,,,,
2024-11-26 20:19:17,,36.97044563279857,,,,,,,
2024-11-26 20:20:18,,36.97428571428571,,,,,,,
2024-11-26 20:21:20,37.5867787114846,36.98590196078432,,,,,,,
2024-11-26 20:22:21,,,,,,,,,
2024-11-26 20:24:23,,37.037647058823524,,,,,,,
2024-11-26 20:25:25,,37.02025374855825,,,,36.741960784313726,,,
2024-11-26 20:26:26,,37.00992647058824,,,,,,,
2024-11-26 20:30:31,,,36.00274509803921,,,,,,
2024-11-26 20:31:33,37.56988235294118,,,,,36.66803921568628,,,
2024-11-26 20:33:35,,,,,,36.70717416378316,,,
2024-11-26 20:34:37,37.03764705882353,,,,,,,,
2024-11-26 20:35:38,,,,,,36.89758513931889,,,
2024-11-26 20:37:41,37.77686274509804,37.03764705882353,,,,,,,
2024-11-26 20:38:42,,,,,,36.88202270381837,,,
2024-11-26 20:39:43,,,,,,36.874241486068115,,,
2024-11-26 20:40:44,,,,,,36.88202270381837,,,
2024-11-26 20:41:46,,,,,,36.874241486068115,,,
2024-11-26 20:42:47,,,,,,36.88980392156863,,,
2024-11-26 20:43:48,,,,,,36.88202270381837,,,
2024-11-26 20:44:50,,,,,,36.913147574819405,,,
2024-11-26 20:49:56,,,,,,36.90536635706915,,,
2024-11-26 20:50:58,,,,,,36.95551198257081,,,
2024-11-26 20:53:00,,,,,,37.02025374855825,,,
2024-11-26 20:54:02,,,,,,36.972965686274506,,,
2024-11-26 21:08:20,,,,,,36.93908496732026,,,
2024-11-26 21:26:42,,,,,,36.910924369747896,,,
2024-11-26 21:29:46,,,,,,,,,
2024-11-26 21:34:53,,37.629019607843134,,,,,,,
2024-11-26 22:09:37,,,,34.82,,,,,
2024-11-26 22:11:40,,,,,,,,36.04498599439776,
2024-11-26 22:12:41,,,,,,,,,36.15058823529412
2024-11-26 22:13:43,,,,,,,,36.10438725490196,
2024-11-26 22:14:44,,,,,,,,36.08101499423299,36.59411764705882
2024-11-26 22:16:47,,,,,,,,36.08101499423299,
2024-11-26 22:17:48,,,,,,,,36.09840830449827,
2024-11-26 22:21:53,,,,,,,,36.054925028835065,
2024-11-26 22:22:54,,,,,,,,36.06362168396771,
2024-11-26 22:23:55,,,,,,,,36.06362168396771,
2024-11-26 22:24:57,,,,,,,,36.06362168396771,
2024-11-26 22:33:07,,,,,,,,36.04622837370242,
2024-11-26 22:47:26,,,,,,,,,37.333333333333336
2024-11-26 23:10:55,38.07254901960785,,,,,,,36.04622837370242,
2024-11-26 23:11:57,,,,,,,,36.03753171856978,
2024-11-26 23:14:00,,,,,,,,36.08101499423299,
2024-11-26 23:16:02,37.92470588235294,,,,,36.44627450980393,,36.054925028835065,
2024-11-26 23:17:03,,,,,,,,36.05818627450981,
2024-11-26 23:19:06,,,,,,,,36.10130718954249,
2024-11-26 23:20:08,,,,,,,,36.16114845938376,
2024-11-26 23:21:09,,36.00274509803921,,,,,,,
2024-11-26 23:24:13,,,38.51607843137255,,,,,,
2024-11-26 23:25:14,,,,,,36.29843137254902,,,
2024-11-26 23:26:15,,,,,,36.59411764705882,,,
2024-11-26 23:28:18,,,,36.34771241830065,,,,,
2024-11-26 23:29:19,,,,36.34771241830065,,,,,
2024-11-26 23:34:26,,,,36.34771241830065,,,,,
2024-11-26 23:35:28,,,37.92470588235294,,,,,,
2024-11-26 23:36:29,37.99294117647059,,,36.34771241830065,,,,,
2024-11-26 23:37:30,38.083921568627446,,,,,,,,
2024-11-26 23:38:32,38.14078431372549,,,36.34771241830065,,,,,
2024-11-26 23:39:33,,,,,,,,,
2024-11-26 23:40:34,,,,,,,,,37.18549019607843
2024-11-26 23:41:35,38.1587908496732,,,,,,,,37.03764705882353
2024-11-26 23:42:37,38.1587908496732,,,,37.21505882352942,,37.03764705882353,,
2024-11-26 23:43:38,38.13415032679738,,,,37.15592156862745,,36.741960784313726,,
2024-11-26 23:44:39,38.15215686274509,,,,37.18549019607843,,36.15058823529412,,
2024-11-26 23:45:40,38.157030812324926,,,,37.21505882352942,,36.564549019607846,,
2024-11-26 23:46:41,38.13591036414566,,,,37.15592156862745,,,,
2024-11-26 23:47:43,38.157030812324926,,,,,,,36.44627450980393,
2024-11-26 23:48:44,38.157030812324926,,,,37.18549019607843,,36.62368627450981,,
2024-11-26 23:50:47,,,,,,,,,
2024-11-26 23:51:48,,,,,,,,37.48117647058824,
2024-11-26 23:54:52,,,,,,,,35.41137254901961,
2024-11-26 23:55:53,,38.51607843137255,,,,,,37.333333333333336,
2024-11-26 23:56:55,,,,,,,,36.59411764705882,
2024-11-27 00:15:19,,,,,,,,,36.44627450980393
2024-11-27 00:35:45,,,,,,37.18549019607843,,,
2024-11-27 00:36:46,,37.03764705882353,,,,,,,
2024-11-27 00:38:49,,37.03764705882353,,,,,,,
2024-11-27 00:44:57,,37.629019607843134,,,,,,,
2024-11-27 00:49:02,38.12183006535948,,,,,,,,
2024-11-27 00:59:15,38.127990196078436,37.48117647058824,,,,,37.03764705882353,,
2024-11-27 01:12:32,,,37.31221288515407,,,,,,
2024-11-27 01:13:33,,,37.29109243697479,,,,,,
2024-11-27 01:14:35,,,37.280532212885156,,,,,,
2024-11-27 01:15:37,,,37.30165266106443,,,,,,
2024-11-27 01:16:38,,,37.30165266106443,,,,,,
2024-11-27 01:18:41,,,37.30165266106443,,,,,,
2024-11-27 01:19:42,,,37.31221288515407,,,,,,
2024-11-27 01:20:43,,,37.219607843137254,,,,,,
2024-11-27 01:21:45,,,37.24235294117647,,,,,,
2024-11-27 01:30:57,,,,,,37.03764705882353,,,
2024-11-27 01:42:12,,,37.230980392156866,,,,,,
2024-11-27 01:43:13,,,37.230980392156866,,,,,,
2024-11-27 01:49:21,37.875424836601304,,,,,,,,
2024-11-27 02:03:42,,,,,,,,,
2024-11-27 02:04:43,,,37.21960784313726,,,,,,
2024-11-27 02:05:45,,,37.230980392156866,,,,,,
2024-11-27 02:10:52,,37.77686274509804,,,,,,,
2024-11-27 02:39:38,,37.629019607843134,,,,,,,
2024-11-27 02:48:52,,,,,36.44627450980393,,,,
2024-11-27 02:55:02,37.71115468409587,,,,,,35.071333333333335,37.629019607843134,
2024-11-27 02:59:09,,,,,36.29843137254902,,,37.629019607843134,
2024-11-27 03:00:10,,,,,36.741960784313726,,,,
2024-11-27 03:01:12,37.72758169934641,,,,,,,,37.92470588235294
2024-11-27 03:02:13,,,,,,,,,36.29843137254902
2024-11-27 03:03:15,,,,,36.29843137254902,,35.052324929971995,,
2024-11-27 03:07:23,37.72758169934641,,,,,,,,
2024-11-27 03:08:24,37.71115468409587,,,,,,35.25428921568628,,
2024-11-27 03:09:26,,,,,,,35.24504901960785,,
2024-11-27 03:10:27,,,,,,,35.359192618223766,,
2024-11-27 03:11:29,37.81718360071301,36.86868347338936,,,,,,,
2024-11-27 03:12:31,37.875424836601304,,,,,,35.362091503267976,,
2024-11-27 03:14:34,37.93607843137254,37.016526610644256,34.9678431372549,,35.41137254901961,,35.49696594427244,,
2024-11-27 03:15:35,37.90196078431372,,,,,,35.45805985552116,,
2024-11-27 03:16:39,,36.69267973856209,,,,,35.47362229102168,,
2024-11-27 03:17:41,37.96694677871148,,,,,,35.45805985552116,,
2024-11-27 03:18:43,,36.66803921568627,,,,,35.427799564270146,,
2024-11-27 03:20:47,,,,,,,35.46065359477124,,
2024-11-27 03:21:48,,,,,,,35.444226579520695,,
2024-11-27 03:23:52,,,,,,,35.41137254901961,,
2024-11-27 03:25:55,,36.64339869281046,,,,,,,
2024-11-27 03:26:57,,,,,,,35.291250000000005,,
2024-11-27 03:27:59,,,,,,,35.318970588235295,,
2024-11-27 03:30:04,38.030308123249306,,,,,,,,
2024-11-27 03:31:06,38.00918767507003,,,,,,35.30577030812326,,
2024-11-27 03:33:09,37.99369934640523,,,,,,,,
2024-11-27 03:35:13,37.96413071895425,,,,,,35.422745098039215,,
2024-11-27 03:36:15,37.96694677871148,,,,,,,,
2024-11-27 03:38:19,,36.71239215686274,,,,,,,
2024-11-27 03:51:44,,,37.629019607843134,,,,,,
2024-11-27 04:12:25,38.06269281045751,,,,,,,,
2024-11-27 04:15:31,38.104229691876746,,,,,,,,
2024-11-27 04:17:34,38.15139869281045,,,,,,,,
2024-11-27 05:17:18,38.24996078431373,,,,,,,,
2024-11-27 05:18:20,,,,,,,,,36.88980392156863
2024-11-27 05:21:25,,,,,,,,36.741960784313726,
2024-11-27 05:27:37,,,,,37.03764705882353,,,,
2024-11-27 05:28:40,38.13004357298475,,,,,,,36.59411764705882,
2024-11-27 05:31:45,,,,,,,,36.29843137254902,
2024-11-27 05:36:54,,,,36.00274509803921,,,,,
2024-11-27 05:37:56,38.155710784313726,,,,,,,,
2024-11-27 05:48:13,38.18096732026144,,,,,,,,
2024-11-27 05:53:23,,,,,,38.66392156862745,,,
2024-11-27 05:58:33,38.1521568627451,36.396993464052294,,,,,,,
2024-11-27 05:59:34,38.129411764705885,,,,,,,,
2024-11-27 06:00:36,,,,,,,,,
2024-11-27 06:01:37,,,,,,36.15058823529412,,,
2024-11-27 06:02:39,37.924705882352946,,,,,,,,
2024-11-27 06:03:41,,36.34392156862745,,,,,,,
2024-11-27 06:04:44,37.9986274509804,,,,,,,,
2024-11-27 06:09:53,38.013411764705886,36.45613071895425,,,,,,,
2024-11-27 06:12:59,,36.566397058823526,,,,,,,
2024-11-27 06:15:03,38.07254901960785,,,,,,,,
2024-11-27 06:16:04,,36.550634371395624,,,,,,,
2024-11-27 06:20:10,,36.520196078431375,,,,,,,
2024-11-27 06:21:12,,36.64858617131063,,,,36.71732026143791,,,
2024-11-27 06:23:16,,,,,,36.86516339869281,,,
2024-11-27 06:24:18,,,,,,36.847563025210086,,,
2024-11-27 06:26:22,,,,,,,,,
2024-11-27 06:27:23,,36.60115779645192,,,,,,,
2024-11-27 06:28:25,,36.748680926916215,,,,,,,
2024-11-27 06:29:27,,36.72852049910874,,,,,,,
2024-11-27 06:40:47,,36.75540106951872,,,,36.61259803921568,,,
2024-11-27 06:45:58,37.71772549019608,36.72910485933504,,,,,,,
2024-11-27 06:47:00,,36.70836007130126,,,,,,,
2024-11-27 06:49:04,,36.69491978609626,,,,,,,
2024-11-27 06:52:11,,36.66451914098973,,,,,,,
2024-11-27 06:53:12,,36.66451914098973,,,,,,,
2024-11-27 06:54:14,37.48117647058824,,,,,,,,
2024-11-27 06:56:18,,36.87572362278245,,,,36.567237076648844,,,
2024-11-27 06:57:20,,36.85460317460318,,,,,,,
2024-11-27 06:58:22,,36.92676470588236,,,,,,,
2024-11-27 07:04:34,,36.98590196078432,,,,36.87748366013073,,,
2024-11-27 07:12:48,,,,,,37.01300653594772,,,
2024-11-27 07:15:54,,37.084334365325084,,,,,,,
2024-11-27 07:18:59,37.333333333333336,,,,,,,,
2024-11-27 07:22:05,,,,,,,,,
2024-11-27 07:30:20,,,,,,36.50171568627451,,,
2024-11-27 08:53:00,,37.21505882352941,,,,,,,
2024-11-27 08:54:02,,,,,,36.272341407151096,,,
2024-11-27 08:55:04,,,,,,36.24093681917211,,,
2024-11-27 08:56:05,,,,36.59411764705882,,,,,
2024-11-27 08:58:09,35.41137254901961,37.37365418894831,,,,,,34.9678431372549,
2024-11-27 09:05:21,36.88980392156863,37.3776862745098,,36.44627450980393,,,,,
2024-11-27 09:07:25,,37.06721568627451,37.48117647058824,,,36.09682709447415,,,
2024-11-27 09:08:27,,37.18549019607843,,,,36.00946524064171,,,
2024-11-27 09:09:29,,,,,,35.95132139812446,,,
2024-11-27 09:10:30,,,,,,,,,
2024-11-27 09:11:32,,,37.38261437908496,,,35.885702614379085,,,
2024-11-27 09:12:34,,,,,,35.885702614379085,,,
2024-11-27 09:13:38,,,37.41957516339869,,,35.91995294117647,,,
2024-11-27 09:14:40,,,37.41294117647059,,,35.894705882352945,,,
2024-11-27 09:15:41,,,37.512857142857136,,,35.81509803921569,,,
2024-11-27 09:16:43,,,37.49173669467787,,,35.8321568627451,,,
2024-11-27 09:17:44,,,37.523417366946774,,,35.87132897603486,,,
2024-11-27 09:18:46,,,37.502296918767506,,,35.849426289034135,,,
2024-11-27 09:19:48,,,37.502296918767506,,,35.83847494553377,,,
2024-11-27 09:20:50,,,,,,35.876022408963586,,,
2024-11-27 09:21:51,,,,,,35.90078431372549,,,
2024-11-27 09:22:53,,,37.52341736694678,,,36.00274509803921,,,
2024-11-27 09:23:54,,,37.54941176470589,,,35.98745098039216,,,
2024-11-27 09:24:56,,,37.64133986928105,,,36.069019607843146,,,
2024-11-27 09:26:00,,,,,,36.03970588235295,,,
2024-11-27 09:27:02,,,,,,35.926085693536685,,,
2024-11-27 09:28:04,,,,,,35.92313725490196,,,
2024-11-27 09:29:06,,,,,,35.86058823529412,,,
2024-11-27 09:30:07,,,37.59945098039216,,,35.90812549019608,,,
2024-11-27 09:31:09,,,,,,35.910343137254905,,,
2024-11-27 09:32:11,,,,,,35.95774936061382,,,
2024-11-27 09:33:12,,,,,,35.98258467023174,,,
2024-11-27 09:34:14,,,,,,36.03090569561159,,,
2024-11-27 09:35:16,,,,,,36.07666666666667,,,
2024-11-27 09:36:18,,,,,,36.09611971104231,,,
2024-11-27 09:37:20,,,,,,36.29843137254902,,,
2024-11-27 09:38:22,,,,,,,,,
2024-11-27 09:40:25,38.28375350140056,,,,,,,,
2024-11-27 09:41:27,,,,,,,,,
2024-11-27 09:50:44,,37.38877450980392,,,,,,,
2024-11-27 09:53:50,,37.31690631808279,,36.15058823529412,,,,,
2024-11-27 09:55:54,,,,,,,,,
2024-11-27 09:56:55,,37.30645276292335,,,,36.91752450980392,,,
2024-11-27 09:57:57,,37.247091503267974,,,,,,,
2024-11-27 09:58:59,38.013411764705886,,,,,,,,
2024-11-27 10:00:00,38.03222816399287,,,,36.027385620915034,,,,
2024-11-27 10:01:02,37.99862745098039,,,,36.00274509803922,,,,
2024-11-27 10:02:04,37.94745098039216,,,,36.05202614379085,,,,
2024-11-27 10:03:06,37.935266106442576,,,,36.05202614379085,,,,
2024-11-27 10:04:08,37.87542483660131,,37.03764705882353,,36.027385620915034,,,,
2024-11-27 10:05:10,,,,,,36.873376906318086,,,
2024-11-27 10:06:11,,37.201052631578946,,,,37.22245098039216,,,
2024-11-27 10:07:13,,37.20766666666667,,,,36.93204481792718,,,
2024-11-27 10:08:15,,37.21505882352942,,,,36.95316526610645,,,
2024-11-27 10:11:21,,37.23477124183007,,,,,,,
2024-11-27 10:12:23,,37.2066106442577,,,,,,,
2024-11-27 10:13:27,,37.15732959850608,,,,,,,
2024-11-27 10:14:29,37.82614379084967,37.14516934046346,,,,36.741960784313726,,,
2024-11-27 10:15:30,37.81046345811051,37.15860962566845,,,,36.94894117647059,,,
2024-11-27 10:16:32,37.80257459505541,,,,,,,,
2024-11-27 10:17:34,37.73829497016198,37.15335038363172,,,,,,,
2024-11-27 10:18:35,37.70615515771526,37.18549019607843,,,,,,,
2024-11-27 10:19:38,37.6827807486631,37.197317647058824,,,,,,,
2024-11-27 10:20:39,37.66262032085561,37.230980392156866,,,,,,,
2024-11-27 10:21:41,37.64245989304813,37.25119825708061,,,,,,,
2024-11-27 10:22:43,37.65590017825312,37.31221288515406,,,,,,,
2024-11-27 10:23:45,37.712583120204606,37.3227731092437,,,,,,,
2024-11-27 10:24:48,37.733741830065355,37.34389355742297,,,,,,,
2024-11-27 10:25:50,37.753207843137254,,,,,,,,
2024-11-27 10:26:52,37.74843137254902,37.386134453781516,,,,,,,
2024-11-27 10:27:53,37.749484386347135,37.39141456582633,,,,,,,
2024-11-27 10:28:55,37.739901960784316,37.42837535014006,,,,,,,
2024-11-27 10:29:58,37.73607843137255,37.42837535014006,,,,,,,
2024-11-27 10:31:00,37.73607843137255,37.423095238095236,,,,,,,
2024-11-27 10:32:01,37.739901960784316,37.42309523809524,,,,,,,
2024-11-27 10:33:03,37.74518207282914,37.40470588235294,,,,,,,
2024-11-27 10:34:05,37.750462184873946,37.40470588235295,,,,,,,
2024-11-27 10:35:07,,37.42509803921568,,,,,,,
2024-11-27 10:36:09,37.74518207282914,37.41490196078431,,,,,,,
2024-11-27 10:37:12,37.76591140159768,37.4556862745098,,,,,,,
2024-11-27 10:38:14,,,,,,,,,
2024-11-27 10:39:15,,,,,,,,,
2024-11-27 10:40:17,37.776862745098036,37.51176470588236,,,,,,,
2024-11-27 10:41:19,37.78302287581699,37.52196078431372,,,,,,,
2024-11-27 10:42:20,37.80900255754475,37.52552941176471,,,,,,,
2024-11-27 10:43:22,37.81718360071301,37.53538562091504,,,,,,,
2024-11-27 10:44:24,37.83318394024276,37.50088888888889,,,,,,,
2024-11-27 10:45:27,37.84339215686274,37.4861045751634,,,,,,,
2024-11-27 10:46:29,37.86245614035088,37.45160784313725,,,,,,,
2024-11-27 10:47:31,,37.42696732026145,,,,,,,
2024-11-27 10:48:32,37.88991926182238,37.387542483660134,,,,,,,
2024-11-27 10:49:34,37.88991926182238,37.35304575163399,,,,,,,
2024-11-27 10:50:36,37.90731257208766,37.338431372549024,,,,,,,
2024-11-27 10:51:37,37.908278867102396,37.318039215686284,,,,,,,
2024-11-27 10:52:39,,37.25686274509805,,,,,,,
2024-11-27 10:53:41,37.88122260668973,37.254131652661066,,,,,,,
2024-11-27 10:54:43,,37.18549019607843,,,,,,,
2024-11-27 10:55:45,,,,,,,,,
2024-11-27 10:56:47,,37.0759767610748,,,,36.44627450980393,,,
2024-11-27 10:57:48,,37.06502541757444,,,,,,,
2024-11-27 10:58:50,,37.043122730573714,,,,,,,
2024-11-27 10:59:52,,37.06502541757444,,,,,,,
2024-11-27 11:00:54,,37.05407407407407,,,,37.06721568627451,,,
2024-11-27 11:01:56,,37.06039215686275,,,,36.94894117647059,,,
2024-11-27 11:02:57,,37.049019607843135,,,,36.96372549019608,,,
2024-11-27 11:03:59,,37.05470588235294,,,,,,,
2024-11-27 11:05:01,37.739901960784316,37.04333333333333,,,,,,,
2024-11-27 11:06:02,37.739901960784316,,,,,,,,
2024-11-27 11:07:04,37.75222222222222,37.02581960784314,,,,,,,
2024-11-27 11:08:06,,37.019905882352944,,,,,,,
2024-11-27 11:09:08,37.79030303030303,,,,,,,,
2024-11-27 11:10:09,37.73654188948307,,,,,,,,
2024-11-27 11:11:11,37.75222222222223,36.960511508951406,,,,,,,
2024-11-27 11:12:15,,36.928371696504676,,,,,,,
2024-11-27 11:13:17,,36.903244206773614,,,,,,,
2024-11-27 11:14:19,37.74729411764706,36.903244206773614,,,,,,,
2024-11-27 11:15:20,,36.89652406417112,,,,37.03764705882353,,,
2024-11-27 11:16:22,37.77686274509804,36.923404634581104,,,,,,,
2024-11-27 11:17:24,37.77686274509804,,,,,,,,
2024-11-27 11:18:26,,36.95700534759358,,,,36.97850980392157,,,
2024-11-27 11:19:27,,36.983885918003566,,,,36.15058823529412,,,
2024-11-27 11:20:29,,37.05108734402852,,,,,,,
2024-11-27 11:21:31,37.8050233426704,,,,,,,,
2024-11-27 11:22:33,37.8050233426704,37.076214833759586,,,,,,,
2024-11-27 11:23:35,,37.07621483375959,,,,37.18549019607843,,,
2024-11-27 11:24:37,,37.082642796248926,,,,,,,
2024-11-27 11:25:39,,,,,,,,,
2024-11-27 11:27:42,37.8373440285205,,,,,,,,
2024-11-27 11:28:44,37.830623885918,37.07312941176471,,,,,,,
2024-11-27 11:29:46,37.84757033248082,,,,,,,,
2024-11-27 11:30:48,37.856944444444444,37.084956862745095,,,,,,,
2024-11-27 11:31:49,37.84462418300654,37.0790431372549,,,,,,,
2024-11-27 11:32:51,37.85965490196079,37.0790431372549,,,,,,,
2024-11-27 11:33:53,37.87148235294117,37.09678431372549,,,,,,,
2024-11-27 11:34:55,37.86556862745098,37.09450980392157,,,,,,,
2024-11-27 11:35:58,37.862156862745096,37.10019607843137,,,,,,,
2024-11-27 11:37:00,37.86447349310095,,,,,,,,
2024-11-27 11:38:02,37.935266106442576,37.10269803921568,,,,,,,
2024-11-27 11:39:04,37.93526610644257,37.09450980392157,,,,,,,
2024-11-27 11:40:05,37.924705882352946,37.08882352941177,,,,,,,
2024-11-27 11:41:07,37.91450980392157,37.06607843137255,,,,,,,
2024-11-27 11:42:09,37.900065359477125,37.03764705882353,,,,,,,
2024-11-27 11:43:11,37.92470588235293,37.03764705882353,,,,,,,
2024-11-27 11:44:13,37.93526610644257,37.032366946778716,,,,,,,
2024-11-27 11:45:15,37.91923021060276,36.99540616246499,,,,,,,
2024-11-27 11:46:18,37.92470588235294,36.98156862745098,,,,,,,
2024-11-27 11:47:21,37.941764705882356,36.96117647058824,,,,,,,
2024-11-27 11:48:23,37.92470588235294,36.935686274509806,,,,,,,
2024-11-27 11:49:25,37.91901960784314,36.91620448179272,,,,,,,
2024-11-27 11:50:27,37.91901960784314,36.91170660856936,,,,,,,
2024-11-27 11:51:29,37.896274509803916,36.90117647058824,,,,,,,
2024-11-27 11:52:30,37.8564705882353,36.889803921568635,,,,,,,
2024-11-27 11:53:32,,,,,,,,,
2024-11-27 11:54:34,37.83372549019607,36.7833568627451,,,,,,,
2024-11-27 11:55:36,37.79960784313725,36.741960784313726,,,,,,,
2024-11-27 11:56:38,37.78823529411765,36.71830588235294,,,,,,,
2024-11-27 11:57:40,37.78277647058824,36.676909803921575,,,,,,,
2024-11-27 11:58:43,,36.62368627450981,,,,,,,
2024-11-27 11:59:45,,36.58820392156863,,,,,,,
2024-11-27 12:00:46,,36.564549019607846,,,,,,,
2024-11-27 12:01:48,,36.529066666666665,,,,,,,
2024-11-27 12:02:50,37.721421568627456,36.51403594771242,,,,,,,
2024-11-27 12:03:51,37.72142156862745,36.49769820971867,,,,,,,
2024-11-27 12:04:53,37.715261437908495,,,,,,,,
2024-11-27 12:05:55,37.70910130718954,,,,,,,,
2024-11-27 12:07:59,37.70910130718954,,,,,,,,
2024-11-27 12:09:01,37.72758169934641,,,,,,37.77686274509804,,
2024-11-27 12:10:02,37.69972719522591,36.387137254901965,,,,,,,
2024-11-27 12:11:04,37.59045183290707,36.3899533146592,,,,,,,
2024-11-27 12:12:06,,36.3899533146592,,,,,,,
2024-11-27 12:13:08,37.58869875222816,36.38995331465921,,,,,,,
2024-11-27 12:14:10,,36.404033613445385,,36.95700534759358,,,,,
2024-11-27 12:15:12,37.57525846702317,36.3899533146592,,36.94356506238859,,,,,
2024-11-27 12:16:14,37.57759590792839,36.38995331465921,,36.9883660130719,,,,,
2024-11-27 12:17:16,37.56741830065359,36.375873015873026,,36.96941176470588,,,,,
2024-11-27 12:18:17,37.58170980392157,36.368832866479934,,36.97428571428571,,,,,
2024-11-27 12:20:21,,,,,,,37.92470588235294,,
2024-11-27 12:21:23,37.589215686274514,,,36.95879738562091,,,,,
2024-11-27 12:22:26,37.59490196078431,36.326591970121385,,36.945245098039216,,,,,
2024-11-27 12:23:29,37.599450980392156,,,,,,,,
2024-11-27 12:24:31,37.60437908496732,,,36.92265795206972,,,,,
2024-11-27 12:25:32,37.61053921568628,,,36.93649122807018,,34.82,,,
2024-11-27 12:26:34,,36.360032679738566,,36.9489411764706,,34.6721568627451,,,
2024-11-27 12:27:36,37.65982026143791,36.36913895993181,,36.95633333333334,,,,,
2024-11-27 12:28:38,,36.37907308377897,,,,,,,
2024-11-27 12:29:39,37.70910130718954,36.38579322638147,,,,,,,
2024-11-27 12:30:41,37.70910130718954,36.3969934640523,,,,,,,
2024-11-27 12:31:44,37.70589803921569,36.43149019607844,,,,,,,
2024-11-27 12:32:46,37.64676078431373,36.39452941176471,,36.97850980392157,,,,,
2024-11-27 12:33:50,37.653660130718954,36.42293085655316,,37.01430340557276,,,,,
2024-11-27 12:34:51,37.629019607843134,36.47739938080496,,37.03764705882353,,,,,
2024-11-27 12:35:53,37.629019607843134,36.511982570806104,,,,,,,
2024-11-27 12:36:55,37.63573975044562,36.531867905056764,,37.06373702422145,,,,,
2024-11-27 12:37:57,37.629019607843134,36.5240866873065,,37.07460784313726,,35.63313725490196,,,
2024-11-27 12:38:58,,36.52019607843138,,37.09678431372549,,,,,
2024-11-27 12:40:00,,36.52840958605665,,37.09678431372549,,,37.03764705882353,,
2024-11-27 12:41:02,37.629019607843134,,,37.058767507002806,,35.41137254901961,,,
2024-11-27 12:42:04,37.629019607843134,36.54743034055728,,37.049019607843135,,35.58878431372549,,,
2024-11-27 12:43:06,37.59616557734205,,,,,,,,
2024-11-27 12:44:07,37.61259259259259,,,,,,,,
2024-11-27 12:45:10,37.60437908496733,36.611510957324114,,37.008078431372546,,36.35756862745098,,,
2024-11-27 12:46:12,37.629019607843134,,,,,,,,
2024-11-27 12:47:14,37.629019607843134,,,37.008078431372546,,,,,
2024-11-27 12:48:16,,,,,,,,,
2024-11-27 12:50:19,,,37.24093137254902,,,,,,
2024-11-27 12:54:26,,36.605490196078435,,,,,,,
2024-11-27 12:56:30,,,,,,36.3641394335512,,,
2024-11-27 13:00:39,,36.72964052287582,,,,,,,
2024-11-27 13:01:41,,,37.29637254901961,,,,,,
2024-11-27 13:02:42,,,37.27789215686275,,,,,,
2024-11-27 13:03:44,,,37.29637254901961,,,,,,
2024-11-27 13:04:46,,,37.25941176470589,,,,,,
2024-11-27 13:05:48,,36.85694989106754,37.27789215686275,,,,,,
2024-11-27 13:08:54,38.03843137254902,,37.25941176470589,,,,,,
2024-11-27 13:09:56,38.015686274509804,,,,,36.15058823529412,,,
2024-11-27 13:13:01,,36.85284313725491,,,,,,,
2024-11-27 13:14:03,,,,,,36.34771241830065,,,
2024-11-27 13:21:21,,,,,,36.48851540616247,,,
2024-11-27 13:22:23,,,37.29637254901961,,,,,,
2024-11-27 13:40:57,,,,,,,,,
2024-11-27 13:44:03,,36.87132352941177,,,,35.953464052287586,,,
2024-11-27 13:53:18,,36.68651960784314,,,,36.04709803921568,,,
2024-11-27 13:55:21,38.121830065359475,,,,,,,,
2024-11-27 13:56:23,38.06117647058823,,,,,,,,
2024-11-27 13:57:25,37.95638655462185,,,,,,,,
2024-11-27 13:58:28,,,,,,,,,
2024-11-27 13:59:30,37.89698529411764,,,,,,,,
2024-11-27 14:00:32,,36.69971988795519,,,,35.66481792717087,,,
2024-11-27 14:01:34,37.84257080610022,,,,,,,,
2024-11-27 14:02:36,37.84257080610022,,,,,,,,
2024-11-27 14:03:37,37.80150326797386,,,,,,,,
2024-11-27 14:04:39,37.7846439628483,36.62368627450981,,,,,,,
2024-11-27 14:05:41,,,,,,35.337450980392155,,,
2024-11-27 14:06:43,,,,,,35.39793226381462,,,
2024-11-27 14:07:45,,36.618758169934644,,,,35.325130718954256,,,
2024-11-27 14:08:48,37.73829497016198,,,,,,,,
2024-11-27 14:09:50,,36.50541176470589,,,,,,,
2024-11-27 14:11:54,37.74472293265133,,,,,35.42274509803922,,,
2024-11-27 14:12:55,37.71638146167558,,,,,35.56977591036415,,,
2024-11-27 14:13:57,37.69942110177405,,,,,35.58033613445379,,,
2024-11-27 14:14:59,37.63641176470589,,,,,35.55921568627452,,,
2024-11-27 14:16:01,37.558988648090825,,,,,,,34.5243137254902,
2024-11-27 14:17:02,37.49760348583878,,,,,35.6676339869281,,34.2286274509804,
2024-11-27 14:18:04,37.50581699346405,,,,,,,,
2024-11-27 14:19:06,37.455086505190316,,,,,,,,
2024-11-27 14:20:08,37.40725490196078,,,,,,,,
2024-11-27 14:21:09,37.353045751633985,,,,,,,,
2024-11-27 14:22:12,37.30165266106443,,,,,,,,
2024-11-27 14:23:14,37.30165266106443,37.086928104575165,,,,,,,
2024-11-27 14:24:15,,,,,,36.38539792387543,,,
2024-11-27 14:25:17,37.301652661064416,,,,,36.559331026528255,,34.37647058823529,
2024-11-27 14:26:19,,,,,,36.470915032679734,,,
2024-11-27 14:28:24,,,,,,36.487342047930284,,,
2024-11-27 14:29:26,,,,,,36.659825708061,,,
2024-11-27 14:30:27,,37.351813725490196,,,,,,,
2024-11-27 14:31:29,,37.33333333333333,37.43682352941177,,,,,,
2024-11-27 14:32:31,,37.33333333333333,37.34677361853833,,,,,,
2024-11-27 14:33:33,,37.35072664359863,37.37365418894831,,,37.14200692041523,,,
2024-11-27 14:34:39,,37.29226579520698,,,,37.25941176470588,,,
2024-11-27 14:35:41,,37.23995872033024,,,,,,,
2024-11-27 14:36:44,,37.200274509803926,,,,37.28985005767013,,,
2024-11-27 14:37:46,,37.200274509803926,37.24235294117647,,,37.29854671280277,37.31690631808279,,
2024-11-27 14:38:48,,37.200274509803926,,,,,,,
2024-11-27 14:39:50,,37.18549019607843,37.21960784313726,,,37.23217750257999,37.30047930283225,,
2024-11-27 14:40:52,,37.23217750257998,,,,37.23723529411765,,,
2024-11-27 14:41:53,,37.23217750257998,37.21960784313726,,,37.2298431372549,36.93012477718361,,
2024-11-27 14:42:55,,37.216615067079466,37.19686274509804,,,37.377686274509806,36.828202614379094,,
2024-11-27 14:43:57,,37.239958720330236,37.230980392156866,,,37.281588235294116,36.76470588235295,,
2024-11-27 14:44:58,,37.22439628482972,37.20823529411764,,,37.155921568627456,36.753333333333345,,
2024-11-27 14:46:00,,37.23217750257998,37.219607843137254,,,37.192882352941176,36.76470588235295,,
2024-11-27 14:47:02,,37.24298474945534,37.230980392156866,,,,,,
2024-11-27 14:52:11,,,,,,,,,
2024-11-27 14:53:13,,,,,,37.063358908780906,,,
2024-11-27 14:54:14,,37.26433986928104,37.25941176470589,,,,,,
2024-11-27 14:55:16,,,37.27419607843137,,,37.03121909633419,36.66235294117648,,
2024-11-27 14:56:18,,,,,,,,,
2024-11-27 14:57:19,,,,,,,36.673725490196084,,
2024-11-27 14:58:23,,,,,,37.07621483375959,,,
2024-11-27 14:59:24,,,,,,37.07621483375959,,,
2024-11-27 15:01:28,,,,,,37.01748663101605,36.66131907308378,,
2024-11-27 15:02:30,,,,,,,36.62099821746881,,
2024-11-27 15:03:31,,,,,,36.98132586367881,36.634438502673795,,
2024-11-27 15:04:33,,,,,,37.10100840336135,36.68819964349375,,
2024-11-27 15:05:35,,,,,,,,,
2024-11-27 15:07:38,,,,,,37.00244631185808,,,
2024-11-27 15:08:40,,,,,,37.12916900093371,,,
2024-11-27 15:09:42,,,,,,37.11156862745098,36.86292335115865,,
2024-11-27 15:14:53,,,,,,37.098128342245985,,,
2024-11-27 15:15:55,,,,,,37.030926916221034,,,
2024-11-27 15:16:56,,,,,,37.030926916221034,,,
2024-11-27 15:17:58,,,,,,37.02420677361854,,,
2024-11-27 15:19:00,,,37.03764705882353,,,37.02420677361854,,,
2024-11-27 15:23:09,,37.333333333333336,37.333333333333336,,,,,,
2024-11-27 15:24:11,,36.74196078431373,,,,,,,
2024-11-27 15:27:16,37.333333333333336,36.889803921568635,,,,,,,
2024-11-27 15:28:18,37.03764705882353,37.03764705882354,,,,,,,
2024-11-27 15:48:59,,,,,,37.11896078431373,36.97428571428572,,
2024-11-27 15:50:00,,,,,,37.059823529411766,37.1362091503268,,
2024-11-27 15:51:02,,,,,,37.11896078431373,37.42203921568627,,
2024-11-27 15:52:04,,,,,,37.200274509803926,37.45160784313726,,
2024-11-27 15:53:06,,,,,,37.17770897832818,,,
2024-11-27 15:54:08,,,,,,37.20883384932921,37.48117647058824,,
2024-11-27 15:55:10,37.18549019607843,,,,,,,,
2024-11-27 15:58:15,,,,,,37.2477399380805,,,
2024-11-27 15:59:17,,37.165777777777784,,,,,,,
2024-11-27 16:02:23,,,,,,37.084334365325084,,,
2024-11-27 16:04:26,,,36.00274509803921,,,,,,
2024-11-27 16:05:28,,,,,,,,37.48117647058824,
2024-11-27 16:07:33,,,,,,37.0006862745098,,,
2024-11-27 16:08:35,,37.15070357554788,,,,,,,
2024-11-27 16:15:49,,37.15070357554787,,,,,,,
2024-11-27 16:17:52,37.86556862745098,37.20288350634372,,,,36.9733674339301,,,
2024-11-27 16:18:54,38.04298039215686,37.234771241830074,,,,36.915515771526,,,
2024-11-27 16:19:58,,37.20883384932921,,,,36.84480818414323,,,
2024-11-27 16:21:00,,,,,,36.780528559249795,,,
2024-11-27 16:22:02,,37.24885154061626,,,,,,,
2024-11-27 16:23:03,,37.2392513368984,,,,36.6776811594203,,,
2024-11-27 16:24:06,,37.224057971014496,,,,36.619829497016205,,,
2024-11-27 16:25:08,,37.22245098039215,,,,36.61259803921569,,,
2024-11-27 16:26:09,,37.2387137254902,,,,36.63107843137255,,,
2024-11-27 16:27:11,38.10950980392157,37.25054117647059,,,,36.61185882352942,,,
2024-11-27 16:28:13,,,,,,36.58229019607843,,,
2024-11-27 16:29:15,,37.262149600580976,,,,36.57705882352941,,,
2024-11-27 16:30:17,38.127990196078436,37.27525210084035,,,,,,,
2024-11-27 16:31:20,,37.32805322128852,,,,36.544836601307196,,,
2024-11-27 16:32:22,,37.32805322128853,,,,36.546596638655465,,,
2024-11-27 16:33:24,,37.31749299719888,,,,36.55333333333334,,,
2024-11-27 16:34:26,,37.322773109243705,,,,36.54823529411765,,,
2024-11-27 16:35:28,,37.34389355742297,,,,36.55843137254902,,,
2024-11-27 16:36:29,38.19575163398693,37.333333333333336,,,,36.54313725490197,,,
2024-11-27 16:37:31,38.097189542483655,37.333333333333336,,,,36.54823529411765,,,
2024-11-27 16:38:33,38.19575163398692,37.358823529411765,,,,36.55469281045752,,,
2024-11-27 16:39:35,38.17111111111111,37.37921568627451,,,,36.55962091503269,,,
2024-11-27 16:40:37,,37.37411764705883,,,,36.54976470588235,,,
2024-11-27 16:41:39,,37.35882352941176,,,,36.539908496732025,,,
2024-11-27 16:42:41,,37.36392156862745,,,,36.55469281045752,,,
2024-11-27 16:43:44,,37.363921568627454,,,,36.54976470588235,,,
2024-11-27 16:44:46,,37.36783006535948,,,,36.55469281045752,,,
2024-11-27 16:45:48,,,,,,36.544836601307196,,,
2024-11-27 16:46:50,,37.39247058823529,,,,36.495555555555555,,,
2024-11-27 16:47:53,,37.39739869281046,,,,36.49555555555556,,,
2024-11-27 16:48:55,,37.39960784313726,,,,36.49725490196078,,,
2024-11-27 16:49:56,,37.396694677871146,,,,36.543137254901964,,,
2024-11-27 16:50:58,,37.42837535014006,,,,36.54131652661064,,,
2024-11-27 16:52:00,,37.44421568627451,,,,36.555787944807555,,,
2024-11-27 16:53:02,,37.44832244008715,,,,36.54862745098039,,,
2024-11-27 16:54:03,,37.44137254901961,,,,36.540894117647056,,,
2024-11-27 16:55:05,,37.445694117647065,,,,36.56331699346405,,,
2024-11-27 16:56:07,,37.468856209150324,,,,36.581261722080136,,,
2024-11-27 16:57:09,,37.481176470588245,,,,36.58067736185383,,,
2024-11-27 16:58:10,,37.46189258312021,,,,36.56595704948646,,,
2024-11-27 16:59:13,,37.46101604278075,,,,36.56454901960784,,,
2024-11-27 17:00:14,,37.47413632119515,,,,36.570773993808054,,,
2024-11-27 17:01:16,,37.48856862745099,,,,36.57769063180828,,,
2024-11-27 17:02:18,38.220392156862744,,,,,36.63518518518518,,,
2024-11-27 17:03:19,,37.48117647058824,,,,36.66803921568627,,,
2024-11-27 17:10:34,38.20560784313725,,,,,,,,
2024-11-27 17:14:40,,,,36.44627450980393,,,,,
2024-11-27 17:15:42,38.220392156862744,,,,,,,,
2024-11-27 17:16:44,38.24727272727273,37.545857843137256,,,,,,,
2024-11-27 17:21:52,38.18343137254902,,,,,,,,
2024-11-27 17:22:54,38.10666666666667,,,,,,,,
2024-11-27 17:23:56,38.14078431372549,,,,,,,,
2024-11-27 17:24:58,38.135910364145666,,,,,,,,
2024-11-27 17:25:59,38.135910364145666,,,,,,,,
2024-11-27 17:31:08,,,,,36.88980392156863,,,,
2024-11-27 17:34:13,,,37.333333333333336,,,,,,
2024-11-27 17:35:15,38.135910364145666,,,,,,,,
2024-11-27 17:40:24,,,39.10745098039216,,,,,,
2024-11-27 17:43:29,,,,,,37.19893048128342,,,
2024-11-27 17:44:31,,,,,,37.19893048128342,38.36823529411765,,
2024-11-27 17:46:34,,37.69370098039216,,,,,,,
2024-11-27 17:47:36,,37.69370098039216,,,,,,,
2024-11-27 17:54:48,,,,,,37.288980392156866,,,
2024-11-27 18:24:43,38.013411764705886,,,,,,,,
2024-11-27 18:31:55,,37.671260504201676,,,,37.02286274509804,,,
2024-11-27 18:32:57,38.09102941176471,37.724061624649856,,,,37.118288770053475,,,
2024-11-27 18:33:59,,37.70294117647059,,,,37.21013071895425,,,
2024-11-27 18:35:01,37.94582633053222,37.70294117647059,,,,,,,
2024-11-27 18:36:03,,37.69238095238096,,,,37.30869281045752,,,
2024-11-27 18:37:04,,37.713501400560226,,,,37.173169934640526,,,
2024-11-27 18:38:06,,37.76549019607843,,,,,,,
2024-11-27 18:39:08,,37.77686274509804,,,,,,,
2024-11-27 18:40:10,,37.788235294117655,,,,,,,
2024-11-27 18:41:12,,37.77686274509804,,,,37.333333333333336,,,
2024-11-27 18:42:13,,37.720000000000006,,,,37.333333333333336,,,
2024-11-27 18:43:15,,37.77686274509804,,,,37.30376470588236,,,
2024-11-27 18:44:19,,,37.467736185383245,,,,,,
2024-11-27 18:45:21,,,37.45653594771242,,,,,,
2024-11-27 18:46:23,,,,,,,37.01300653594771,,
2024-11-27 18:47:25,,,37.42837535014006,,,,,,
2024-11-27 18:48:26,,,,,,37.24462745098039,,,
2024-11-27 18:49:28,,,,,,37.15263616557734,,,
2024-11-27 18:52:34,37.92470588235294,,37.431895424836604,,,,,,
2024-11-27 18:54:37,,,37.41649509803922,,,,,,
2024-11-27 18:56:41,,,37.41160322952711,,,,,,
2024-11-27 18:58:44,,,,36.88980392156863,,,,,
2024-11-27 19:09:04,,,37.440108932461875,,,,,,
2024-11-27 19:14:13,,,,,,,,,
2024-11-27 19:16:16,,,37.47378431372549,,,,36.9883660130719,,
2024-11-27 19:17:18,,,37.51637721755368,,,,36.9883660130719,,
2024-11-27 19:18:19,,,37.541657754010686,,,,37.01300653594771,,
2024-11-27 19:19:21,,,37.54837789661319,,,37.333333333333336,37.03764705882353,,
2024-11-27 19:20:23,,,37.558618113912225,,,,37.210130718954254,,
2024-11-27 19:21:25,,,37.55509803921568,,,,,,
2024-11-27 19:25:31,,,37.57727450980392,,,,,,
2024-11-27 19:26:33,,37.333333333333336,,,,37.29109243697479,,,
2024-11-27 19:27:35,,,37.495256769374414,,,,,,
2024-11-27 19:28:37,37.998627450980386,,,,,,,,
2024-11-27 19:36:55,,,37.48821661998133,,,,,,
2024-11-27 19:37:56,38.00918767507003,,37.46005602240896,,,,,,
2024-11-27 19:42:04,,,,,,37.01300653594772,,,
2024-11-27 19:43:05,38.00918767507003,,37.387094474153294,,,,,,
2024-11-27 19:44:07,,,37.360213903743315,,,,,,
2024-11-27 19:45:10,,,37.36021390374331,,,,,,
2024-11-27 19:46:12,38.00918767507003,,37.34037348272642,,,,,,
2024-11-27 19:47:14,37.988067226890756,,,,,,,,
2024-11-27 19:48:16,37.988067226890756,,,,,,,,
2024-11-27 20:04:46,,,,,,,,,
2024-11-27 20:16:08,,37.284052287581694,,,,36.983885918003566,,,
2024-11-27 20:17:10,,,,,,37.04996732026144,,,
2024-11-27 20:18:12,,,37.40725490196078,,,36.83294117647059,,,
2024-11-27 20:19:14,37.988067226890756,,37.444215686274504,,,36.776078431372554,,,
2024-11-27 20:21:18,,,,,,,,,36.741960784313726
2024-11-27 20:31:37,,,37.41218300653595,,,,,,
2024-11-27 20:32:39,,,37.42837535014006,,,,,,
2024-11-27 20:33:41,,,37.44705882352942,,,,,,
2024-11-27 20:34:47,,,37.435686274509806,,,,,,
2024-11-27 20:35:49,,,37.40725490196079,,,,,,
2024-11-27 20:36:51,,,37.34677361853833,,,36.917524509803926,35.41137254901961,,
2024-11-27 20:38:54,,37.308692810457515,,,,36.76968137254902,,,
2024-11-27 20:39:56,,37.31058823529412,37.21505882352942,,,36.76044117647059,,,
2024-11-27 20:40:57,,37.31221288515406,,,,36.76968137254902,,,
2024-11-27 20:41:59,,,,,,36.917524509803926,,,
2024-11-27 20:43:01,,37.25372549019608,,,,36.91589388696656,,,
2024-11-27 20:44:03,,37.20823529411764,,,,36.90828431372549,,,
2024-11-27 20:45:05,,37.23829131652661,,,,37.01793464052288,,,
2024-11-27 20:46:07,,37.254483660130724,,,,36.94260504201681,,,
2024-11-27 20:47:09,,37.25941176470589,,,,36.878431372549024,,,
2024-11-27 20:48:11,,,,,,,,,
2024-11-27 20:49:12,,,,,,36.821568627450986,35.55921568627451,,
2024-11-27 20:51:15,,37.26330237358102,,,,,,,
2024-11-27 20:55:22,38.24996078431372,37.25941176470589,,,,36.953165266106446,,,
2024-11-27 20:56:24,,,,,,37.086928104575165,,,
2024-11-27 20:57:26,38.23383244206774,,,,,,,,
2024-11-27 20:58:28,38.23383244206774,,,,,,,,
2024-11-27 20:59:31,38.220392156862744,37.326905370843996,38.07254901960785,,,,,,
2024-11-27 21:00:32,,37.35261722080136,,,,,,,
2024-11-27 21:01:34,38.23176470588235,,,,,,,,
2024-11-27 21:02:36,,,,,,37.17204991087343,,,
2024-11-27 21:03:38,,37.3641339869281,,,,,,,
2024-11-27 21:04:40,38.23176470588235,37.38261437908497,,,,,,,
2024-11-27 21:05:41,,37.38877450980392,,,,,,,
2024-11-27 21:06:43,38.22039215686274,37.4195751633987,,,,,,,
2024-11-27 21:08:46,38.23176470588235,37.44421568627451,,,,,,,
2024-11-27 21:10:50,38.257352941176464,37.433866666666674,,,,,,,
2024-11-27 21:11:54,,37.418627450980395,,,,,,,
2024-11-27 21:12:56,,37.418627450980395,,,,37.647499999999994,,,
2024-11-27 21:13:58,,37.412941176470596,38.22039215686274,,,37.69238095238096,,,
2024-11-27 21:14:59,,,,,,,,,
2024-11-27 21:16:01,,37.42309523809524,,,,,,,
2024-11-27 21:17:03,,37.41781512605043,,,,,,,
2024-11-27 21:18:05,38.220392156862744,37.40725490196079,,,,,,,
2024-11-27 21:19:07,38.220392156862744,37.42094408133624,,,,,,,
2024-11-27 21:20:09,,37.42094408133624,,,,37.713501400560226,,,
2024-11-27 21:21:11,,37.42641975308642,,,,37.54453781512605,,,
2024-11-27 21:22:13,,37.43737109658679,,,,37.52341736694678,,,
2024-11-27 21:23:15,,37.452745098039216,,,,37.54453781512605,,,
2024-11-27 21:24:19,,37.43978039215687,,,,,,,
2024-11-27 21:25:20,,37.43805555555556,,,,,,,
2024-11-27 21:26:22,,37.45546462063087,,,,,,,
2024-11-27 21:27:24,,37.461016042780756,,,,,,,
2024-11-27 21:28:25,,37.44597572362279,,,,,,,
2024-11-27 21:29:27,,37.43682352941176,,,,,,,
2024-11-27 21:31:30,,37.466392156862746,,,,,,,
2024-11-27 21:32:32,,37.42670794633643,,,,,,,
2024-11-27 21:33:33,,37.42368191721133,,,,,,,
2024-11-27 21:34:35,,37.45508650519031,,,,,,,
2024-11-27 21:57:16,,,,,,37.629019607843134,,,
2024-11-27 21:58:17,35.55921568627451,,,,,,,,
2024-11-27 22:00:21,,,,,,36.29843137254902,,,
2024-11-27 22:02:26,,37.44705882352941,,,,,,,
2024-11-27 22:03:28,35.97317647058824,,,,,,,,
2024-11-27 22:04:29,36.26886274509805,,,,,,,,
2024-11-27 22:05:31,36.20434937611408,,,,,,,,
2024-11-27 22:08:36,36.36563279857398,,,,,,,,
2024-11-27 22:09:37,36.495555555555555,,35.928823529411765,,,,,,
2024-11-27 22:10:38,,,35.928823529411765,,,,,,
2024-11-27 22:11:41,,,35.95839215686274,,,,,,
2024-11-27 22:12:43,,37.82614379084968,35.98796078431373,,,,,,
2024-11-27 22:13:45,36.929228758169934,,36.017529411764706,,,,,,
2024-11-27 22:15:48,37.0006862745098,,35.95839215686274,,,,,,
2024-11-27 22:16:50,37.05504036908881,,,,,,,,
2024-11-27 22:19:54,,,35.95839215686274,,,,,,
2024-11-27 22:24:01,,,35.97317647058823,,,,,,
2024-11-27 22:25:02,37.08433436532508,,,,,,,,
2024-11-27 22:28:10,,,35.94360784313725,,,,,,
2024-11-27 22:30:14,37.11508870214753,37.90499346405229,,,,,,,
2024-11-27 22:31:16,,37.924705882352946,,,,,,,
2024-11-27 22:32:18,37.35445378151261,37.92470588235295,,,,,,,
2024-11-27 22:36:24,,37.95079584775087,,,,,,,
2024-11-27 22:37:26,37.46005602240897,37.94209919261823,,,,,,,
2024-11-27 22:38:27,,,,,,38.22039215686274,,,
2024-11-27 22:39:29,37.52341736694678,37.94209919261823,,,,,,,
2024-11-27 22:40:31,37.52341736694678,37.900065359477125,,,,,,,
2024-11-27 22:41:35,37.57525846702317,37.898615916955016,,,,,,,
2024-11-27 22:42:37,37.72758169934641,37.85899782135077,,,,,,,
2024-11-27 22:43:38,37.88246498599439,37.86721132897603,,,,,,,
2024-11-27 22:44:40,38.035588235294114,37.86721132897603,,,,,,,
2024-11-27 22:45:41,38.028196078431364,37.8780185758514,,,,,,,
2024-11-27 22:46:43,38.0503725490196,37.88774509803922,,,,,,,
2024-11-27 22:47:45,38.11145510835913,37.82614379084968,,,,,,,
2024-11-27 22:48:47,38.11145510835913,37.81910364145659,,,,,,,
2024-11-27 22:49:49,38.08897603485838,37.76982259570495,,,,,,,
2024-11-27 22:50:50,,37.7346218487395,,,,,,,
2024-11-27 22:57:03,38.14212226066897,,,,,,,,
2024-11-27 23:02:12,38.146470588235296,,,,,,,,
2024-11-27 23:03:14,,,,,,,,,
2024-11-27 23:16:38,,,,,,38.51607843137255,,,
2024-11-27 23:19:43,,37.71115468409587,,,,,,,
2024-11-27 23:20:45,38.15951557093426,,,,,,,,
2024-11-27 23:21:47,,37.68446078431373,,,,,,,
2024-11-27 23:23:51,38.220392156862744,,37.333333333333336,,,,,,
2024-11-27 23:24:52,,,37.629019607843134,,,,,,
2024-11-27 23:43:23,,37.572156862745096,,,,,,,
2024-11-27 23:56:46,,37.592058823529406,,,,,,,
2024-11-28 00:00:52,,,,,,,,,
2024-11-28 00:01:54,,,,,,,36.1801568627451,,
2024-11-28 00:03:57,,37.56331154684096,,,,,,,
2024-11-28 00:06:01,,37.499656862745105,,,,,,,
2024-11-28 00:07:03,,37.39669467787115,,,,,36.34771241830065,,
2024-11-28 00:08:04,38.245032679738564,,,,,,36.361792717086836,35.115686274509805,
2024-11-28 00:09:06,38.26967320261438,,,,,,36.192829131652665,35.85490196078432,
2024-11-28 00:10:10,,,,37.92470588235294,,,,,
2024-11-28 00:11:11,38.39287581699346,,36.86023529411765,,,,,,
2024-11-28 00:12:13,,,,,,37.82614379084967,,37.03764705882353,
2024-11-28 00:13:15,38.39511586452763,,,,,,,36.88980392156863,
2024-11-28 00:14:16,,,,,,38.02326797385621,,,
2024-11-28 00:15:18,,,36.59411764705882,,37.086928104575165,38.04790849673203,,,
2024-11-28 00:16:20,,,37.18549019607843,37.333333333333336,,37.90006535947712,,,
2024-11-28 00:17:22,,,,,37.01300653594772,,,,
2024-11-28 00:18:23,38.368235294117646,,,37.18549019607843,37.058767507002806,,,,
2024-11-28 00:19:25,38.33127450980392,,,,,,36.06610644257704,,
2024-11-28 00:21:29,,,,,,37.875424836601304,,,
2024-11-28 00:23:34,38.32475201845444,,,,37.07988795518207,37.90006535947712,,,
2024-11-28 00:24:36,38.29431372549019,,,,,,36.39083333333333,,
2024-11-28 00:25:38,38.32154798761609,,35.55921568627451,,,,36.63107843137255,,
2024-11-28 00:26:39,38.34489164086687,,,,,,,37.45160784313726,
2024-11-28 00:28:42,38.3215479876161,,,,,,,,
2024-11-28 00:33:52,,36.88980392156863,,,,,,,
2024-11-28 00:34:54,,37.333333333333336,,,37.05243137254902,,,,
2024-11-28 00:35:55,,37.18549019607843,,,37.010766488413545,,,,
2024-11-28 00:36:57,38.333034547152195,,,,,,,,
2024-11-28 00:37:59,38.34135472370767,,,,,,,37.83230392156863,
2024-11-28 00:39:00,38.35537936913896,,,,,,,37.82614379084968,
2024-11-28 00:40:02,38.349754901960786,,,,,,,,
2024-11-28 00:41:04,38.368235294117646,,,,37.03764705882353,,,,
2024-11-28 00:42:06,,,,,,,,,
2024-11-28 00:43:08,,,,,,,,,
2024-11-28 00:44:09,,,,,,,36.75935409457901,37.830623885917994,
2024-11-28 00:45:11,38.39666666666666,,,,,,36.75935409457901,37.84406417112299,
2024-11-28 00:46:12,38.402352941176474,,,,37.091408199643496,,36.79414071510957,37.83846405228758,
2024-11-28 00:47:14,38.402352941176474,,,,,,36.81588235294117,37.83846405228758,
2024-11-28 00:48:18,38.40371764705882,,,,,,36.78816176470588,,
2024-11-28 00:49:20,38.39903594771241,,,,37.16084967320261,,36.79740196078431,,
2024-11-28 00:50:21,38.39903594771241,37.333333333333336,,,37.17316993464052,,36.80664215686275,,
2024-11-28 00:51:23,38.41554509803922,,,,37.19893048128342,,36.81588235294117,,
2024-11-28 00:52:25,38.40371764705882,36.741960784313726,,,37.17070588235295,,,,
2024-11-28 00:53:26,38.41135620915032,,,,,,36.80664215686275,37.94934640522876,
2024-11-28 00:54:28,38.426086956521736,,,,,,36.80664215686275,37.98630718954249,
2024-11-28 00:55:30,38.46465473145779,,,,,,36.80664215686275,38.00534759358289,
2024-11-28 00:56:32,38.47108269394714,,,,,,36.80664215686275,37.97846702317291,
2024-11-28 00:57:33,38.50965046888321,,,,37.11978213507625,,36.88110726643599,,
2024-11-28 00:58:35,38.548218243819264,,,,37.16906318082789,,36.91589388696656,,
2024-11-28 00:59:37,38.5832798573975,,,,37.11978213507625,,36.93908496732027,,
2024-11-28 01:00:38,38.59321398124467,,,,37.13620915032679,,,,
2024-11-28 01:01:40,38.576559714795,,,,,,36.971938997821354,38.023267973856214,
2024-11-28 01:02:41,38.59672014260249,,,,,,,,
2024-11-28 01:05:46,,36.81588235294117,,,,,,,
2024-11-28 01:07:50,,,,,,,,37.988067226890756,
2024-11-28 01:08:51,,,,,,,,37.988067226890756,
2024-11-28 01:10:54,38.63032085561496,,,,,,,,
2024-11-28 01:11:56,,,37.18549019607843,,,,,,
2024-11-28 01:12:58,,36.9883660130719,,,,,,,
2024-11-28 01:14:02,,,,,,,,38.04790849673203,
2024-11-28 01:15:04,38.643761140819954,36.889803921568635,37.333333333333336,,,,,,
2024-11-28 01:16:05,38.65688141923435,36.840522875816994,37.629019607843134,,,,,,
2024-11-28 01:18:09,,36.96372549019608,,,,,37.19473039215686,,
2024-11-28 01:19:11,38.65688141923436,,,,,,,,
2024-11-28 01:20:12,,,,,,,37.25017156862745,,
2024-11-28 01:21:13,38.64913725490196,,,,,,37.26865196078431,,
2024-11-28 01:22:16,,,,,,,37.324093137254906,,
2024-11-28 01:23:18,38.66392156862746,,,,,,37.333333333333336,,
2024-11-28 01:24:20,38.671313725490194,,,,,,37.34318954248366,,
2024-11-28 01:25:21,38.66392156862745,,,,37.629019607843134,,37.34318954248366,,
2024-11-28 01:26:25,38.65048128342246,37.03764705882353,,,,,,,
2024-11-28 01:27:26,38.65106564364876,37.148529411764706,,,,,37.2840522875817,,
2024-11-28 01:28:28,38.657493606138104,,,,,,,,
2024-11-28 01:29:30,38.657493606138104,,,,,,,,
2024-11-28 01:30:31,38.6577614379085,,,,,,37.30376470588236,,
2024-11-28 01:31:33,38.65209411764706,,,,,,37.2840522875817,,
2024-11-28 01:32:35,,,,,,,37.343189542483664,,
2024-11-28 01:33:37,38.63928104575163,,,,,,37.36290196078432,,
2024-11-28 01:34:38,38.606069906223354,,,,,,37.29109243697479,,
2024-11-28 01:35:40,38.63032085561497,,,,,,37.280532212885156,,
2024-11-28 01:36:41,,,,,,,37.230980392156866,,
2024-11-28 01:37:43,,37.8631045751634,,,,,,,
2024-11-28 01:38:44,38.6216806722689,37.79960784313726,,,,,,,
2024-11-28 01:39:46,38.61217647058823,,,,,,,,
2024-11-28 01:40:49,38.60945304437564,,,,,,,,
2024-11-28 01:41:50,38.601671826625385,,,,,,,,
2024-11-28 01:42:52,38.578328173374615,37.924705882352946,,,,,,,
2024-11-28 01:43:53,38.554984520123845,37.95882352941176,,,,,,,
2024-11-28 01:44:55,,,37.92470588235294,,,,,,
2024-11-28 01:45:57,38.47717234262126,37.98156862745098,,,,,,,
2024-11-28 01:46:58,38.45382868937049,37.97019607843137,,,,,,,
2024-11-28 01:48:01,,37.99294117647059,,,,,,,
2024-11-28 01:49:02,38.45858387799565,,,,,,,,
2024-11-28 01:52:09,,37.99294117647059,,,,,,,
2024-11-28 01:53:11,,37.98156862745098,,,,,,,
2024-11-28 01:54:13,,37.99294117647059,,,,,,,
2024-11-28 01:55:15,,37.99294117647059,,,,,,,
2024-11-28 01:56:17,,37.98156862745098,,,,,,,
2024-11-28 01:57:18,,37.95882352941176,,,,,,,
2024-11-28 01:58:20,,37.93607843137255,,,,,,,
2024-11-28 02:00:24,38.30355392156863,,,,,,,,
2024-11-28 02:01:25,38.28938562091503,,,,,,,,
2024-11-28 02:04:32,38.283753501400554,,,,,,,,
2024-11-28 02:05:35,38.27725490196079,,,,,,,,
2024-11-28 02:10:43,,,,,,,,,
2024-11-28 02:14:50,38.27319327731092,,,,,,,,
2024-11-28 02:17:56,,,,,,36.00274509803921,37.92470588235294,,
2024-11-28 02:20:00,,,,,,36.88980392156863,,,
2024-11-28 02:22:03,,,37.18549019607843,,,,,,
2024-11-28 02:23:04,,,,,,,36.00274509803921,,
2024-11-28 02:25:08,38.2943137254902,,,,,,,,
2024-11-28 02:26:10,,,,,,37.27419607843137,,,
2024-11-28 02:27:11,,,,,,37.30869281045752,,,
2024-11-28 02:28:13,38.2795294117647,37.94113289760348,37.18549019607843,,,,,,
2024-11-28 02:29:15,38.28938562091503,,38.07254901960785,,,,,,
2024-11-28 02:42:38,38.26967320261438,,,,,,,,
2024-11-28 02:44:41,,37.7275816993464,,,,,,,
2024-11-28 02:56:00,,37.760435729847494,,,,,,,
2024-11-28 04:01:53,,,37.629019607843134,,,,,,
2024-11-28 04:03:56,38.98072829131653,,,,,,,,
2024-11-28 04:08:07,39.24473389355742,,37.629019607843134,,,,,,
2024-11-28 04:14:17,39.445378151260506,,,,,,,,
2024-11-28 04:26:38,,,,,,37.4318954248366,,,
2024-11-28 04:27:40,,37.96905882352941,,,,37.56988235294118,,,
2024-11-28 04:29:43,39.809705882352944,,,,,,,,
2024-11-28 04:35:54,,37.92470588235294,,,,,,,
2024-11-28 04:42:04,,37.88035294117647,,,,,,,
2024-11-28 04:44:10,,37.89513725490196,,,,38.51607843137255,,,
2024-11-28 04:46:13,39.994509803921574,,,,,,,,
2024-11-28 05:23:20,,37.88774509803922,,,,36.88980392156863,,,
2024-11-28 05:35:41,,,,35.41137254901961,,,,,
2024-11-28 05:40:49,,,,,,,,,
2024-11-28 05:47:00,40.03341589267286,,,,,,,,
2024-11-28 05:48:02,40.04119711042312,,,,,,,,
2024-11-28 05:49:06,40.06454076367389,,,,,,,,
2024-11-28 05:51:09,40.09566563467492,37.702941176470596,,,,,,,
2024-11-28 05:52:11,40.13457172342622,,,,,,,,
2024-11-28 05:53:13,40.232701525054466,,,,,,,,
2024-11-28 05:54:14,40.232701525054466,,,,,,,,
2024-11-28 05:56:18,40.25734204793028,,,,,,,,
2024-11-28 05:57:19,40.3597693194925,,,,,,,,
2024-11-28 05:59:23,40.377162629757784,,,,,,,,
2024-11-28 06:00:24,40.25734204793029,,,,,,,,
2024-11-28 06:01:26,40.165696594427246,,,,,,,,
2024-11-28 06:02:28,40.28198257080609,,,,,,,,
2024-11-28 06:03:29,40.29019607843137,,,,,,,,
2024-11-28 06:04:31,40.28198257080609,,,,,,,,
2024-11-28 06:07:36,,,,,,,,,
2024-11-28 06:14:52,,,,,,,35.231848739495796,,
2024-11-28 06:26:10,,,,,,,35.293098039215685,,
2024-11-28 06:27:12,40.06350326797385,,,,,,,,
2024-11-28 06:28:14,39.97338935574229,,,,,,35.246136101499424,,
2024-11-28 06:41:39,,,,,,,35.23067538126362,,
2024-11-28 06:42:40,,,34.79535947712418,,,,35.20127966976265,,
2024-11-28 06:43:43,,,,,,,,,
2024-11-28 06:44:44,,,34.78303921568627,,,,35.18608776844072,,
2024-11-28 06:45:46,,,,,,,35.18960784313726,,
2024-11-28 06:46:47,39.10745098039216,,,,,,35.176167557932274,,
2024-11-28 06:47:49,38.8924064171123,,,,,,35.19282182438194,,
2024-11-28 06:48:50,,,,,,,35.1863938618926,,
2024-11-28 06:49:52,,,,,,,35.177287581699346,,
2024-11-28 06:50:54,,,,,,,35.15708235294118,,
2024-11-28 06:51:56,,,,,,,35.14980392156863,,
2024-11-28 06:52:59,,,34.790431372549016,,,,35.03289411764706,,
2024-11-28 06:54:01,,,34.80521568627451,,,,34.974003267973856,,
2024-11-28 06:55:03,,,34.790431372549016,,,,34.96141517476558,,
2024-11-28 06:56:04,,,,,,,34.96784313725492,,
2024-11-28 06:57:06,,,,,,,34.94768270944743,,
2024-11-28 06:58:08,38.265882352941176,,,,,,34.934242424242434,,
2024-11-28 06:59:09,,,34.74607843137255,,,,34.90064171122996,,
2024-11-28 07:00:11,38.269673202614385,,,,,,34.89713554987213,,
2024-11-28 07:01:13,,,34.770718954248366,,,,34.86499573742542,,
2024-11-28 07:02:15,38.246482122260666,,,,,,,,
2024-11-28 07:03:16,38.27257208765859,,34.770718954248366,,,,34.839283887468035,,
2024-11-28 07:04:18,38.307358708189156,,,,,,,,
2024-11-28 07:05:19,,,,,,,34.83928388746802,,
2024-11-28 07:06:21,38.34489164086687,,,,,,34.84688057040998,,
2024-11-28 07:07:22,,,,,,,34.833440285204986,,
2024-11-28 07:08:24,38.37527544351074,,,,,,,,
2024-11-28 07:09:26,38.40183600713013,,,,,,,,
2024-11-28 07:10:27,38.39394714407502,,,,,,,,
2024-11-28 07:11:29,38.442156862745094,,,,,,,,
2024-11-28 07:12:31,38.4392,,,,,,,,
2024-11-28 07:13:33,38.4421568627451,,,,,,34.82000000000001,,
2024-11-28 07:14:35,38.48196078431373,,,,,,34.81178649237473,,
2024-11-28 07:15:37,38.510602759622365,,,,,,34.78714596949891,,
2024-11-28 07:16:39,38.527029774872915,,,,,,34.77893246187364,,
2024-11-28 07:17:42,38.54247899159664,,,,,,34.75429193899782,,
2024-11-28 07:18:43,38.54775910364146,,,,,,34.74218782249741,,
2024-11-28 07:19:46,38.54775910364145,,,,,,34.73786492374727,,
2024-11-28 07:20:47,38.56887955182073,,,,,,34.73786492374727,,
2024-11-28 07:21:49,38.556862745098044,,,,,,,,
2024-11-28 07:22:50,38.541568627450985,,,,,,34.729651416122,,
2024-11-28 07:23:52,38.540718954248376,,,,,,,,
2024-11-28 07:24:54,38.535790849673205,,,,,,,,
2024-11-28 07:25:56,38.54564705882353,,,,,,,,
2024-11-28 07:26:57,38.51115032679739,,,,,,,,
2024-11-28 07:28:00,38.51607843137255,,,,,,34.728478057889824,,
2024-11-28 07:29:02,38.535790849673205,,,,,,34.72143790849674,,
2024-11-28 07:31:05,38.54564705882353,,,,,,34.73129411764706,,
2024-11-28 07:32:06,38.546666666666674,,,,,,,,
2024-11-28 07:33:08,38.579439775910366,,,,,,34.729651416122,,
2024-11-28 07:34:10,38.605840336134456,,,,,,34.73303344867359,,
2024-11-28 07:35:11,38.620116194626,,,,,,34.736838235294115,,
2024-11-28 07:36:13,38.64749455337691,,,,,,,,
2024-11-28 07:37:15,38.64201888162673,,,,,,,,
2024-11-28 07:38:17,38.65844589687727,,,,,,34.74607843137255,,
2024-11-28 07:39:19,,,,,,,34.75663865546219,,
2024-11-28 07:40:21,38.66392156862745,,,,,,34.71439775910364,,
2024-11-28 07:41:22,38.65297022512709,,,,,,,,
2024-11-28 07:42:25,38.64749455337691,,,,,,34.691869281045754,,
2024-11-28 07:43:27,,,,,,,34.701725490196075,,
2024-11-28 07:44:29,38.65844589687727,,,,,,34.721437908496725,,
2024-11-28 07:45:31,38.63106753812636,,,,,,,,
2024-11-28 07:46:33,38.631067538126366,,,,,,,,
2024-11-28 07:49:38,,,,,,34.82,,,
2024-11-28 07:50:39,,,,,,34.6721568627451,,,
2024-11-28 07:51:41,38.60368917937545,,,,,,,,
2024-11-28 07:52:43,,,,,,34.6721568627451,,,
2024-11-28 07:54:48,38.60916485112563,,,,,,,,
2024-11-28 07:55:49,38.63106753812636,,,,,,,,
2024-11-28 07:56:51,38.64201888162672,,,,,,34.61839572192513,,
2024-11-28 07:57:53,38.663921568627444,,,,,,,,
2024-11-28 07:58:54,38.696775599128536,,,,,,34.655729847494555,,
2024-11-28 07:59:56,38.724153957879444,,,,,,34.61671568627451,,
2024-11-28 08:00:58,38.740580973129994,,,,,,,,
2024-11-28 08:02:00,38.75153231663035,,,,,,,,
2024-11-28 08:03:02,38.76248366013072,,,,,,,,
2024-11-28 08:04:04,38.784386347131445,,,,,,,,
2024-11-28 08:05:05,38.76248366013072,,,,,,,,
2024-11-28 08:08:13,,,,,,,,,
2024-11-28 08:11:19,38.737843137254906,,,,,,,,
2024-11-28 08:14:24,38.70470588235294,,,,,,,,
2024-11-28 08:16:27,38.695602240896356,,,,,,34.34690196078431,,
2024-11-28 08:17:30,38.67411764705882,,,,,,34.33211764705882,,
2024-11-28 08:18:32,38.663921568627444,,,,,,,,
2024-11-28 08:19:33,38.64862745098039,,,,,,34.364150326797386,,
2024-11-28 08:22:39,38.63333333333333,,,,,,,,
2024-11-28 08:23:40,38.618039215686274,,,,,,,,
2024-11-28 08:24:42,38.60274509803922,,,,,,,,
2024-11-28 08:25:44,38.602745098039215,,,,,,,,
2024-11-28 08:26:45,38.616400560224086,,,,,,,,
2024-11-28 08:27:47,38.614640522875824,,34.376470588235286,,,,34.302549019607845,,
2024-11-28 08:28:49,38.607058823529414,,34.60879551820728,,,,34.33098039215686,,
2024-11-28 08:29:51,38.610698039215684,,,,,,34.353725490196084,,
2024-11-28 08:30:53,38.59616013071896,,34.80151960784314,,,,34.397591036414575,,
2024-11-28 08:31:55,38.606069906223354,,34.78303921568627,,,,34.3764705882353,,
2024-11-28 08:33:58,,,,,,,,,
2024-11-28 08:35:00,,36.88980392156863,35.4261568627451,,,,,,
2024-11-28 08:37:05,38.59739215686274,,,,,,,,
2024-11-28 08:38:06,38.57054695562436,,,,,,34.490196078431374,,
2024-11-28 08:39:09,38.55714596949891,,,,,,34.490196078431374,,
2024-11-28 08:40:10,38.533471741637825,,,,,,34.48735294117647,,
2024-11-28 08:41:12,38.52531862745098,,36.3195518207283,,,,34.47503267973856,,
2024-11-28 08:42:14,38.4421568627451,,,,,,,,
2024-11-28 08:44:17,38.322034313725496,,,,,,,,
2024-11-28 08:45:19,,,,37.333333333333336,,36.88980392156863,,,
2024-11-28 08:56:39,,,36.34067226890757,,,,,,
2024-11-28 08:57:41,,,36.287058823529414,,,,34.497433155080216,,
2024-11-28 09:01:48,,,36.433954248366014,,,,,,
2024-11-28 09:04:53,,,,,,,34.55716775599129,,
2024-11-28 09:05:55,,,,,,35.75633986928104,,,
2024-11-28 09:06:56,,,36.52019607843137,,,,,,
2024-11-28 09:07:58,,36.38713725490196,36.68282352941176,,,,,,
2024-11-28 09:09:00,,,36.79124183006535,,,,,,
2024-11-28 09:10:01,,,36.75838779956427,,,,,,
2024-11-28 09:14:08,,36.38467320261438,36.75838779956427,,,35.63313725490196,,,
2024-11-28 09:15:10,,36.38941176470588,,,,35.559215686274506,,,
2024-11-28 09:20:20,,,36.80766884531591,,,,,,
2024-11-28 09:21:22,37.92470588235294,,,,,,,,
2024-11-28 09:25:28,36.88980392156863,36.39083333333333,,,,,,,
2024-11-28 09:26:30,37.48117647058824,36.38539792387544,,,,,,,
2024-11-28 09:28:34,,,,,,35.5887843137255,,,
2024-11-28 09:29:36,37.92470588235294,,,,,,,,
2024-11-28 09:34:44,,36.44627450980393,,,,,,,
2024-11-28 09:38:52,,,,,,35.14525490196078,,,
2024-11-28 09:39:54,,,,,,35.08611764705883,,,
2024-11-28 09:43:00,,36.567237076648844,,,,,,,
2024-11-28 09:44:02,,36.581261722080136,,,,,,,
2024-11-28 09:45:03,,36.639113384484226,,,,,,,
2024-11-28 09:46:05,,36.64339869281046,,,,,,,
2024-11-28 09:47:07,,36.637238562091504,,,,,,,
2024-11-28 09:48:09,,36.67125319693094,,,,,,,
2024-11-28 09:49:10,,36.701639928698754,,,,,,,
2024-11-28 09:50:12,,36.701639928698754,,,,,,,
2024-11-28 09:51:14,,36.709820971867,,,,,,,
2024-11-28 09:52:16,,36.72852049910873,,,,,,,
2024-11-28 09:53:18,,36.72788048552754,,,,,,,
2024-11-28 09:54:20,,36.72788048552754,,,,,,,
2024-11-28 09:55:21,,36.68282352941177,,,,,,,
2024-11-28 09:56:23,,36.687492260061916,,,,,,,
2024-11-28 09:57:25,,36.687492260061916,,,,,,,
2024-11-28 09:58:26,,36.69527347781218,,,,,,,
2024-11-28 09:59:28,,36.70089324618736,,,,,,,
2024-11-28 10:02:33,,,,,,,,,
2024-11-28 10:03:35,,36.751200980392156,,,,,,,
2024-11-28 10:13:52,,,37.900065359477125,,,,,,
2024-11-28 10:14:54,,,37.776862745098036,36.59411764705882,,,,,
2024-11-28 10:15:56,,,37.72142156862745,,,,,,
2024-11-28 10:16:57,,,37.73990196078431,38.959607843137256,,,,,
2024-11-28 10:17:59,,36.6964705882353,,39.10745098039216,,,,,
2024-11-28 10:19:01,,,37.72142156862745,,,,,,
2024-11-28 10:20:03,,,37.72142156862745,,,,,,
2024-11-28 10:22:08,,,,38.22039215686274,,,,38.51607843137255,
2024-11-28 10:24:12,37.61259259259259,,,,,,,,
2024-11-28 10:26:15,37.64544662309368,,,,,,,,
2024-11-28 10:27:17,37.629019607843134,,,,,,,,
2024-11-28 10:28:19,37.629019607843134,,,,,,,,
2024-11-28 10:36:33,,,,,,,,,
2024-11-28 10:37:35,37.60437908496732,,,,,,,,
2024-11-28 10:39:39,,,37.81382352941176,,,,,,
2024-11-28 10:40:41,37.65176470588235,,,,,,,,
2024-11-28 10:41:42,,,37.84257080610022,,,,,,
2024-11-28 10:42:44,,,37.80971677559913,,,,,,
2024-11-28 10:44:47,37.739901960784316,36.840522875816994,,,,35.42122875816994,,,
2024-11-28 10:45:49,,36.840522875816994,,,37.77686274509804,35.41137254901961,,,
2024-11-28 10:46:51,37.75077277970012,36.77152941176471,,,,,,,
2024-11-28 10:47:55,,,,,,35.37030501089325,,,
2024-11-28 10:48:57,,,,,,35.3569040247678,,,
2024-11-28 10:49:58,,,,,,35.337450980392155,,,
2024-11-28 10:51:00,,,,,,35.32689075630252,,,
2024-11-28 10:52:02,,,,,,35.357611408199645,,,
2024-11-28 10:53:04,37.90914344685243,,,,,35.334236999147485,,,
2024-11-28 10:54:05,37.963611971104235,36.618758169934644,,,,,,,
2024-11-28 10:55:07,37.94804953560372,,,,,35.30492549019608,,,
2024-11-28 10:56:09,,36.71732026143791,,,,35.286274509803924,,,
2024-11-28 10:57:11,37.969058823529416,36.71732026143791,37.82904267589389,,,35.27995642701525,,,
2024-11-28 10:58:13,37.99123529411766,,37.83435729847494,,,35.284649859943976,,37.333333333333336,
2024-11-28 10:59:15,38.00601960784314,,37.875424836601304,,,35.34,,37.18549019607843,
2024-11-28 11:00:16,38.02080392156863,,37.898615916955016,,,35.33252287581699,,37.3924705882353,
2024-11-28 11:01:18,,,37.908278867102396,,,35.35529411764706,,37.422039215686276,
2024-11-28 11:02:20,38.08076252723312,,37.900065359477125,36.50541176470589,,35.462352941176476,,,
2024-11-28 11:03:22,,,37.891851851851854,36.50541176470589,,35.50641456582633,,,
2024-11-28 11:04:24,38.10733564013841,,37.908278867102396,36.53498039215687,,35.50993464052288,,,
2024-11-28 11:05:25,38.09863898500576,,37.908278867102396,36.53498039215687,,35.57016702977488,,,
2024-11-28 11:06:27,38.130043572984746,,37.908278867102396,,,35.57627450980392,,,
2024-11-28 11:07:29,38.12183006535948,38.10540305010893,,,,35.587647058823535,,,
2024-11-28 11:08:31,38.09589267285862,,37.908278867102396,,,35.64200784313726,,,
2024-11-28 11:09:32,38.11361655773421,,37.89185185185185,,,35.695231372549024,,,
2024-11-28 11:10:34,38.1682122260669,,37.900065359477125,,,35.65161764705883,,,
2024-11-28 11:11:36,38.19267156862745,,37.908278867102396,,,35.66849104859335,,,
2024-11-28 11:12:37,38.19267156862745,,37.900065359477125,,,35.66001782531195,,,
2024-11-28 11:13:41,38.190823529411766,,37.89861591695502,,,35.65073762838469,,,
2024-11-28 11:14:43,,,37.90622549019608,,,35.5887843137255,,,
2024-11-28 11:15:45,,,,,,35.68371517027864,,37.18549019607843,
2024-11-28 11:23:58,,37.95427450980392,37.93456209150327,,,,,,
2024-11-28 11:25:00,,37.90499346405229,,,,,,,
2024-11-28 11:27:05,,,,,,,,,
2024-11-28 11:28:07,,,,,,,,,
2024-11-28 11:31:12,,37.90499346405229,,,,35.707058823529415,,,
2024-11-28 11:32:14,38.2039651416122,,,,,,,,
2024-11-28 11:34:17,,37.92470588235294,,,,35.842581699346404,,,
2024-11-28 11:35:19,,37.96694677871149,,,,,,,
2024-11-28 11:36:21,,37.9838431372549,,,,35.91403921568627,,,
2024-11-28 11:40:29,,37.9838431372549,,,,,,,
2024-11-28 11:41:31,,37.97398692810457,,,,,,,
2024-11-28 11:42:32,,37.97398692810457,,,,,,,
2024-11-28 11:43:34,,37.96413071895425,,,,,,,
2024-11-28 11:44:36,,37.944418300653595,,,,,,,
2024-11-28 11:45:37,,37.95427450980392,,,,,,,
2024-11-28 11:50:46,,37.95427450980392,38.11478991596639,,,,,,
2024-11-28 11:51:47,,,,,,,37.9431862745098,,
2024-11-28 11:52:49,,,,,,,,,
2024-11-28 11:53:52,,,,,,,37.92470588235294,,
2024-11-28 11:54:54,,,,,,,37.92470588235294,,
2024-11-28 11:55:56,,,,,,,37.9431862745098,,
2024-11-28 11:56:58,,,38.04566844919786,,,,37.86134453781512,,
2024-11-28 11:58:00,,,38.07254901960784,,,,37.86134453781512,,
2024-11-28 11:59:02,,37.59205882352941,38.06117647058823,,,,,,
2024-11-28 12:00:04,,,38.0619887955182,,,,,,
2024-11-28 12:01:05,,,38.08240522875817,,,,,,
2024-11-28 12:05:14,,,,36.741960784313726,37.03764705882353,,,,
2024-11-28 12:06:16,,,,36.741960784313726,,,,,
2024-11-28 12:07:17,,,,36.741960784313726,,,,,
2024-11-28 12:08:19,38.528398692810455,,,,,,,37.45160784313725,
2024-11-28 12:09:21,,,,,,,,37.45160784313725,
2024-11-28 12:10:22,38.504705882352944,,,,,,,37.422039215686276,
2024-11-28 12:11:24,,,38.09472549019607,,,,,,
2024-11-28 12:17:35,,,,,,,,,
2024-11-28 12:19:40,,,38.093669467787116,,,,,,
2024-11-28 12:20:42,38.50683823529412,,38.086629318394024,,,,,,
2024-11-28 12:21:44,38.463898500576704,,38.086629318394024,,,,,37.30869281045752,
2024-11-28 12:22:46,38.47501089324618,,38.07254901960785,,,,,37.30869281045752,
2024-11-28 12:23:47,38.47717234262125,,38.0803302373581,,,,,37.30869281045752,
2024-11-28 12:24:49,38.47911764705882,,38.06433551198258,,,,,,
2024-11-28 12:25:50,38.473837535014,,38.05515570934256,,,,,,
2024-11-28 12:26:52,38.462317290552576,,38.02906574394463,,,,,,
2024-11-28 12:27:54,38.44537084398977,,38.006840958605665,,,,,,
2024-11-28 12:28:56,38.43599673202615,,38.00251805985552,,,,,,
2024-11-28 12:29:57,38.4392,,38.02080392156862,,,,,,
2024-11-28 12:34:04,38.445113725490195,,38.03734827264239,,,,,,
2024-11-28 12:36:08,,,38.03894830659536,,,,,,
2024-11-28 12:37:09,,,38.05326513213981,,,,,,
2024-11-28 12:38:11,38.453529411764706,,38.05326513213981,,,,,,
2024-11-28 12:39:13,38.45037037037037,37.92470588235294,,,37.333333333333336,,38.22039215686274,,
2024-11-28 12:40:15,38.447436974789916,37.92470588235294,,,,,38.07254901960785,,
2024-11-28 12:44:22,,38.07254901960785,,,,,,36.741960784313726,
2024-11-28 12:45:25,38.431596638655456,,,,,,,,
2024-11-28 12:46:27,38.42631652661065,,,,,,,,
2024-11-28 12:47:29,38.41047619047619,,,,,,,,
2024-11-28 12:48:31,38.405196078431366,,,,,,,,
2024-11-28 12:49:33,38.401089324618745,,,,,,,,
2024-11-28 12:50:35,38.395613652868555,,38.089942329873125,,,,,,
2024-11-28 12:51:37,38.395613652868555,,38.08124567474049,,,,,,
2024-11-28 12:52:39,38.37918663761801,,38.054068627450974,,,,,,
2024-11-28 12:53:40,38.379186637618005,,38.05283660130718,,,,,,
2024-11-28 12:54:42,38.368235294117646,,38.0619887955182,,,,,,
2024-11-28 12:55:44,38.34711484593837,,38.06117647058823,,,,,,
2024-11-28 12:56:46,38.30705882352942,,38.08486928104575,,,,,,
2024-11-28 12:57:50,38.30487394957983,,38.10950980392156,,,,,,
2024-11-28 12:58:51,38.320714285714295,,38.121830065359475,,,,,,
2024-11-28 12:59:53,38.31895424836602,,,,,,,,
2024-11-28 13:00:55,38.317058823529415,,,,,,,,
2024-11-28 13:01:56,38.31501176470588,37.629019607843134,38.19082352941176,,39.55098039215687,,,,
2024-11-28 13:02:58,38.31279411764706,,,,,,,,
2024-11-28 13:04:00,38.331274509803926,38.01341176470588,,,,36.061882352941176,,,
2024-11-28 13:05:02,,38.097189542483655,,,,36.15058823529412,,,
2024-11-28 13:06:03,38.38055555555556,,,,,,,36.741960784313726,
2024-11-28 13:08:06,38.40519607843137,38.07254901960784,38.25207282913165,,,,,,
2024-11-28 13:09:08,38.43599673202615,,,,,,,,
2024-11-28 13:10:12,38.46063725490196,,,,,,,,
2024-11-28 13:11:13,38.4775106564365,,,,,36.00274509803922,,,
2024-11-28 13:12:15,,,,,,,,,
2024-11-28 13:14:20,,,,,,,,,
2024-11-28 13:16:24,,,38.09942959001783,,,36.22450980392158,,,
2024-11-28 13:17:26,38.42455648926238,,,,,36.22450980392158,,,
2024-11-28 13:18:27,,,38.287593582887695,,,,,,
2024-11-28 13:19:29,,,38.2741532976827,,,,,,
2024-11-28 13:20:30,,,38.39287581699346,,,,,,
2024-11-28 13:21:32,,37.57525846702317,38.528398692810455,,,,,,
2024-11-28 13:22:34,38.47172549019607,37.57525846702317,,,,,,,
2024-11-28 13:23:36,38.49273477812178,37.56181818181818,,,,,,,
2024-11-28 13:33:53,38.49273477812178,,,,,,,,
2024-11-28 13:34:55,38.51607843137255,,,,,,,,
2024-11-28 13:35:59,38.52429193899781,,,,,,,,
2024-11-28 13:37:00,38.51607843137255,,,,,,,,
2024-11-28 13:38:02,,,,,,,,36.59411764705882,
2024-11-28 13:39:03,,,,,,36.15058823529412,,,
2024-11-28 13:40:05,,37.647499999999994,38.836405228758174,,,,,,
2024-11-28 13:41:06,38.67316176470588,37.61977941176471,38.9185403050109,,,36.175228758169936,37.30376470588235,,
2024-11-28 13:42:08,38.60304498269896,37.61053921568627,38.811764705882354,,,,,,
2024-11-28 13:43:10,38.580759803921566,37.71598615916955,38.88133794694349,,,,,,
2024-11-28 13:44:12,38.550865051903116,,,,,,,,
2024-11-28 13:45:14,38.52429193899782,,38.870901960784316,,,,,,
2024-11-28 13:46:16,,37.64380392156862,38.92792717086835,,,36.308991596638656,37.36290196078431,,
2024-11-28 13:47:17,38.44954901960785,,38.95960784313725,,,,,,
2024-11-28 13:48:19,,37.458999999999996,,,,36.25900653594772,37.30376470588236,,
2024-11-28 13:49:21,,37.370294117647056,,,,36.27995098039216,37.333333333333336,,
2024-11-28 13:50:23,38.27213725490196,37.34037348272642,38.948235294117644,,,36.28919117647059,,,
2024-11-28 13:51:24,,37.313172905525846,38.92549019607843,,,,,,
2024-11-28 13:52:26,,37.30119352088662,38.948235294117644,,,36.3158246828143,37.30376470588236,,
2024-11-28 13:53:28,,37.271732026143795,39.050588235294114,,,,,,
2024-11-28 13:54:30,38.093669467787116,37.2387137254902,39.0392156862745,,,36.384024767801854,,,
2024-11-28 13:55:31,38.07926916221033,37.25645490196079,39.1690522875817,,,36.422930856553144,,,
2024-11-28 13:56:33,38.1397504456328,,,,36.44627450980393,,,,
2024-11-28 13:57:35,38.09942959001782,,,,,36.47912854030502,,,
2024-11-28 13:58:37,,,,,,,,,
2024-11-28 13:59:39,37.9851871657754,37.07460784313725,,,,36.4906274509804,,,
2024-11-28 14:00:41,37.95830659536541,37.07460784313725,,,,36.475843137254905,,,
2024-11-28 14:01:43,37.91126559714795,37.07460784313725,,,,36.475843137254905,,,
2024-11-28 14:02:45,37.94486631016043,37.08264279624894,,,,36.60890196078432,,,
2024-11-28 14:03:46,37.87094474153298,37.07621483375959,,,,36.66451914098973,,,
2024-11-28 14:04:48,37.82828644501279,37.06452762923352,,,,36.690215686274506,,,
2024-11-28 14:05:50,37.83471440750214,37.03764705882353,,,,,,,
2024-11-28 14:06:52,37.77686274509804,37.00068627450981,,,,,,,
2024-11-28 14:07:54,37.75757885763001,36.967616099071215,,,,36.86868347338936,,,
2024-11-28 14:08:55,37.75115089514066,36.94729847494553,,,,36.925004668534086,,,
2024-11-28 14:09:57,37.79614663256607,36.88159041394336,,,,36.98388591800357,,,
2024-11-28 14:10:59,37.699727195225925,36.837623990772784,,,,37.0779679144385,,,
2024-11-28 14:12:00,,,36.29843137254902,,,,,,
2024-11-28 14:13:02,37.678300653594775,36.872410611303344,,35.85490196078432,,37.11508870214753,,,
2024-11-28 14:15:07,37.695549019607846,36.848736383442265,,,,37.18549019607843,,,
2024-11-28 14:16:09,37.67337254901961,36.67238754325259,,,,37.192530345471525,,,
2024-11-28 14:17:11,37.61423529411765,,,,,,,,
2024-11-28 14:18:12,37.621238390092884,,,,,,,,
2024-11-28 14:19:14,,,,,,37.23477124183007,,,
2024-11-28 14:20:16,37.62901960784314,,,,,37.28985005767013,,,
2024-11-28 14:21:17,37.61977941176471,,,36.69971988795519,,,,,
2024-11-28 14:22:19,,,,,,37.38261437908496,,,
2024-11-28 14:23:21,37.56002614379086,,,,,37.40232679738562,,,
2024-11-28 14:24:23,,,,,,37.44421568627451,,,
2024-11-28 14:25:25,,,,,,37.51813725490196,,,
2024-11-28 14:26:27,,36.3829131652661,,,,37.564338235294116,,,
2024-11-28 14:28:30,37.470616246498594,,,,,37.6475,,,
2024-11-28 14:29:32,,37.16436974789916,,36.76044117647059,,,,,
2024-11-28 14:30:33,,,,36.74196078431373,,,,,
2024-11-28 14:31:35,,37.31485294117647,,,,37.75077277970012,,,
2024-11-28 14:36:44,,,,36.88980392156863,,,,,
2024-11-28 14:38:47,37.38261437908497,,,36.82644257703082,,,,,
2024-11-28 14:44:59,,,,,37.03764705882353,,,,
2024-11-28 14:46:01,,,,36.69971988795519,,,,,
2024-11-28 14:47:03,,,,,37.21505882352942,,38.36823529411765,,
2024-11-28 14:48:05,,,,,,,38.36823529411765,,
2024-11-28 14:49:06,,,,,37.16436974789916,,,,
2024-11-28 14:50:08,37.33333333333333,,,,,,,,
2024-11-28 14:51:10,37.33333333333333,,,,,37.76864923747277,,,
2024-11-28 14:52:11,,,,,,37.79425605536332,,,
2024-11-28 14:53:13,37.342029988465974,,,,,37.77686274509804,,,
2024-11-28 14:54:15,37.30047930283225,,,,,37.75715032679739,,,
2024-11-28 14:55:16,37.308692810457515,,,36.840522875816994,,37.73462184873949,,,
2024-11-28 14:56:18,37.3022084623323,37.34470588235294,,,,37.73462184873949,,,
2024-11-28 14:57:21,37.31854901960784,37.29109243697479,,,,,,,
2024-11-28 14:58:23,37.34741363211952,37.35445378151261,,,,37.810980392156864,,,
2024-11-28 14:59:25,37.31989304812834,,,,,37.86134453781512,,,
2024-11-28 15:00:27,,,,,,37.79798319327731,,,
2024-11-28 15:01:28,37.313172905525846,,,,37.1362091503268,37.82614379084967,,,
2024-11-28 15:02:30,37.30645276292336,,,,37.16084967320261,37.91546568627451,,,
2024-11-28 15:03:32,37.313172905525846,,,,37.18549019607843,37.97688581314879,,,
2024-11-28 15:04:33,,37.25017156862745,,,37.21505882352942,,,,
2024-11-28 15:05:35,37.30645276292336,37.24093137254902,,,,,,,
2024-11-28 15:06:37,37.30517273576097,37.23169117647059,,,,37.73250980392156,,,
2024-11-28 15:07:39,,37.29854671280277,,,,,36.88980392156863,,
2024-11-28 15:08:41,37.30376470588235,37.29854671280277,,,,,36.741960784313726,,
2024-11-28 15:09:43,37.317770897832816,37.30724336793541,,,,,,,
2024-11-28 15:10:44,37.29226579520697,37.130049019607846,,,,,36.94894117647059,,
2024-11-28 15:11:48,37.281153402537484,,,,,,,,
2024-11-28 15:12:50,37.25941176470589,36.98484593837535,,,,,,,
2024-11-28 15:13:51,,37.00352941176471,,,,,,,
2024-11-28 15:15:55,37.30165266106443,37.09924836601308,,,,37.69725490196078,,,
2024-11-28 15:16:57,37.299215686274515,,,,,,,,
2024-11-28 15:23:07,,,,,,37.669340463458106,,,
2024-11-28 15:24:08,,37.04820728291317,,,,37.49461675579323,,,
2024-11-28 15:28:17,,,,,,37.36021390374332,,,
2024-11-28 15:29:19,,,,,,37.58466666666667,,,
2024-11-28 15:30:21,,,,,,37.67337254901961,,,
2024-11-28 15:31:22,,,,,,37.50805704099822,,,
2024-11-28 15:47:51,,37.03764705882353,,,,37.2392513368984,,,
2024-11-28 15:59:12,,,,,,,36.647878787878795,,
2024-11-28 16:19:49,,,37.56741830065359,,,,36.74196078431373,,
2024-11-28 16:20:51,,,37.5797385620915,,,,,,
2024-11-28 16:21:52,,,37.56078431372549,,,,36.626971677559915,,
2024-11-28 16:22:54,,,37.572156862745096,,,,36.626971677559915,,
2024-11-28 16:23:56,,,37.5867787114846,,,,,,
2024-11-28 16:24:57,,,37.618459383753496,,,,36.6384705882353,,
2024-11-28 16:26:01,,37.431895424836604,37.607899159663866,,,,,,
2024-11-28 16:28:04,,,37.607899159663866,,,,,,
2024-11-28 16:29:06,38.450370370370365,37.431895424836604,37.618459383753496,,,37.25269162210339,,,
2024-11-28 16:30:08,,37.48117647058824,,,,37.15592156862745,,,
2024-11-28 16:31:09,,37.494616755793224,,,,,36.68819964349377,,
2024-11-28 16:32:11,,37.48117647058824,,,,,36.68819964349377,,
2024-11-28 16:33:13,38.40855614973262,,37.6475,,,37.07460784313726,,,
2024-11-28 16:34:14,,37.481176470588245,37.70728950403691,35.85490196078432,,36.96372549019608,36.90117647058824,,
2024-11-28 16:35:16,38.42199643493761,37.37029411764706,,35.55921568627451,,,36.85284313725491,33.93294117647059,
2024-11-28 16:36:18,,37.412941176470596,37.793289760348586,,,36.67859943977591,,,
2024-11-28 16:37:20,38.40855614973262,37.50229691876751,,,35.70705882352941,,,,
2024-11-28 16:38:21,,37.46005602240897,37.7681660899654,35.55921568627451,,,,,
2024-11-28 16:39:23,38.41751633986927,,,,,36.72084033613445,,,
2024-11-28 16:40:25,,37.422039215686276,37.69370098039216,35.85490196078432,,,36.6384705882353,,
2024-11-28 16:41:27,38.39287581699346,,,,,,,,
2024-11-28 16:44:33,38.405196078431366,,,,,,,,
2024-11-28 16:45:34,38.41751633986927,,,,,,,,
2024-11-28 16:46:36,38.354795008912646,,,,,,,,
2024-11-28 16:48:39,38.30103386809269,,37.87094474153298,,,,36.50541176470589,,
2024-11-28 16:49:41,,,37.857504456327995,,,,,,
2024-11-28 16:50:42,,,,,,,,,
2024-11-28 16:52:46,,,,,,,36.538676470588236,,
2024-11-28 16:53:48,,37.597894736842115,,,,36.338752228164,,,
2024-11-28 16:54:49,,37.629019607843134,37.85899782135076,,,,,,
2024-11-28 16:55:51,,37.5978947368421,37.82614379084967,,,,,,
2024-11-28 16:56:52,,37.5978947368421,,,,,,,
2024-11-28 16:58:56,38.27583333333333,,38.03558823529412,,,,,,
2024-11-28 17:00:59,,37.66014447884417,38.24151260504202,,35.70705882352941,,36.81588235294117,,
2024-11-28 17:02:01,,,,,,,36.86516339869281,,
2024-11-28 17:03:02,,,,,,,37.008078431372546,,
2024-11-28 17:05:06,,,,,,,,34.37647058823529,
2024-11-28 17:08:12,,37.629019607843134,,,,,,,
2024-11-28 17:09:14,,37.622299465240644,,,,36.08101499423299,,,
2024-11-28 17:10:15,38.07254901960785,37.64830349531117,,,,35.96167755991285,,,
2024-11-28 17:11:17,,37.66598039215686,,,,35.87824561403509,,,
2024-11-28 17:12:18,,37.66450196078432,,,,35.788372549019606,,,
2024-11-28 17:13:20,,37.67450980392157,,,,35.655313725490196,,,
2024-11-28 17:14:21,,37.68019607843137,,,,35.60849673202614,,,
2024-11-28 17:15:23,,37.66882352941177,,,,35.53809523809524,,,
2024-11-28 17:16:24,,37.674509803921566,,,,35.52561497326203,,,
2024-11-28 17:17:27,,37.657450980392156,,,,35.456368286445006,,,
2024-11-28 17:18:29,,37.64607843137255,,,,35.41137254901961,,,
2024-11-28 17:19:31,,37.64544662309368,,,,35.38180392156863,,,
2024-11-28 17:20:32,,37.66734931009441,,,,,,,
2024-11-28 17:21:34,,37.66598039215687,,,,35.318286129266525,,,
2024-11-28 17:22:35,,,,,,35.32689075630252,,,
2024-11-28 17:24:39,,37.69238095238095,,,,35.2278431372549,,,
2024-11-28 17:25:41,,37.69766106442578,,,,35.27882352941177,,,
2024-11-28 17:26:43,,,,,,35.23294117647059,,,
2024-11-28 17:27:45,,,,,,35.20544817927171,,,
2024-11-28 17:28:46,,37.71878151260504,,,,35.142086834733895,,,
2024-11-28 17:29:48,,37.724061624649856,,,,35.0840056022409,,,
2024-11-28 17:30:51,,,,,,35.036484593837535,,,
2024-11-28 17:31:53,,37.72934173669467,,,,35.010084033613445,,,
2024-11-28 17:32:55,,37.68182072829132,,,,34.95200280112045,,,
2024-11-28 17:33:57,,37.68710084033614,,,,34.946722689075635,,,
2024-11-28 17:34:59,37.629019607843134,37.689251997095134,,,,34.920322128851545,,,
2024-11-28 17:36:00,,37.689251997095134,,,,34.867521008403365,,,
2024-11-28 17:37:02,,37.64544662309368,,,,34.80943977591037,,,
2024-11-28 17:38:04,,37.618068264342774,,,,34.814719887955185,,,
2024-11-28 17:39:05,,37.590689905591866,,,,34.79887955182073,,,
2024-11-28 17:40:07,,37.581498599439776,,,,34.82528011204482,,,
2024-11-28 17:41:09,,37.576218487394954,,,,34.754291938997824,,,
2024-11-28 17:42:10,,37.555098039215686,,,,34.76313725490196,,,
2024-11-28 17:43:12,37.510745098039216,37.54140885984023,,,,,,,
2024-11-28 17:44:18,37.54031372549019,37.52666666666667,,,,34.84843137254902,,,
2024-11-28 17:45:20,37.48117647058823,37.48117647058824,,,,34.848431372549015,,,
2024-11-28 17:46:22,,37.44705882352941,,,,34.88823529411764,,,
2024-11-28 17:47:23,,37.44284676833696,,,,34.87686274509803,,,
2024-11-28 17:48:24,,,,,,34.933725490196075,,,
2024-11-28 17:49:26,,37.371663035584604,,,,34.933725490196075,,,
2024-11-28 17:50:28,,,,,,34.9621568627451,,,
2024-11-28 17:52:31,37.92470588235294,37.327857661583145,,,,35.019019607843134,,,
2024-11-28 17:53:33,,37.34976034858388,,35.41137254901961,,35.06450980392157,,,
2024-11-28 17:54:34,36.44627450980393,37.32238198983297,,,,,,,
2024-11-28 17:56:37,,37.27857661583152,,,,35.12705882352942,,,
2024-11-28 17:57:39,,37.25119825708061,,,,35.18960784313726,,,
2024-11-28 18:00:44,,37.190965867828616,,,,,,,
2024-11-28 18:01:46,,37.15263616557734,,,,,,,
2024-11-28 18:05:53,,,,,,35.300490196078435,,,
2024-11-28 18:06:54,,,,,,35.31281045751634,,,
2024-11-28 18:07:56,,37.05538823529411,,,,35.34977124183007,,,
2024-11-28 18:08:58,,37.01916666666667,,,,35.34977124183006,,,
2024-11-28 18:10:00,,36.96988562091503,,,,35.36825163398693,,,
2024-11-28 18:11:03,,36.93908496732026,,,,35.34977124183006,,,
2024-11-28 18:12:05,,36.93292483660131,,,,35.38057189542484,,,
2024-11-28 18:13:07,,36.89596405228758,,,,35.37923273657289,,,
2024-11-28 18:14:09,,36.88389019607843,,,,35.36433155080214,,,
2024-11-28 18:15:10,,36.84840784313726,,,,35.384491978609624,,,
2024-11-28 18:16:12,,36.86023529411764,,,,35.390252100840335,,,
2024-11-28 18:17:14,,36.84840784313726,,,,35.390252100840335,,,
2024-11-28 18:18:16,,36.82820261437909,,,,35.34801120448179,,,
2024-11-28 18:19:18,,36.84668300653595,,,,35.39729225023343,,,
2024-11-28 18:21:21,,36.82820261437909,,,,,,,
2024-11-28 18:22:23,,36.84668300653595,,,,,,,
2024-11-28 18:24:28,,,36.59411764705882,,,,,,
2024-11-28 18:25:30,37.629019607843134,,,,,35.36701960784313,,,
2024-11-28 18:26:33,,,,,,35.36468524251806,,,
2024-11-28 18:27:35,,36.85000000000001,,,,35.37851851851852,,,
2024-11-28 18:28:37,,36.842494117647064,,,,35.38673202614379,,,
2024-11-28 18:29:38,,36.8528431372549,,,,35.35049596309112,,,
2024-11-28 18:30:40,,36.8255242966752,,,,,,,
2024-11-28 18:31:42,,36.82260249554368,,,,,,,
2024-11-28 18:32:44,,36.77556149732621,,,,35.35857142857143,,,
2024-11-28 18:33:45,,36.72180035650624,,,,,,,
2024-11-28 18:34:47,,36.749000933706824,,,,,,,
2024-11-28 18:36:51,,,,,,,,,
2024-11-28 18:37:52,,36.69527347781218,,,,35.248745098039215,,,
2024-11-28 18:38:54,,36.709106753812634,,,,35.31281045751634,,,
2024-11-28 18:40:58,,,,,,,,,
2024-11-28 18:43:01,,36.741960784313726,,,,,,,
2024-11-28 18:44:03,,36.741960784313726,,,,,,,
2024-11-28 18:46:07,,36.77892156862745,,,,,,,
2024-11-28 18:51:14,,36.750657439446364,,,,,,,
2024-11-28 19:03:37,,,,,,35.33745098039215,,,
2024-11-28 19:07:46,,,,,,,35.70705882352941,,
2024-11-28 19:08:47,,,,,,,35.70705882352941,,
2024-11-28 19:44:49,,,37.13004901960784,,,,,,
2024-11-28 19:46:53,,36.56802768166091,,,,,,,
2024-11-28 19:47:54,,36.55063437139562,,,,,,,
2024-11-28 19:52:03,,,37.06721568627451,,,,,,
2024-11-28 19:53:05,37.69472766884532,,37.010766488413545,,,,,,
2024-11-28 19:54:08,37.69472766884532,,37.08692810457516,,,,,34.6721568627451,
2024-11-28 19:55:09,37.688156862745096,,37.04901960784314,,,,,34.82,
2024-11-28 19:56:11,37.66934046345811,,37.02708683473389,,,,,,
2024-11-28 19:57:13,37.65590017825312,,37.03764705882353,,,,,34.6721568627451,
2024-11-28 19:58:15,37.66598039215686,,,,,,,,
2024-11-28 20:00:18,37.69725490196078,,37.139289215686276,,,,,,
2024-11-28 20:02:21,,36.11773420479304,,,,,,,
2024-11-28 20:04:25,,36.095147058823535,,,,,,,
2024-11-28 20:05:28,,36.095147058823535,,,,,,,
2024-11-28 20:06:30,,36.05818627450981,,,,,,,
2024-11-28 20:07:32,,36.095147058823535,,,,,,,
2024-11-28 20:08:33,,36.07666666666667,,,,,,,
2024-11-28 20:09:35,,,37.313172905525846,,,,,,
2024-11-28 20:10:37,37.7275816993464,,37.29973262032086,,,,,,
2024-11-28 20:11:39,37.7275816993464,,37.34005347593583,,,,,,
2024-11-28 20:12:40,,,37.30645276292336,,,,,,
2024-11-28 20:13:43,,,37.36693404634582,,,,,,
2024-11-28 20:14:44,,,37.393814616755805,,,,,,
2024-11-28 20:15:46,,,,34.6721568627451,,,36.53498039215687,,
2024-11-28 20:16:47,37.73250980392157,,37.353493761140825,,,,,,
2024-11-28 20:17:49,37.732509803921566,,37.35261722080137,,,,,,
2024-11-28 20:18:53,,,37.39118499573743,,,,,,
2024-11-28 20:19:54,37.817183600713015,,37.370294117647056,,,,,,
2024-11-28 20:20:56,,,37.33924705882353,,,,,,
2024-11-28 20:21:58,,,37.333333333333336,,,,,,
2024-11-28 20:23:00,37.82614379084967,,37.333333333333336,,,,,,
2024-11-28 20:24:01,37.8678431372549,,37.33861344537815,,,,,,
2024-11-28 20:25:03,,,37.39450980392158,,,,,,
2024-11-28 20:26:04,,,37.47098039215687,,,,36.766601307189546,,
2024-11-28 20:27:06,,36.495555555555555,37.51686274509804,,,,36.79124183006536,,
2024-11-28 20:28:07,,36.72084033613446,37.56274509803922,,,,36.81588235294117,,
2024-11-28 20:29:09,,36.723480392156866,37.542352941176475,,,,,,
2024-11-28 20:30:11,,36.68651960784314,37.55764705882353,,,,,,
2024-11-28 20:31:13,,36.68651960784314,37.588235294117645,,,,36.86516339869281,,
2024-11-28 20:32:15,,,37.59452287581699,,,,36.53498039215687,,
2024-11-28 20:33:16,38.0270588235294,36.723480392156866,37.63887581699346,,,,,,
2024-11-28 20:34:18,37.970196078431364,,37.599450980392156,,,,,,
2024-11-28 20:35:19,37.99294117647059,,37.66351633986928,,,,,,
2024-11-28 20:36:21,,,37.68000000000001,34.9678431372549,,34.6721568627451,,,
2024-11-28 20:37:23,,36.4865953654189,37.660700280112046,,,,,,
2024-11-28 20:40:28,38.01341176470588,,37.644859943977586,,,,,,
2024-11-28 20:41:30,38.013411764705886,,37.6399709513435,,,,,,
2024-11-28 20:44:35,38.04298039215686,,37.546884531590415,,,,,,
2024-11-28 20:45:37,38.052836601307185,,,,,,,,
2024-11-28 20:46:39,38.052836601307185,,37.575796078431374,,,,,,
2024-11-28 20:49:44,,,37.598218954248374,,,,,,
2024-11-28 20:50:45,,36.55999999999999,37.62901960784314,,,,,,
2024-11-28 20:52:48,37.99862745098039,,37.62229946524065,,,,,,
2024-11-28 20:54:51,,,37.62901960784315,,,,,,
2024-11-28 20:55:53,,,37.55861811391223,,,,,,
2024-11-28 20:57:57,,,,,,,,,
2024-11-28 20:58:58,37.959492502883506,36.54976470588235,37.44597572362279,,,,,,
2024-11-28 21:00:01,,36.68282352941176,37.347413632119526,,,33.93294117647059,,,
2024-11-28 21:01:03,37.88991926182238,,,,,34.6721568627451,,,
2024-11-28 21:03:06,37.89185185185185,36.6236862745098,,,,,,,
2024-11-28 21:04:08,37.885799793601656,36.544836601307196,37.38261437908496,,,,,,
2024-11-28 21:05:10,37.870237358101136,36.544836601307196,,,,,,,
2024-11-28 21:11:20,37.85467492260062,,37.377686274509806,,,,,,
2024-11-28 21:12:22,,,,,,,35.91403921568627,,
2024-11-28 21:13:24,,36.544836601307196,,,,,,,
2024-11-28 21:21:37,,,,,,34.6721568627451,,,
2024-11-28 21:22:38,,,,,,34.6721568627451,,,
2024-11-28 21:25:44,37.858176470588226,,,,,,,,
2024-11-28 21:33:57,,36.48323529411765,,,,,,,
2024-11-28 21:36:01,37.847264239028945,,37.055040369088815,,,,36.20972549019608,,
2024-11-28 21:37:03,,,37.0724336793541,,,,36.18015686274509,,
2024-11-28 21:38:04,,,36.8805637254902,,,,35.953464052287586,,
2024-11-28 21:39:06,37.898994032395564,,36.801098039215695,,35.381803921568626,,35.77042016806723,,
2024-11-28 21:40:07,37.88158496732026,,36.69971988795519,,,,,,
2024-11-28 21:41:09,37.875424836601304,,36.68915966386555,,,,,,
2024-11-28 21:42:11,37.88158496732026,,36.71028011204482,,35.32266666666667,,,,
2024-11-28 21:43:12,37.88774509803922,,36.66235294117648,,35.35223529411765,,,,
2024-11-28 21:44:14,37.881584967320265,,,,35.35223529411765,,,,
2024-11-28 21:45:20,37.875424836601304,,,,,,,,
2024-11-28 21:46:22,37.89513725490197,,,,,,,,
2024-11-28 21:47:24,37.907647058823535,,,,,,,,
2024-11-28 21:48:26,37.91375453885258,37.18549019607843,36.64339869281046,,,,,,
2024-11-28 21:49:28,37.924705882352946,,36.66803921568628,,,,,,
2024-11-28 21:50:29,37.94582633053221,,36.64339869281046,,,,,,
2024-11-28 21:51:31,37.988067226890756,,36.66803921568628,,,,,,
2024-11-28 21:52:33,38.003907563025216,,,,35.32266666666667,,,,
2024-11-28 21:53:35,38.00918767507003,,,,,,35.811418685121104,,
2024-11-28 21:54:37,38.003907563025216,,,,,,35.924475201845446,,
2024-11-28 21:55:39,38.0303081232493,,,,,,35.994048442906575,,
2024-11-28 21:56:41,38.03558823529412,,,,,,36.07666666666666,,
2024-11-28 21:57:42,38.0287436456064,,,,,,36.11168214654282,,
2024-11-28 21:58:44,38.039694989106756,,,,,,36.17276470588236,,
2024-11-28 21:59:46,38.05549019607843,,,,,,36.20690943043884,,
2024-11-28 22:00:48,38.06663529411765,,,,,,36.23795008912656,,
2024-11-28 22:01:49,38.06072156862746,,,,,,36.259863597612956,,
2024-11-28 22:02:51,38.07254901960784,,,,,,36.298431372549025,,
2024-11-28 22:03:53,38.078462745098044,,,,,,36.328,,
2024-11-28 22:04:55,38.08437647058824,,,,,,36.37235294117648,,
2024-11-28 22:05:56,38.09029019607843,,,,,,36.38604212055193,,
2024-11-28 22:06:58,38.102117647058826,,,,,,36.36179271708683,,
2024-11-28 22:08:00,38.10211764705882,,,,,,36.39529411764706,,
2024-11-28 22:09:01,,,,,,,36.41670588235294,,
2024-11-28 22:10:03,,,,,,,36.48077124183007,,
2024-11-28 22:11:05,38.10803137254902,,,,,,36.53498039215687,,
2024-11-28 22:12:07,38.10211764705882,,,,,,36.57933333333334,,
2024-11-28 22:13:09,,37.629019607843134,,,35.55921568627451,,36.63847058823531,,
2024-11-28 22:14:10,38.08437647058823,,,,,,36.68775163398694,,
2024-11-28 22:15:12,,37.48117647058824,,,35.41137254901961,,36.756745098039225,,
2024-11-28 22:16:14,,,,,,,36.81095424836601,,
2024-11-28 22:17:15,38.01341176470588,,,,,,36.85921568627451,,
2024-11-28 22:18:17,37.99862745098039,,,,,,36.89508403361344,,
2024-11-28 22:19:19,37.99541346973571,,,,,,36.93908496732026,,
2024-11-28 22:20:21,37.9851871657754,,,,,,36.97509803921568,,
2024-11-28 22:21:23,37.97398692810457,,,,,,36.9921568627451,,
2024-11-28 22:22:25,37.96905882352941,,,,,,37.0035294117647,,
2024-11-28 22:23:27,37.954274509803916,,,,,,36.97850980392157,,
2024-11-28 22:24:28,37.93949019607843,36.88980392156863,,,,,36.982205882352936,,
2024-11-28 22:25:30,37.93209803921568,,,,,,36.960511508951406,,
2024-11-28 22:26:31,37.945826330532206,,,,,,36.97044563279857,,
2024-11-28 22:27:33,37.93949019607843,,,,,,36.93684491978609,,
2024-11-28 22:28:35,37.91731372549019,,,,,,36.88980392156862,,
2024-11-28 22:29:37,37.92470588235294,,,,,,36.84948306595365,,
2024-11-28 22:30:38,,,,,,,36.80916221033868,,
2024-11-28 22:31:40,,,,,34.5243137254902,,36.7755614973262,,31.86313725490196
2024-11-28 22:32:41,37.902529411764704,,37.00286043829297,34.9678431372549,,,,,33.78509803921568
2024-11-28 22:33:43,,,36.971938997821354,,38.66392156862745,,,,
2024-11-28 22:34:45,,,36.99095975232198,,,,,,
2024-11-28 22:35:47,,,37.02286274509804,,,,,,
2024-11-28 22:36:49,,,37.12916900093371,,,,36.6236862745098,,
2024-11-28 22:37:51,,,37.08468805704099,,,,36.57855521155831,,33.63725490196079
2024-11-28 22:38:53,37.90622549019608,,37.14049445865303,,,,,,33.34156862745098
2024-11-28 22:39:54,37.89513725490196,,37.148529411764706,,,,,,
2024-11-28 22:40:56,,,37.161835294117644,,,,,,
2024-11-28 22:42:00,37.85647058823529,,37.202549019607844,,,,,,
2024-11-28 22:43:01,,,37.229295570079884,,,,36.41670588235294,,
2024-11-28 22:44:03,37.87094474153297,,37.24357142857143,,,,36.37728104575163,,
2024-11-28 22:45:05,,,37.2670588235294,,,,36.29843137254901,,
2024-11-28 22:46:07,37.82614379084967,,37.2840522875817,,,,36.19986928104575,,
2024-11-28 22:47:09,,,37.37275816993464,,,,36.18015686274509,,
2024-11-28 22:48:11,,,37.45653594771242,34.9678431372549,,,,,
2024-11-28 22:49:12,,,37.49596078431373,,,,36.104387254901965,,
2024-11-28 22:50:14,,,37.505816993464045,,,,36.085906862745105,,
2024-11-28 22:51:16,38.12799019607843,,37.52060130718954,,,,,,
2024-11-28 22:52:17,,,37.55016993464053,,36.37235294117647,,36.101307189542496,,
2024-11-28 22:53:19,,,37.619163398692805,,,,,,
2024-11-28 22:54:21,38.14647058823529,,37.613725490196074,34.9678431372549,36.705000000000005,,,,
2024-11-28 22:55:22,,,37.634299719887956,,,,,,
2024-11-28 22:56:25,,,37.63429971988796,,36.66803921568628,,36.0684531590414,,
2024-11-28 22:57:27,,,37.63429971988796,,,,,,
2024-11-28 22:58:29,,,37.644859943977586,,,,,,
2024-11-28 22:59:31,,,37.67126050420169,,,,36.1801568627451,,
2024-11-28 23:00:33,,,37.68182072829132,,36.626971677559915,,36.37235294117647,,
2024-11-28 23:01:34,,,37.708221288515404,,,,36.35756862745099,,34.2286274509804
2024-11-28 23:03:38,,,37.73462184873949,,,,36.30621259029929,,
2024-11-28 23:04:40,38.51607843137255,,37.750462184873946,,,,36.35289989680083,,
2024-11-28 23:05:42,,,37.78742296918767,35.115686274509805,36.626971677559915,,36.30621259029928,,34.2286274509804
2024-11-28 23:06:44,,,37.792703081232496,,,,,,
2024-11-28 23:07:46,38.66392156862745,,,,,,36.39958720330237,,
2024-11-28 23:08:47,,,37.739901960784316,,36.59411764705882,,36.40192156862745,,
2024-11-28 23:09:49,,,37.74518207282913,,36.24299019607844,,36.422930856553144,,
2024-11-28 23:10:52,,,,,36.29843137254902,,,,
2024-11-28 23:13:58,,37.18549019607843,,,,,,,
2024-11-28 23:16:01,,,37.70294117647059,,,,36.557156862745096,,
2024-11-28 23:17:02,,,37.697661064425766,,36.396993464052294,,36.58633642930857,,
2024-11-28 23:18:04,,,37.70020334059549,,,,36.60189886480909,,
2024-11-28 23:19:06,,,37.69725490196078,,,,,,
2024-11-28 23:20:07,,,37.66882352941176,,,,,,
2024-11-28 23:21:10,,,37.65858823529411,,,,36.67238754325259,,
2024-11-28 23:22:12,,,37.64133986928105,,,,,,
2024-11-28 23:23:14,,,37.648303495311154,,,,36.68651960784314,,
2024-11-28 23:24:15,,,37.62229946524064,,,,,,
2024-11-28 23:25:19,,36.59411764705882,37.65718020541549,,,,36.79124183006536,,
2024-11-28 23:26:21,,,37.629019607843134,,,,36.574405228758174,,
2024-11-28 23:27:22,,,,,,,36.77152941176471,,
2024-11-28 23:29:26,,,37.53867102396514,,,,,,
2024-11-28 23:30:28,,,37.559446366782005,,,,36.639607843137256,,
2024-11-28 23:31:30,,35.85490196078432,,,,,,,
2024-11-28 23:32:32,,,37.50581699346405,,,,,,
2024-11-28 23:37:40,,,37.49856978085352,,,,,,
2024-11-28 23:41:47,,,,,,34.83848039215687,,,
2024-11-28 23:42:49,,,,,,34.885708061002184,,,
2024-11-28 23:56:10,,,37.51285714285715,,,,,,
2024-11-28 23:58:14,,,,,,35.008163992869875,,,
2024-11-29 00:00:17,,,,,,34.98016339869282,36.40078431372549,,
2024-11-29 00:01:19,,,,,,35.01712418300654,,,
2024-11-29 00:02:20,38.66392156862745,,,,,,,,
2024-11-29 00:04:25,,,,,,,36.37235294117647,,
2024-11-29 00:05:26,,,,,,35.12554248366013,,,
2024-11-29 00:09:33,,,,35.41137254901961,,,36.15058823529412,,
2024-11-29 00:10:37,,,,37.92470588235294,,,,,
2024-11-29 00:12:40,,,,,,35.124926470588235,,,
2024-11-29 00:13:42,,,,,,,35.879542483660124,,
2024-11-29 00:14:44,,,38.01878787878788,35.70705882352941,,,35.891862745098045,,
2024-11-29 00:15:46,,,,35.41137254901961,,,35.879542483660124,,
2024-11-29 00:16:47,,,,,,,35.928823529411765,,
2024-11-29 00:18:51,,,,,,35.31799793601652,,,
2024-11-29 00:26:07,,,,,,35.310216718266254,,,
2024-11-29 00:27:09,,,38.10540305010894,,,35.3448431372549,35.8302614379085,,
2024-11-29 00:28:10,,,38.08897603485839,,,35.37441176470588,35.842581699346404,,
2024-11-29 00:29:12,,,38.15468409586057,,,,35.868342245989304,,
2024-11-29 00:30:15,,,38.16125490196078,,,35.36468524251806,35.85490196078431,,
2024-11-29 00:31:17,,,38.23383244206774,,,35.38024767801857,,,
2024-11-29 00:32:19,,,38.245032679738564,,,35.38024767801857,,,
2024-11-29 00:35:24,,,,,,,35.975864527629234,,
2024-11-29 00:36:26,,,,35.55921568627451,,35.53703921568628,,,
2024-11-29 00:37:27,,,38.25735294117647,,,,,,
2024-11-29 00:39:31,,,,,,35.566607843137255,,,
2024-11-29 00:40:32,,,,,,35.62257703081233,,,
2024-11-29 00:41:34,,,38.39287581699346,,,35.699666666666666,,,
2024-11-29 00:42:36,,,,,,35.70705882352941,,,
2024-11-29 00:43:38,,,,,,35.69227450980392,,,
2024-11-29 00:44:39,,,,,,35.730402476780185,,,
2024-11-29 00:45:41,,,,,,35.731699346405236,,,
2024-11-29 00:46:43,,,,,,35.75923875432527,,,
2024-11-29 00:47:45,,,,,,35.79946078431373,,,
2024-11-29 00:48:47,,,38.4569411764706,,,,,,
2024-11-29 00:51:52,,,38.45271708683474,,,,,,
2024-11-29 00:52:54,,,38.52745098039216,,,,,,
2024-11-29 00:53:55,,,,,,35.759859943977595,35.707058823529415,,
2024-11-29 00:54:57,,,,,,,,,
2024-11-29 00:55:59,,,,,,,,,
2024-11-29 00:57:01,,,,,,35.80210084033614,,,
2024-11-29 00:58:03,,,,,,35.775294117647064,,,
2024-11-29 01:00:06,,,,,,,36.38291316526611,,
2024-11-29 01:01:08,,,38.68504201680672,,,,36.425154061624646,,
2024-11-29 01:02:09,,,38.723058823529406,,,,36.43571428571428,,
2024-11-29 01:03:11,,,38.784044117647056,,,,36.467394957983196,,
2024-11-29 01:04:13,,,38.79328431372549,,,,36.44627450980393,,
2024-11-29 01:05:16,,,38.7595847750865,,,,36.48851540616246,,
2024-11-29 01:06:18,,,38.72141612200436,,,,36.477955182072826,,
2024-11-29 01:07:20,,,,,,,36.43571428571428,,
2024-11-29 01:09:24,,,,,,,36.46739495798319,,
2024-11-29 01:10:25,,,,35.55921568627451,,36.052026143790854,,,
2024-11-29 01:14:32,38.36823529411765,,38.874014447884406,,,,,,
2024-11-29 01:15:34,,,,,,,36.414593837535016,,
2024-11-29 01:18:41,,,38.82654901960784,,,,36.456834733893565,,
2024-11-29 01:21:46,,,38.863509803921566,,,35.805620915032684,,,
2024-11-29 01:24:52,,,,,,,,,
2024-11-29 01:25:53,,,38.804372549019604,,,,,,
2024-11-29 01:26:55,,,38.82654901960784,,,,,,
2024-11-29 01:33:06,,,38.760019607843134,,,,,,
2024-11-29 01:35:09,,,38.78219607843137,,,,,,
2024-11-29 01:38:14,,,,,,,,,
2024-11-29 01:41:19,,,38.89307843137256,,,,,,
2024-11-29 01:42:21,,,38.84133333333334,,,,,,
2024-11-29 01:44:24,,,38.84133333333334,,,,,,
2024-11-29 01:45:26,,,38.86808590102709,,,,,,
2024-11-29 01:50:35,,,38.86808590102709,,,,37.16084967320261,,
2024-11-29 01:59:51,,,38.90584670231729,,,35.52636165577343,,,
2024-11-29 02:01:55,,37.92470588235294,38.98648841354724,,,,,,
2024-11-29 02:12:14,,37.03764705882353,,,,,,,
2024-11-29 02:18:24,,,,,,35.63985739750446,,,
2024-11-29 02:22:30,,37.629019607843134,,,,,,,
2024-11-29 02:44:08,39.10745098039216,,,,,,,,
2024-11-29 02:45:10,,,39.048313725490196,,,35.85490196078432,,,
2024-11-29 02:46:12,,36.59411764705882,39.11484313725491,,,,35.52964705882353,,
2024-11-29 02:47:13,38.811764705882354,,39.06309803921569,,,35.911764705882355,,,
2024-11-29 02:48:15,,,39.01135294117648,,,,,,
2024-11-29 02:49:17,,,38.966647992530355,,,,35.58878431372549,,
2024-11-29 02:50:19,38.959607843137256,,38.98776844070963,,,35.94114379084968,,,
2024-11-29 02:51:21,,,38.86104575163399,,,,,,
2024-11-29 02:52:22,,,38.80472455648927,,,35.94114379084968,,,
2024-11-29 02:55:28,,,,,,35.96578431372549,,,
2024-11-29 02:56:29,,,38.69912231559291,,,35.990424836601306,,,
2024-11-29 03:03:41,,,,,,35.92210338680927,35.41137254901961,,
2024-11-29 03:04:43,,,,,,,35.115686274509805,,
2024-11-29 03:25:23,,,,,,35.92210338680927,34.82,,
2024-11-29 03:28:29,,,,,,35.91403921568627,,,
2024-11-29 03:47:01,,,,,,35.86968627450981,,,
2024-11-29 03:48:03,,,,,,,,,
2024-11-29 03:52:11,38.07254901960785,,38.391890196078435,,,,,,
2024-11-29 03:53:13,,,38.368235294117646,36.44627450980393,36.15058823529412,,,,
2024-11-29 03:54:14,,,38.35049411764706,,36.132107843137256,,,,
2024-11-29 03:55:16,,,38.2972705882353,,36.115801614763555,,,,
2024-11-29 03:56:17,,,38.23221960784314,,36.10130718954249,,,,
2024-11-29 03:57:19,,,38.220392156862744,,36.09611971104231,,,,
2024-11-29 03:58:21,,,38.18343137254902,,36.0988431372549,,,,
2024-11-29 03:59:22,,,38.109509803921576,,36.0942670401494,,,,
2024-11-29 04:00:24,,,38.06072156862746,,36.07666666666666,,,,
2024-11-29 04:01:26,,,38.0109477124183,,36.073452685422,,,,
2024-11-29 04:02:28,,,37.89390522875817,,36.06702472293266,,,,
2024-11-29 04:03:30,,,37.76454248366013,,36.07666666666666,,,,
2024-11-29 04:04:31,,,37.753207843137254,,36.07962352941176,,,,
2024-11-29 04:05:33,,,37.73137254901961,,36.05960784313725,,,,
2024-11-29 04:06:35,,,37.72568627450981,,36.04655047204067,,,,
2024-11-29 04:07:36,,,37.72758169934641,,36.06610644257703,,,,
2024-11-29 04:08:39,,,37.65639796659405,,36.05372549019608,,,,
2024-11-29 04:09:40,,,37.590689905591866,,36.03843137254903,,34.849568627450985,,
2024-11-29 04:10:42,,,37.55783587509078,,36.01803921568627,,34.849568627450985,,
2024-11-29 04:11:43,,,37.52498184458969,,36.01330532212886,,34.90870588235294,,
2024-11-29 04:12:45,,,37.48665214233842,,35.991793754538854,,,,
2024-11-29 04:13:47,,,,,35.980000000000004,,,,
2024-11-29 04:14:49,,,37.45927378358751,,35.97909019607843,,34.89392156862745,,
2024-11-29 04:15:51,,,37.535933188090056,,35.97194444444444,,34.87913725490196,,
2024-11-29 04:16:52,,,,,35.96417732310316,,,,
2024-11-29 04:17:55,,,37.5778431372549,,,,,,33.34156862745098
2024-11-29 04:18:57,,,37.575796078431374,36.705,35.922103386809276,,34.95440285204991,,
2024-11-29 04:19:59,,,37.57357843137255,36.680359477124185,35.918263305322135,,,,
2024-11-29 04:21:00,,,37.577595907928405,36.705,35.92143137254902,,,,33.34156862745098
2024-11-29 04:22:02,,,,36.705,35.917151702786384,,34.9678431372549,,
2024-11-29 04:23:03,,,37.58869875222817,36.69267973856209,35.87954248366014,,34.9678431372549,,
2024-11-29 04:24:06,,,37.60085901027078,36.680359477124185,35.89838523644752,,35.05408496732026,,33.04588235294118
2024-11-29 04:25:07,,,37.61423529411765,36.705,35.90110294117647,,35.066405228758164,,
2024-11-29 04:26:09,,,37.68076470588236,36.69267973856209,35.904183006535945,,,,33.04588235294118
2024-11-29 04:27:10,,34.37647058823529,37.651196078431376,36.75540106951872,,,,,
2024-11-29 04:28:12,,34.82,37.6216274509804,,,,,,
2024-11-29 04:29:14,,,37.63641176470588,36.75540106951872,,,,,
2024-11-29 04:30:16,,,37.650140056022416,36.741960784313726,,,,,
2024-11-29 04:43:39,,,,,,,,,
2024-11-29 04:50:51,,,,,,,35.25008912655972,,
2024-11-29 04:59:05,,,,,35.904183006535945,,,,
2024-11-29 05:09:24,,,,,,36.00274509803921,,,
2024-11-29 05:20:43,,,,,,37.48117647058824,,,
2024-11-29 05:21:45,,,,,,37.333333333333336,,,
2024-11-29 05:23:48,,,,,,36.29843137254902,,,
2024-11-29 05:24:50,,,37.62197945845005,,,,,,
2024-11-29 05:37:13,,,,,,,35.02160427807486,,
2024-11-29 05:38:15,,,,,,36.44627450980393,,,
2024-11-29 05:42:21,,,37.606843137254906,,,,35.04997821350762,,
2024-11-29 05:43:23,,,37.73795665634675,,,,35.13211328976035,,
2024-11-29 05:44:25,,,37.76864923747277,,,,,,
2024-11-29 05:46:30,,,37.742076124567475,,,,34.9678431372549,,
2024-11-29 05:47:31,,,37.74914215686275,,,,34.95440285204991,,
2024-11-29 05:48:33,40.29019607843138,,37.66844444444444,,36.00274509803921,,,,
2024-11-29 05:49:35,,,37.5867787114846,,,,,,
2024-11-29 05:50:36,,,37.49254901960784,,,,34.893921568627455,,
2024-11-29 05:51:38,,,37.49254901960784,,,,34.805215686274515,,
2024-11-29 05:52:40,,,,,,,,,
2024-11-29 05:53:41,,,37.70862745098039,,,,,,
2024-11-29 05:54:43,,,,,,,,30.384705882352943,
2024-11-29 05:56:47,,36.741960784313726,,,,,,28.462745098039218,
2024-11-29 06:00:56,,,,,,,35.03607843137256,,
2024-11-29 06:01:58,,,37.555098039215686,,,,,,
2024-11-29 06:04:01,39.69882352941177,,37.44421568627451,,,,,,
2024-11-29 06:05:03,38.811764705882354,,,,,35.09104575163399,,,
2024-11-29 06:06:05,,,,,,35.06640522875818,,,
2024-11-29 06:10:12,,37.284052287581694,,,,,34.91856209150327,,
2024-11-29 06:14:20,,,,,,34.81999999999999,34.739358288770056,,
2024-11-29 06:15:22,,,,,,34.74607843137255,,,
2024-11-29 06:17:25,,36.53075630252101,,,,,,,
2024-11-29 06:18:27,,,,,,34.76455882352941,,,
2024-11-29 06:19:29,,,,,,34.885708061002184,,,
2024-11-29 06:20:30,,,,,,,34.416791443850265,,
2024-11-29 06:23:35,,,,,,,34.40335115864528,,
2024-11-29 06:24:37,,,,,,34.893921568627455,34.86435294117647,,
2024-11-29 06:26:44,,36.46270152505446,,,,,,,
2024-11-29 06:27:46,,36.741960784313726,,,,,,,
2024-11-29 06:28:48,,,,,,,34.80521568627451,,
2024-11-29 06:29:50,,36.39083333333333,,,,,,,
2024-11-29 06:30:51,,36.48323529411765,,,,,,,
2024-11-29 06:33:57,39.55098039215687,,,,,,34.75839869281046,,
2024-11-29 06:34:58,,,,,,,,29.793333333333333,
2024-11-29 06:36:00,,,,,34.08078431372549,34.833440285204986,,29.793333333333333,
2024-11-29 06:37:02,,,,,33.78509803921568,,34.74039215686275,30.089019607843134,29.94117647058824
2024-11-29 06:38:04,,,37.36618736383443,,33.489411764705885,,34.682717086834735,30.089019607843134,
2024-11-29 06:39:05,,,,,,,,32.01098039215687,
2024-11-29 06:40:09,,,,,,34.59002178649237,,,32.45450980392157
2024-11-29 06:41:11,,36.520196078431375,,,,34.60644880174292,,,
2024-11-29 06:42:12,,36.544836601307196,,,,34.540740740740745,,,
2024-11-29 06:44:16,,,,,,34.787145969498916,,,
2024-11-29 06:45:18,,,37.35797385620915,,,,,,
2024-11-29 06:46:21,,,37.431895424836604,,,,,,
2024-11-29 06:48:24,,,,,,,34.4081512605042,,
2024-11-29 06:49:26,,,37.449495798319326,,,34.62780392156863,,,
2024-11-29 06:50:28,,,37.52060130718954,,,,34.342352941176465,,
2024-11-29 06:51:29,,,37.57973856209151,,,,34.31310924369747,,
2024-11-29 06:52:33,,,37.59205882352941,,,,34.270868347338926,,
2024-11-29 06:54:36,,,,,,,34.30254901960784,,
2024-11-29 06:55:38,,,37.5797385620915,,,,34.287764705882346,,
2024-11-29 06:56:39,,,37.65236326109391,,,,34.31733333333332,,
2024-11-29 06:57:41,,,37.62901960784314,,,,,,
2024-11-29 07:00:46,,,37.6068431372549,,,34.95305882352941,,,
2024-11-29 07:02:50,,,,,,34.91856209150327,,,
2024-11-29 07:03:51,,,,,,,34.179346405228756,,
2024-11-29 07:06:59,,,,,,,34.179346405228756,,
2024-11-29 07:08:00,,,37.725439045183286,,,,34.21014705882353,,
2024-11-29 07:09:02,,,,,,35.00480392156863,,,
2024-11-29 07:12:08,,,37.61557932263815,,,,,,
2024-11-29 07:13:09,,,37.57759590792839,,,35.04176470588236,,,
2024-11-29 07:14:11,,,37.514777183600714,,,,,,
2024-11-29 07:15:13,,,,,,,34.18242647058824,,
2024-11-29 07:16:15,,,37.55157796451915,,,,34.13006535947713,,
2024-11-29 07:17:17,,,37.56249019607843,,,,,,
2024-11-29 07:19:20,,,37.53749766573297,,,,34.13764705882353,,
2024-11-29 07:27:35,,,37.52341736694679,,,35.54784313725491,,,
2024-11-29 07:29:38,,,37.569882352941185,,,35.66481792717087,34.17486631016043,,
2024-11-29 07:30:39,,,37.55509803921568,,,,,,
2024-11-29 07:33:47,,,,,,,34.16702614379085,,
2024-11-29 07:34:48,,,37.555098039215686,,,,,,
2024-11-29 07:35:50,,,37.537497665732964,,,,,,
2024-11-29 07:38:55,,,37.50805704099822,,,36.034425770308125,34.16949019607843,,
2024-11-29 07:39:57,,,,,,36.00274509803922,34.22862745098039,,
2024-11-29 07:40:58,,,37.51331628303495,,,,,,
2024-11-29 07:43:02,,,37.474748508098884,,,,34.24505446623094,,
2024-11-29 07:45:05,,,,,,36.23683006535948,,,
2024-11-29 07:47:10,,,37.34618925831202,,,36.1259477124183,,,
2024-11-29 07:48:12,,,,,,36.139215686274504,,,
2024-11-29 07:51:17,,,,,,36.252941176470586,,,
2024-11-29 07:52:19,,,37.33949346405229,,,36.17333333333333,,,
2024-11-29 07:53:21,,,37.3140494458653,,,36.38291316526611,,,
2024-11-29 07:58:30,,,,,,36.30980392156863,,,
2024-11-29 07:59:32,,,37.20477408354646,,,,34.622875816993464,,
2024-11-29 08:00:35,,,,,,36.46901960784314,,,
2024-11-29 08:02:39,,,37.15335038363172,,,36.457647058823525,,,
2024-11-29 08:03:41,,,37.18549019607843,,,,,,
2024-11-29 08:04:43,,,37.18549019607843,,,,,,
2024-11-29 08:05:45,,,37.15977834612106,,,,,,
2024-11-29 08:06:46,,,37.19781045751634,,,,,,
2024-11-29 08:07:48,,,37.22245098039216,,,,,,
2024-11-29 08:08:50,,,37.24093137254902,,,,,,
2024-11-29 08:09:51,,,37.24093137254902,,,,,,
2024-11-29 08:10:53,,,37.247091503267974,,,36.95803921568627,,,
2024-11-29 08:11:56,,,37.25054117647059,,,,,,
2024-11-29 08:12:57,,,37.287843137254896,,,,35.26352941176471,,
2024-11-29 08:14:01,,,,,,36.94356506238859,,,
2024-11-29 08:15:02,,,37.299215686274515,,,,,,
2024-11-29 08:16:04,,,37.3442846768337,,,,35.55921568627451,,
2024-11-29 08:17:06,,,,,,36.95700534759358,,,
2024-11-29 08:18:08,,,37.29637254901961,,,,,,
2024-11-29 08:19:10,,,37.2646918767507,,,,,,
2024-11-29 08:20:12,38.66392156862745,,37.28581232492997,,,,,,
2024-11-29 08:21:14,,,37.30595497458243,,,,,,
2024-11-29 08:22:16,,,37.28784313725491,,,,,,
2024-11-29 08:24:19,,,37.30490196078432,,,36.404033613445385,,,
2024-11-29 08:25:21,,,37.30376470588235,,,36.456834733893565,,,
2024-11-29 08:26:24,,,,,,36.50963585434174,,,
2024-11-29 08:27:26,,,,,,36.467394957983196,,,
2024-11-29 08:28:28,,37.92470588235294,37.293012477718364,,,,,,
2024-11-29 08:29:30,,,37.11828877005348,,,,,,
2024-11-29 08:30:31,,,37.05780748663103,,,36.45764705882354,,,
2024-11-29 08:31:33,,,36.92194373401535,,,,,,
2024-11-29 08:33:36,,,36.76124467178176,,,36.38467320261439,36.44627450980393,,
2024-11-29 08:34:38,,,36.82260249554367,,,36.218823529411765,,,
2024-11-29 08:35:40,,,36.847563025210086,,,35.92313725490197,,,
2024-11-29 08:36:42,,,36.84545098039216,,,,,,
2024-11-29 08:37:43,,,36.66064705882353,,,35.92313725490197,,,
2024-11-29 08:38:47,,,,,,35.82322128851541,,,
2024-11-29 08:40:51,38.07254901960785,,,,,35.84434173669468,,,
2024-11-29 08:42:54,,,36.220619195046446,,,35.707058823529415,,,
2024-11-29 08:44:57,,35.47473389355743,,,,,,,
2024-11-29 08:50:06,37.18549019607843,,,,,,,,
2024-11-29 08:52:11,,35.17904761904762,,,,,,,
2024-11-29 08:53:13,35.41137254901961,,,,,,34.85696078431373,,
2024-11-29 08:55:17,,,35.95654411764706,,,,,,
2024-11-29 08:56:19,,,35.79022058823529,,34.22862745098039,,,,
2024-11-29 08:57:21,,,35.81794117647059,,,,,,
2024-11-29 08:58:23,,,35.77174019607843,,,,,,
2024-11-29 08:59:24,,34.82000000000001,,33.63725490196079,34.27790849673203,34.84688057040998,34.57975490196078,,
2024-11-29 09:00:26,,34.841120448179275,,33.34156862745098,,34.71650980392157,34.61671568627451,,
2024-11-29 09:01:28,,35.07872549019608,,,,,34.59823529411764,,
2024-11-29 09:02:29,,,35.34801120448179,,,,,,
2024-11-29 09:03:31,36.96372549019608,35.099259259259256,35.195294117647066,,,34.310762527233116,,,
2024-11-29 09:04:33,,,35.252156862745096,,,,,,
2024-11-29 09:05:34,,35.29638344226579,,33.34156862745098,34.22862745098039,34.080784313725495,34.6721568627451,33.93294117647059,
2024-11-29 09:06:36,,,,,34.22862745098039,33.91182072829132,,34.2286274509804,
2024-11-29 09:07:37,,,,,34.22862745098039,33.91446078431373,34.58345098039216,,
2024-11-29 09:08:39,,,,,,,34.5108734402852,,
2024-11-29 09:09:41,,35.47473389355742,,32.60235294117648,,,34.57807486631016,33.489411764705885,31.71529411764706
2024-11-29 09:10:43,,,35.4113725490196,,,,,,32.45450980392157
2024-11-29 09:11:45,37.03764705882353,,35.44833333333334,,,,,,
2024-11-29 09:13:48,37.09308823529412,,35.460653594771244,,,,,,
2024-11-29 09:14:50,37.07460784313726,,35.56977591036415,,,,,33.04588235294118,
2024-11-29 09:15:53,,,35.7915406162465,,34.22862745098039,,34.4398319327731,33.34156862745098,
2024-11-29 09:16:55,37.26762527233115,,,,,,,,
2024-11-29 09:25:09,37.23477124183006,35.53809523809524,35.91403921568628,,,,,,
2024-11-29 09:27:12,37.42203921568627,35.981624649859945,,,,33.725960784313735,,,
2024-11-29 09:28:14,37.61557932263815,,,,,,,,
2024-11-29 09:29:16,,,,,,,,,
2024-11-29 09:30:18,37.64245989304813,,36.44627450980393,,,,,,
2024-11-29 09:31:20,,,,,,,34.302549019607845,,
2024-11-29 09:33:24,,,,,,33.78509803921569,,,
2024-11-29 09:34:26,,,36.434901960784316,,,34.04382352941177,34.261481481481475,,
2024-11-29 09:35:27,,,36.65747899159664,,,34.00686274509805,,,
2024-11-29 09:36:29,,,36.68915966386555,,,,34.10190476190477,,
2024-11-29 09:37:31,,,36.86705882352942,,,,34.207507002801115,,
2024-11-29 09:38:33,,,,,,34.19905882352941,,,
2024-11-29 09:39:35,,37.0006862745098,,,,,34.302549019607845,,
2024-11-29 09:40:37,,,36.90458823529412,,,34.548954248366016,34.33950980392157,,
2024-11-29 09:41:18,37.80971677559913,,,,,,,,
2024-11-29 09:41:38,,,36.93908496732027,,,,,,
2024-11-29 09:42:20,37.98806722689075,37.03764705882353,,,,,,,
2024-11-29 09:43:22,38.146470588235296,37.058767507002806,,,,,,,
2024-11-29 09:43:42,,,37.25269162210339,,,34.842745098039224,,33.63725490196079,
2024-11-29 09:44:24,38.545647058823526,37.03764705882353,,,,,,,
2024-11-29 09:44:44,,37.26997198879552,,33.93294117647059,34.9678431372549,,,,
2024-11-29 09:45:25,38.811764705882354,37.0587675070028,,,,,,,
2024-11-29 09:45:45,,,,,38.51607843137255,34.844640522875814,,33.78509803921568,33.19372549019608
2024-11-29 09:46:27,,,37.55509803921569,,,,,,
2024-11-29 09:46:48,,,,,,35.1291265597148,,,
2024-11-29 09:48:51,,,,,,35.11568627450981,,,
2024-11-29 09:49:53,,,,,,,35.115686274509805,,
2024-11-29 09:50:37,,,,,,,,,
2024-11-29 09:50:55,,,,,,35.31729055258467,,,
2024-11-29 09:51:38,,37.01300653594772,,,,,,,
2024-11-29 09:51:57,,,,,,35.31281045751634,,,
2024-11-29 09:52:40,,,38.717682709447416,,,,,,
2024-11-29 09:52:59,,,,,,,,,34.9678431372549
2024-11-29 09:53:41,,,38.73112299465241,,,,,,
2024-11-29 09:54:43,,,38.83864527629234,,,,,,
2024-11-29 09:55:02,,,,,,35.57153594771241,,,
2024-11-29 09:55:45,,,38.865525846702326,,,,,,
2024-11-29 09:58:53,,,38.79832442067737,,,,,,
2024-11-29 09:59:10,,,,,,35.490980392156864,,,
2024-11-29 09:59:55,,,38.737843137254906,,,,,,
2024-11-29 10:00:56,,,38.70827450980393,,,,,,
2024-11-29 10:01:13,,,,,,35.49761437908497,,,
2024-11-29 10:01:58,,,38.72305882352941,,,,,,
2024-11-29 10:03:00,,,38.72305882352941,,,,,,
2024-11-29 10:03:21,,,,,,35.34977124183006,,,
2024-11-29 10:04:23,,,,,,35.41137254901961,,,
2024-11-29 10:05:04,,38.01341176470588,,,,,,,
2024-11-29 10:06:06,,,,,,,,,
2024-11-29 10:06:27,,,,,,,,33.78509803921568,
2024-11-29 10:07:08,,38.07254901960785,38.72305882352942,38.66392156862745,,,,,
2024-11-29 10:08:10,,,,38.811764705882354,,,,,
2024-11-29 10:09:12,,38.368235294117646,,,,,,,
2024-11-29 10:10:34,,,,,,35.11568627450981,,,
2024-11-29 10:11:36,,,,,,35.157927170868355,,,
2024-11-29 10:12:19,,38.70088235294118,,38.07254901960785,,,,,
2024-11-29 10:12:38,,,,,,35.0840056022409,,,
2024-11-29 10:13:21,,38.795337690631804,,,,,,,
2024-11-29 10:14:41,,,,,,34.98896358543418,,,
2024-11-29 10:15:43,,,,,,34.918562091503276,,,
2024-11-29 10:19:32,,,37.422039215686276,,,,,,
2024-11-29 10:20:51,,,,,,34.85942483660131,,34.08078431372549,
2024-11-29 10:22:58,,,,,,34.92560224089636,,,
2024-11-29 10:24:00,,,,,,34.869281045751634,,,
2024-11-29 10:27:06,34.08078431372549,,,,,,,,
2024-11-29 10:29:09,,,37.87542483660131,,,,,,
2024-11-29 10:29:50,,38.900470588235294,,,,,,,
2024-11-29 10:30:11,,,,,,34.70911764705882,,,
2024-11-29 10:30:52,,38.93003921568628,,,,,,,
2024-11-29 10:31:13,,,38.41047619047619,,,34.58899509803922,,,
2024-11-29 10:31:54,,38.90584670231729,,,,,,,
2024-11-29 10:32:15,,,,,,34.6721568627451,,,
2024-11-29 10:32:56,,38.811764705882354,,,,,,,
2024-11-29 10:33:17,,,38.59,,,34.62595588235294,,,
2024-11-29 10:34:19,,,,,,34.58345098039216,,,
2024-11-29 10:34:59,,38.8733660130719,,,,,,,
2024-11-29 10:35:20,,,,,,34.54402614379085,,,
2024-11-29 10:36:01,,38.89137254901961,,,,,,,
2024-11-29 10:36:22,,,,,,34.39921568627451,,,
2024-11-29 10:37:03,,38.88,38.598213507625275,,,,,,
2024-11-29 10:37:24,,,,,,34.31486928104575,,,
2024-11-29 10:38:05,,38.8686274509804,39.32100217864924,,,,,,
2024-11-29 10:38:26,,,,,,34.302549019607845,,,
2024-11-29 10:39:06,,38.836405228758174,39.38969696969697,,,,,,
2024-11-29 10:39:28,,,,,,34.33614973262033,,,
2024-11-29 10:40:09,,38.744563279857395,39.57562091503268,,,,,,
2024-11-29 10:40:30,,,,,,,,,
2024-11-29 10:41:10,,,,,,,,,
2024-11-29 10:41:32,,,,,,34.36168627450981,,,
2024-11-29 10:42:12,,38.589999999999996,,,,,,,
2024-11-29 10:43:14,,38.56043137254902,,,,,,,
2024-11-29 10:43:36,,,,,,34.39495098039215,,,
2024-11-29 10:44:16,,38.60478431372549,,,,,,,
2024-11-29 10:45:17,,,39.50749711649366,,,,,,
2024-11-29 10:46:23,,,39.50749711649366,,,,,,
2024-11-29 10:47:25,,,39.498800461361014,,,,,,
2024-11-29 10:48:27,,,39.49010380622837,,,,,,
2024-11-29 10:49:29,,,39.48629901960784,,,,,,
2024-11-29 10:50:31,,,39.49553921568628,,,,,,
2024-11-29 10:51:33,,,39.462274509803926,,,,,,
2024-11-29 10:52:34,,,39.47213071895424,,,,,,
2024-11-29 10:53:36,,,39.45593837535015,,,,,,
2024-11-29 10:54:58,,,,,,35.1304705882353,,,
2024-11-29 10:55:59,,,,,,,,,
2024-11-29 10:56:42,,38.959607843137256,39.33414379084968,,,,,,
2024-11-29 10:57:01,38.66392156862745,,39.4524183006536,,,,,,
2024-11-29 10:57:44,,39.40313725490197,39.31443137254903,,,,,,
2024-11-29 10:58:05,,,,,,34.82,,,
2024-11-29 10:58:46,,38.959607843137256,39.33414379084968,,,,40.438039215686274,,
2024-11-29 10:59:07,,,,,,34.70383753501401,,,
2024-11-29 10:59:48,,39.55098039215687,39.28941176470588,,,,,,
2024-11-29 11:00:09,,,,,,34.57051470588235,,,
2024-11-29 11:01:11,,,,,,34.57649365628604,,,
2024-11-29 11:01:52,,,,,,,,,
2024-11-29 11:02:12,,,,,,34.493188854489155,,,
2024-11-29 11:04:16,,,,,,34.45039215686275,,,
2024-11-29 11:05:18,,,,,,34.4398319327731,,,
2024-11-29 11:06:20,,,39.058169934640524,,,,,,
2024-11-29 11:08:24,,,,34.37647058823529,,34.615835667600365,34.08078431372549,33.78509803921568,
2024-11-29 11:10:31,,,,,,34.833440285204986,,,
2024-11-29 11:11:33,,,,33.34156862745098,,34.99355498721227,,,
2024-11-29 11:12:34,,,,,,34.97427109974424,,,
2024-11-29 11:13:36,37.77686274509804,,,,,,,,
2024-11-29 11:14:38,,,,32.898039215686275,,35.15425404944586,,,
2024-11-29 11:16:42,,,,,,35.1033660130719,,,
2024-11-29 11:17:44,,,,,,35.115686274509805,,,
2024-11-29 11:19:48,,36.97850980392157,,,,35.092031372549016,,,
2024-11-29 11:20:50,,36.97850980392157,,,,35.09794509803921,,,
2024-11-29 11:21:53,,,,,,35.092031372549016,,,
2024-11-29 11:22:55,,,,,,34.912401960784315,,,
2024-11-29 11:23:56,,,,,,34.90624183006536,,,
2024-11-29 11:24:59,,,,,,34.89713554987212,,,
2024-11-29 11:25:37,,,,,,,,,
2024-11-29 11:26:39,37.92470588235294,,,,,,,,
2024-11-29 11:28:42,,36.239294117647056,,,,,,,
2024-11-29 11:29:44,,36.20972549019608,,,,,,,
2024-11-29 11:30:09,,,34.2286274509804,,,,,,
2024-11-29 11:30:46,,36.35756862745099,,,,,,,
2024-11-29 11:31:48,38.51607843137255,,,,,,,,
2024-11-29 11:32:12,,,,,,35.19847843137255,,,
2024-11-29 11:33:14,,36.80109803921569,,,,35.228047058823535,,,
2024-11-29 11:34:16,,,,,,35.35223529411765,,,
2024-11-29 11:35:18,,,,,,35.3990522875817,,,
2024-11-29 11:36:20,,,36.59411764705882,,,35.44217320261438,,,
2024-11-29 11:36:59,38.811764705882354,,,,,,,,
2024-11-29 11:37:22,,,,,,35.488508098891735,,,
2024-11-29 11:38:01,38.66392156862745,,,,,,,,
2024-11-29 11:38:24,,,,,,35.63313725490196,,,
2024-11-29 11:39:25,,,,,,35.44657329598507,,,
2024-11-29 11:40:27,,,,,,35.41137254901961,,,
2024-11-29 11:41:29,,,,,,35.203048128342246,,,
2024-11-29 11:42:32,,,,,,35.05232492997199,,,
2024-11-29 11:45:39,,,34.6721568627451,,,35.06640522875817,34.08078431372549,,
2024-11-29 11:46:20,,,,,,34.94672268907563,,,
2024-11-29 11:47:21,,,,,,34.9678431372549,,,
2024-11-29 11:47:43,,,,,,35.08208556149732,,,
2024-11-29 11:48:25,,,,,,35.15600713012478,,,
2024-11-29 11:49:27,,38.22039215686274,,,,,,,
2024-11-29 11:49:46,,,,,,35.451693404634575,,,
2024-11-29 11:50:29,,,36.91937254901961,,,,,,
2024-11-29 11:51:51,,,,,,35.52707587382779,,,
2024-11-29 11:52:32,38.36823529411765,38.22039215686274,,,,,,,
2024-11-29 11:52:53,,,,,,35.67009803921568,,,
2024-11-29 11:53:34,,,37.52341736694678,,,,,,
2024-11-29 11:53:54,,,,,,35.700898692810455,,,
2024-11-29 11:57:01,,,,,,35.764910485933505,,,
2024-11-29 11:57:41,,,37.448322440087146,,,,,,
2024-11-29 11:58:03,38.36823529411765,,,,,,,,
2024-11-29 11:58:43,,,,,,35.56593582887701,,,
2024-11-29 11:59:05,,,,,,35.55921568627452,,,
2024-11-29 12:00:06,,,,,,35.53809523809524,,,
2024-11-29 12:00:46,,,,,,,,,
2024-11-29 12:02:10,38.516078431372556,,37.87094474153299,,,35.48140350877193,,,
2024-11-29 12:02:49,,,,,,35.37441176470588,,,
2024-11-29 12:03:12,,,37.80150326797386,,,35.62146542827657,,,
2024-11-29 12:03:51,,,,,,35.54443137254903,,,
2024-11-29 12:04:53,,,37.4195751633987,,,35.61368421052632,,,
2024-11-29 12:05:54,,,37.4195751633987,,,35.67009803921569,,,
2024-11-29 12:08:21,,,,,,35.77358823529411,,,
2024-11-29 12:09:23,,,37.4195751633987,,,35.847861811391226,,,
2024-11-29 12:11:07,38.811764705882354,,,,,,,,
2024-11-29 12:11:28,,,37.39019607843137,,,36.061882352941176,,,
2024-11-29 12:12:09,38.959607843137256,37.40725490196078,,,,,,,
2024-11-29 12:12:29,,,37.253725490196075,,,36.06927450980392,,,
2024-11-29 12:14:33,,,,,,36.07666666666667,,,
2024-11-29 12:15:14,,37.4996568627451,,,,,,,
2024-11-29 12:16:36,,,37.16436974789916,,,,,,
2024-11-29 12:17:39,38.54564705882353,,37.2066106442577,,,,,,
2024-11-29 12:18:20,,37.218344226579525,,,,35.928823529411765,,,
2024-11-29 12:18:41,,,37.23829131652661,,,,,,
2024-11-29 12:19:22,,37.082,,,,36.10130718954249,,,
2024-11-29 12:19:43,,37.26613190730838,37.40725490196079,,,,,,
2024-11-29 12:20:24,,37.148529411764706,,,,36.182268907563035,,,
2024-11-29 12:20:45,,,37.07176470588235,,,36.298431372549025,,,
2024-11-29 12:21:27,,37.12388888888889,,,,36.38941176470588,,,
2024-11-29 12:21:47,,,37.04996732026144,,,,,,
2024-11-29 12:22:29,,,,,,36.557156862745096,,,
2024-11-29 12:22:49,,,37.062287581699344,,,,,,
2024-11-29 12:24:32,,37.025326797385624,,,,,,,
2024-11-29 12:25:34,,36.88980392156863,,,,36.64787878787878,,,
2024-11-29 12:25:55,,,36.900364145658266,,,,,,
2024-11-29 12:26:36,38.36823529411765,,,,,,,,
2024-11-29 12:26:56,38.22039215686274,,,,,,,34.82,
2024-11-29 12:27:58,,36.92392156862745,,,,,,,
2024-11-29 12:29:00,37.92470588235294,36.865163398692815,36.75333333333334,,,,,,
2024-11-29 12:29:42,,,,,,36.76660130718954,,,
2024-11-29 12:30:44,,36.61686274509804,,,,36.80356209150327,39.99450980392157,,
2024-11-29 12:31:45,,36.537254901960786,,,,,,,
2024-11-29 12:32:05,,,36.65098039215687,,,,,,
2024-11-29 12:32:47,,,,,,37.225811051693405,,,
2024-11-29 12:33:49,,,,,,,38.959607843137256,,
2024-11-29 12:34:09,,,,35.41137254901961,,,,33.93294117647059,
2024-11-29 12:35:10,38.07254901960785,,36.58067736185384,,,,,,
2024-11-29 12:36:12,,36.50963585434174,36.6384705882353,,,,,,
2024-11-29 12:37:14,,36.56243697478991,36.6384705882353,,,,,,
2024-11-29 12:38:16,,,36.6384705882353,,,,,,
2024-11-29 12:39:17,,,,,,,,,
2024-11-29 12:40:02,,,,,,37.36290196078431,,,
2024-11-29 12:40:19,,36.63760092272203,36.86023529411764,,,,,,
2024-11-29 12:41:03,,,,,,37.14516934046345,,,
2024-11-29 12:41:21,,36.81588235294117,36.856949891067536,,,,,,
2024-11-29 12:42:05,,36.732720588235296,,,,36.50003565062388,,,
2024-11-29 12:42:22,,36.90828431372549,36.72348039215686,,,,,,
2024-11-29 12:43:07,38.811764705882354,,,,,,,,
2024-11-29 12:44:09,,,,,,36.09145098039215,,,
2024-11-29 12:44:26,,37.0115570934256,,,,,,,
2024-11-29 12:45:12,,,,,,35.904183006535945,,,
2024-11-29 12:46:15,,36.733747276688455,,,,,,,
2024-11-29 12:46:30,,36.91444444444445,,,,,,,
2024-11-29 12:47:17,,36.89801742919391,,,,,,,
2024-11-29 12:47:32,,37.19418685121107,,,,,,,
2024-11-29 12:48:19,,37.078714596949894,,,,36.150588235294116,,,
2024-11-29 12:49:20,,37.0458605664488,,,,,,,
2024-11-29 12:50:22,,37.0998968008256,,,,,,,
2024-11-29 12:50:37,,,,,,36.741960784313726,,,
2024-11-29 12:51:24,,37.23995872033024,,,,,,,
2024-11-29 12:51:39,,,,33.489411764705885,,,,,
2024-11-29 12:52:26,,37.36618736383443,,,,,,,
2024-11-29 12:53:28,38.66392156862745,37.4724798154556,,,,,,,
2024-11-29 12:53:43,,,,,,,,33.34156862745098,
2024-11-29 12:54:30,,37.49760348583879,,,,,,,
2024-11-29 12:54:46,,,36.91444444444445,,36.873376906318086,,,,
2024-11-29 12:55:48,,,36.79124183006536,,36.71239215686275,,,,
2024-11-29 12:56:50,,,36.6926797385621,,36.68282352941177,,,,
2024-11-29 12:57:37,,37.75946943483276,,,,,,,
2024-11-29 12:57:51,,,36.66803921568628,,36.86516339869282,,,,
2024-11-29 12:58:39,,37.93456209150327,,,,,,,
2024-11-29 12:58:53,,,36.35387254901961,,36.776078431372554,,34.82,,
2024-11-29 12:59:41,,37.660700280112046,,,,,,,
2024-11-29 12:59:55,,,,,37.0967843137255,,,,
2024-11-29 13:00:42,,37.61764705882352,,,,,,,
2024-11-29 13:00:57,,,,,37.23169117647059,,35.115686274509805,,
2024-11-29 13:01:44,,37.5797385620915,,,,,,,
2024-11-29 13:01:59,,,,,37.35942329873126,,,,33.93294117647059
2024-11-29 13:02:46,,37.43682352941176,,,,,,,
2024-11-29 13:03:01,,,36.618758169934644,,37.57683967704729,,,,33.78509803921568
2024-11-29 13:03:48,,37.39247058823529,,,,,,,
2024-11-29 13:04:02,,,,,37.50581699346406,,,,33.78509803921568
2024-11-29 13:04:50,,37.629019607843134,,,,,,,
2024-11-29 13:05:04,,,36.79124183006536,,37.55944636678201,,,,
2024-11-29 13:06:08,,,36.77481481481482,,37.38551326412919,,,,
2024-11-29 13:07:10,,,36.81588235294118,,,,,,
2024-11-29 13:09:14,,,,,37.60292964244522,,,,
2024-11-29 13:11:17,,,36.88980392156863,,37.47193627450981,,,,
2024-11-29 13:12:19,,,36.87132352941177,,37.4116032295271,,,,
2024-11-29 13:13:21,,,36.90623093681918,,37.394209919261826,,,,
2024-11-29 13:14:07,,,,,,,38.36823529411765,,
2024-11-29 13:14:23,,,,,37.56814302191465,,,33.63725490196079,
2024-11-29 13:15:09,,,,,,37.57973856209151,,,
2024-11-29 13:15:25,,,,,37.64750000000001,,,,
2024-11-29 13:16:10,,37.15592156862745,,,,,,,
2024-11-29 13:16:26,,,,,37.65674019607843,,,,
2024-11-29 13:17:28,,,,,37.559446366782005,,,,
2024-11-29 13:18:14,38.22039215686274,37.333333333333336,,,,37.38877450980392,,,
2024-11-29 13:18:30,,,,,37.524659746251444,,,,
2024-11-29 13:19:16,,,,,,37.3518137254902,,,
2024-11-29 13:20:21,,,,,,37.44421568627452,,,
2024-11-29 13:20:34,,,37.15860962566845,,37.120808823529416,,,,
2024-11-29 13:21:22,,,,,,37.6125925925926,,,
2024-11-29 13:21:35,,,,,37.07988795518207,,,,
2024-11-29 13:22:37,,,37.266131907308385,,36.69647058823529,,,,
2024-11-29 13:23:25,,,,,,36.919372549019606,,,
2024-11-29 13:23:39,,,37.244627450980396,,,,,,
2024-11-29 13:24:27,,38.07254901960785,,,,36.88980392156863,,,
2024-11-29 13:24:40,,,37.30376470588236,34.9678431372549,,,,33.04588235294118,
2024-11-29 13:25:29,,,,,,36.80766884531591,,,
2024-11-29 13:25:43,,,,,36.4758431372549,,,,
2024-11-29 13:26:44,,,37.333333333333336,,36.41670588235294,,,,
2024-11-29 13:27:32,,,,,,37.086928104575165,,,
2024-11-29 13:28:48,,,37.27957219251337,,36.335392156862746,,,,
2024-11-29 13:29:52,,,,,36.40684967320261,,,,
2024-11-29 13:30:53,,,,34.31733333333334,,,34.6721568627451,,
2024-11-29 13:31:40,,,37.296372549019615,,,36.65747899159664,,,
2024-11-29 13:31:55,,,,,,,34.5243137254902,,
2024-11-29 13:32:43,,,37.37882352941177,,,,,,
2024-11-29 13:32:57,,,37.41294117647059,34.20398692810458,,,,,
2024-11-29 13:33:45,,,,,35.7625,,,,
2024-11-29 13:33:58,,,37.35797385620915,34.17934640522876,35.794025374855835,,,,
2024-11-29 13:35:00,,,,,35.5766089965398,,,,
2024-11-29 13:36:02,,,,,35.5766089965398,,,,
2024-11-29 13:37:03,,,,,35.55051903114187,,,,
2024-11-29 13:37:52,,37.629019607843134,,,,,,,
2024-11-29 13:38:06,,,,34.05614379084968,35.5766089965398,,,,
2024-11-29 13:39:07,,,,34.080784313725495,35.55921568627451,,,,
2024-11-29 13:40:09,,,37.46639215686274,,35.550519031141874,,,,
2024-11-29 13:40:58,,37.333333333333336,,,,,,,
2024-11-29 13:41:13,,,37.56331154684096,,35.57769607843137,,,,
2024-11-29 13:42:00,,,,,,36.68282352941177,,,
2024-11-29 13:42:14,,,,,35.60269896193772,,,,
2024-11-29 13:43:01,,,37.584666666666664,,,37.48117647058824,,,
2024-11-29 13:43:16,,,,34.15470588235294,35.65777777777778,,,,
2024-11-29 13:44:18,,,,,35.62492374727669,,,,
2024-11-29 13:45:19,,,,,35.611395617070364,,34.6721568627451,,
2024-11-29 13:46:22,,,,,35.620092272203,,,,
2024-11-29 13:47:12,,,,,,37.48117647058824,,,
2024-11-29 13:47:24,,,37.73990196078431,34.05121568627451,,,,,
2024-11-29 13:48:25,,,,,35.64792156862745,,,,
2024-11-29 13:49:16,,37.28405228758171,,,,38.07254901960785,,,
2024-11-29 13:49:27,,,,,35.707058823529415,,,,
2024-11-29 13:50:18,38.07254901960785,37.23477124183007,,,,,,,
2024-11-29 13:50:29,,,37.74400871459695,,35.815477124183005,,,,
2024-11-29 13:51:20,,37.431895424836604,,,,,,,
2024-11-29 13:51:31,,,37.84257080610021,,,,,,
2024-11-29 13:52:32,,,,34.37647058823529,35.891862745098045,,,,
2024-11-29 13:53:34,,,37.688156862745096,,35.894326797385624,,35.94360784313726,,
2024-11-29 13:55:27,,37.28405228758171,,,,,,,
2024-11-29 13:55:38,,,,33.93294117647059,,,,,
2024-11-29 13:56:30,,37.30869281045752,,,,,,,
2024-11-29 13:56:40,,,,,36.11116339869282,,35.96050420168068,,
2024-11-29 13:57:32,,37.431895424836604,,,,37.333333333333336,,,
2024-11-29 13:57:42,,,37.69725490196078,,,,,,
2024-11-29 13:58:43,,,37.752222222222215,,36.19001307189543,,35.83378151260505,,
2024-11-29 13:59:45,,,,,36.192829131652665,,,,
2024-11-29 14:00:38,38.22039215686274,,,,,37.77686274509804,,,
2024-11-29 14:00:46,,,,34.37647058823529,36.14002801120448,,,,
2024-11-29 14:01:48,,,37.708627450980394,,36.130875816993466,,,,
2024-11-29 14:02:41,,37.09678431372549,,,,,,,
2024-11-29 14:02:50,,,37.61764705882353,,36.11890756302522,,,,
2024-11-29 14:03:52,,,37.640392156862745,,36.0717385620915,,35.93938375350141,,
2024-11-29 14:04:45,,,37.66313725490197,,,,,,
2024-11-29 14:04:56,,,37.56741830065359,,36.04498599439776,,36.21394957983194,,
2024-11-29 14:05:47,,,37.5835294117647,,,,,,
2024-11-29 14:05:58,,,37.53803921568628,,35.983032679738564,,36.36179271708684,,
2024-11-29 14:07:00,,,,,35.97502450980393,,36.21394957983194,32.60235294117648,
2024-11-29 14:08:02,,,37.5721568627451,,35.98303267973857,,,,
2024-11-29 14:09:04,,,,33.93294117647059,,,,,
2024-11-29 14:10:56,,,,,,37.23477124183007,,,
2024-11-29 14:11:07,,,,32.75019607843137,,,,,
2024-11-29 14:12:09,,,,,36.40684967320262,,,,
2024-11-29 14:13:00,,,,,,37.308692810457515,,,
2024-11-29 14:13:12,,,37.60437908496731,,36.50541176470588,,,,
2024-11-29 14:14:01,,37.41781512605042,37.56741830065359,,,37.2840522875817,,,
2024-11-29 14:15:04,,37.4318954248366,,,,,,,
2024-11-29 14:15:15,,,37.493496732026145,,36.426562091503264,,,,
2024-11-29 14:16:06,,37.35797385620915,,,,37.20661064425771,36.02386554621849,,
2024-11-29 14:16:17,,,,,36.39699346405228,,,,
2024-11-29 14:17:19,,,37.37365418894831,,36.36742483660131,,,,
2024-11-29 14:18:09,37.48117647058824,37.14324929971989,,,,,,,
2024-11-29 14:18:20,,,,33.72596078431373,36.2885751633987,,,,
2024-11-29 14:19:11,37.77686274509804,37.10100840336134,,,,37.18549019607843,,,
2024-11-29 14:19:23,,,,,,,,,
2024-11-29 14:20:13,37.77686274509804,37.148529411764706,,,,37.227731092436976,,,
2024-11-29 14:20:25,,,,,,,,,
2024-11-29 14:21:14,,37.15263616557734,,,,,35.910343137254905,,
2024-11-29 14:21:27,,,,,36.01330532212885,,,,
2024-11-29 14:22:29,,,,32.45450980392157,,,,,
2024-11-29 14:23:30,,,37.308692810457515,32.75019607843137,36.25294117647059,,,,
2024-11-29 14:24:32,,,37.293012477718364,,36.24156862745098,,36.23272331154684,,
2024-11-29 14:25:21,,,,,,37.18549019607843,,,
2024-11-29 14:25:34,37.776862745098036,,37.400534759358294,,36.32117647058824,,36.183442265795215,,
2024-11-29 14:26:23,,,,,,,,,
2024-11-29 14:26:35,,,37.44421568627451,,36.39699346405229,,,,
2024-11-29 14:27:25,,,,,,,35.6146568627451,,
2024-11-29 14:27:37,,,37.467736185383245,,36.74196078431373,,36.07666666666667,,
2024-11-29 14:28:26,,,37.45429590017826,,,,35.63313725490197,,
2024-11-29 14:28:38,,,37.57973856209151,,36.951405228758176,,35.94730392156863,,
2024-11-29 14:29:28,,37.572156862745096,,,,,,,
2024-11-29 14:29:40,,,37.53045751633987,32.898039215686275,36.76884135472371,,36.00274509803922,,
2024-11-29 14:30:31,,37.58677871148459,,,,,,,
2024-11-29 14:30:42,,,37.50805704099822,,,,35.6436974789916,30.97607843137255,
2024-11-29 14:31:33,,37.56988235294117,,,,,,,
2024-11-29 14:32:35,,37.564338235294116,,,,,,,
2024-11-29 14:33:37,37.629019607843134,37.585536332179935,,,,,,,
2024-11-29 14:34:38,,37.538671023965136,37.5674183006536,,,,,,
2024-11-29 14:34:49,,,,,36.467394957983196,,,,
2024-11-29 14:35:40,,37.551207430340554,,,,,,,
2024-11-29 14:36:42,,37.64544662309368,37.65176470588236,,,,,,
2024-11-29 14:36:52,,,,,,,,,
2024-11-29 14:37:43,,37.6368008255934,,,,,,,
2024-11-29 14:37:54,,,,,37.77686274509804,,,,
2024-11-29 14:38:45,,37.63641176470588,37.75411764705883,,,,,,
2024-11-29 14:39:47,,37.64309990662932,,,,,,,
2024-11-29 14:40:49,,37.6571802054155,,,,,,,
2024-11-29 14:41:50,,37.64918003565062,,,,,,,
2024-11-29 14:42:54,,37.66422035480859,,,,,,,
2024-11-29 14:43:56,37.77686274509804,37.662620320855616,37.91414565826331,,,,,,
2024-11-29 14:44:58,37.92470588235294,37.664220354808585,37.89302521008403,,,,,,
2024-11-29 14:46:00,,37.664220354808585,37.89513725490196,,,,,,
2024-11-29 14:47:01,,,,36.09145098039215,,,,,
2024-11-29 14:48:03,,37.66598039215686,37.875424836601304,,,,,,
2024-11-29 14:49:05,,,37.87850490196079,35.981624649859945,,35.879542483660124,,,
2024-11-29 14:49:16,,,,,,,,32.75019607843137,
2024-11-29 14:50:07,,37.6912693498452,37.86002450980392,,,,,,
2024-11-29 14:50:18,,,,,,,,32.898039215686275,
2024-11-29 14:51:08,,,37.908278867102396,36.28364705882353,,36.17170868347339,,,
2024-11-29 14:52:10,,37.68076470588235,37.82355005159959,,,,,,
2024-11-29 14:53:12,,37.695549019607846,37.83133126934985,36.40595365418895,,,,,
2024-11-29 14:54:13,38.22039215686274,37.69905056759546,37.83911248710011,,,,,,
2024-11-29 14:55:16,,37.699050567595464,37.83911248710011,,,36.16906862745098,,,
2024-11-29 14:55:29,,,,,36.59411764705882,,35.70705882352941,,
2024-11-29 14:56:18,,37.62080610021786,,,,36.16906862745098,,,
2024-11-29 14:56:31,,,,,,,,,
2024-11-29 14:57:19,,37.62080610021787,37.83773933102653,36.48323529411765,,36.57933333333334,,,
2024-11-29 14:58:22,,37.546884531590415,37.83230392156863,,,36.540356506238865,,,
2024-11-29 14:58:34,,,,36.44627450980392,,,,,
2024-11-29 14:59:23,,,37.82614379084966,36.19986928104575,,36.495555555555555,,,
2024-11-29 15:00:25,38.22039215686274,37.559446366782005,,,,,,,
2024-11-29 15:01:27,,,37.82966386554621,36.06994652406417,,,,,
2024-11-29 15:02:28,,37.59423298731257,37.765490196078424,36.258110516934046,,,,,
2024-11-29 15:03:30,,37.571525054466235,37.79960784313725,36.20434937611408,,36.44627450980393,,,
2024-11-29 15:03:45,,,,,,,,,
2024-11-29 15:05:34,39.25529411764706,37.54205305651673,37.64133986928105,36.0323137254902,,36.58067736185384,,,
2024-11-29 15:05:48,,,,,36.29843137254902,,,,
2024-11-29 15:06:36,,37.50889705882353,,,,,,,
2024-11-29 15:06:50,,,,,36.741960784313726,,,,
2024-11-29 15:09:44,,,,35.88447058823529,,,,,
2024-11-29 15:10:46,,37.51813725490196,,,,36.71732026143791,,,
2024-11-29 15:11:47,,37.46378316032296,,,,36.73058823529412,,,
2024-11-29 15:12:49,,,,,,36.95140522875817,,,
2024-11-29 15:13:01,,,,35.825333333333326,,,,,
2024-11-29 15:13:51,,37.4719362745098,,,,37.1362091503268,,,
2024-11-29 15:14:03,,,,,,,35.73662745098039,,
2024-11-29 15:14:53,,37.43497549019608,,,,,,,
2024-11-29 15:15:05,,,,,,,35.6824183006536,,
2024-11-29 15:15:54,37.18549019607843,37.43497549019608,,,,37.26509803921569,,,
2024-11-29 15:16:07,,,,,,,35.74929971988796,,
2024-11-29 15:17:08,,,36.59411764705882,,36.59411764705882,,,,
2024-11-29 15:17:58,,37.444215686274504,,,,37.230980392156866,,,
2024-11-29 15:18:10,,,,34.08078431372549,,,35.57769607843137,,
2024-11-29 15:18:59,,37.402906574394464,,,,37.23477124183007,,,
2024-11-29 15:20:01,,37.4116032295271,,,,37.224915032679746,,,
2024-11-29 15:20:14,,,36.29843137254902,33.63725490196079,,,,,
2024-11-29 15:21:02,,37.49041666666667,,,,37.264339869281045,,,
2024-11-29 15:21:16,,,,33.75552941176471,,,,,
2024-11-29 15:22:04,,37.502296918767506,,,,37.2878431372549,,,
2024-11-29 15:22:18,,,,,,,35.54577540106952,33.04588235294118,
2024-11-29 15:23:05,,37.503921568627455,,,,37.35797385620915,,,
2024-11-29 15:23:20,,,,,,,35.30788235294118,,
2024-11-29 15:24:07,,37.51529411764705,,,,37.35797385620915,,,
2024-11-29 15:24:22,,,37.26997198879552,,,,35.2963834422658,,
2024-11-29 15:25:09,,37.48117647058824,,,,37.41397504456327,,,
2024-11-29 15:25:24,,,37.26997198879552,,,,35.37441176470588,,
2024-11-29 15:26:10,,37.45160784313725,,,,37.40053475935829,,,
2024-11-29 15:27:12,,37.500888888888895,,,,37.42741532976827,,,
2024-11-29 15:28:14,,37.500888888888895,,,,37.41397504456328,,,
2024-11-29 15:28:30,,,,33.63725490196079,,,,,
2024-11-29 15:29:16,,37.49103267973856,,,,37.30645276292335,,,
2024-11-29 15:29:32,,,37.62901960784314,,,,35.37441176470588,32.898039215686275,
2024-11-29 15:30:34,,,,33.489411764705885,,,,,
2024-11-29 15:31:19,,,37.62901960784314,,,,,,
2024-11-29 15:31:36,,,37.607899159663866,,,,35.39494553376906,,
2024-11-29 15:33:23,,,,,,,,,
2024-11-29 15:33:39,,,,33.63725490196079,,,35.39494553376906,,
2024-11-29 15:34:29,,37.4996568627451,,,,,,,
2024-11-29 15:35:31,,37.518137254901966,,,,,,,
2024-11-29 15:36:33,,,,,,,,,
2024-11-29 15:37:34,,,,,,,,,
2024-11-29 15:37:46,,,37.599450980392156,,36.29843137254902,,35.48529411764706,,
2024-11-29 15:38:36,,37.50726643598617,,,,37.03764705882353,,,
2024-11-29 15:38:48,,,,33.78509803921568,,,,,
2024-11-29 15:39:38,,37.49041666666666,,,,36.88980392156863,,,
2024-11-29 15:40:41,,37.48117647058824,,,,36.875019607843136,,,
2024-11-29 15:41:43,37.629019607843134,37.48117647058824,,,,36.81588235294118,,,
2024-11-29 15:41:54,,,,,36.44627450980393,,35.16496732026144,,
2024-11-29 15:42:45,,37.48117647058824,,,,,,,
2024-11-29 15:42:56,,,37.48117647058824,,,,,,
2024-11-29 15:43:46,37.61423529411765,37.49760348583878,,,,36.81588235294118,,,
2024-11-29 15:43:57,,,,,36.44627450980393,,35.284649859943976,,
2024-11-29 15:44:48,37.602139037433155,37.48117647058824,,,,,,,
2024-11-29 15:45:50,37.62901960784314,37.46561403508772,,,,36.810196078431375,,,
2024-11-29 15:46:52,37.68588235294117,37.45783281733747,,,,36.86868347338935,,,
2024-11-29 15:47:03,,,,,36.00274509803921,,,,
2024-11-29 15:47:54,37.707869281045745,37.473395252837975,,,,36.86868347338935,,,
2024-11-29 15:48:56,37.67830065359477,37.466392156862746,,,,36.89966013071896,,,
2024-11-29 15:49:06,,,36.88980392156863,,36.44627450980393,,,,
2024-11-29 15:49:57,37.71772549019609,37.474136321195154,,,,36.93908496732026,,,
2024-11-29 15:50:10,,,37.48117647058824,,,,35.35223529411765,,
2024-11-29 15:50:59,37.6638062283737,37.44597572362278,,,,36.95803921568627,,,
2024-11-29 15:51:11,,,,,,,,32.60235294117648,
2024-11-29 15:52:01,,37.42741532976827,,,,36.97604575163398,,,
2024-11-29 15:52:13,,,,33.63725490196079,,,35.41137254901961,,
2024-11-29 15:53:03,37.60437908496732,37.397612958226766,,,,36.97604575163398,,,
2024-11-29 15:53:15,,,,,,,35.70705882352941,,
2024-11-29 15:54:04,37.57973856209151,37.40404092071611,,,,36.98388591800356,,,
2024-11-29 15:55:06,37.54205305651673,37.3938146167558,,,,,,,
2024-11-29 15:56:08,,37.38261437908496,,,,36.9193725490196,,,
2024-11-29 15:57:09,37.4996568627451,37.37029411764706,,,,,,,
2024-11-29 15:58:12,37.50726643598616,37.38507843137256,,,,,,,
2024-11-29 15:59:14,,37.37223942208463,,,,36.978509803921575,,,
2024-11-29 16:02:21,,37.357973856209156,,,,37.00479302832244,,,
2024-11-29 16:03:23,37.46269607843137,37.357973856209156,,,,,,,
2024-11-29 16:04:25,37.46146405228758,37.35942329873126,,,,,,,
2024-11-29 16:05:27,37.48117647058823,,,,,,,,
2024-11-29 16:06:29,37.48117647058824,37.351813725490196,,,,,,,
2024-11-29 16:07:30,,37.342573529411766,,,,,,,
2024-11-29 16:08:32,,37.343189542483664,,,,,,,
2024-11-29 16:09:34,37.4706162464986,37.33333333333334,,,,,,,
2024-11-29 16:09:45,,,,,36.39083333333333,,,,
2024-11-29 16:10:36,37.458431372549015,37.31221288515406,,,,,,,
2024-11-29 16:10:47,,,,,36.46270152505447,,,,
2024-11-29 16:11:38,37.387094474153294,,,,,,,,
2024-11-29 16:11:48,,,36.741960784313726,,36.66803921568628,,,,
2024-11-29 16:12:39,37.25119825708061,,,36.44627450980393,,37.27419607843137,,,
2024-11-29 16:13:43,,,37.48117647058824,,,37.27419607843137,,,
2024-11-29 16:14:55,,,,,36.51450980392157,,,,
2024-11-29 16:15:47,,,,,,,,,
2024-11-29 16:15:57,,,,,36.50963585434174,,,,
2024-11-29 16:16:49,,,,,,37.18549019607843,,,
2024-11-29 16:16:59,,,,,36.485699346405234,,,,
2024-11-29 16:18:01,,,,,36.46475490196079,,,,
2024-11-29 16:19:03,,,,,36.47399509803921,,,,
2024-11-29 16:20:57,,,,,,37.48117647058824,,,
2024-11-29 16:24:12,,,,,36.602331154684094,,,,
2024-11-29 16:25:04,,,,,,,,,37.629019607843134
2024-11-29 16:25:14,,,,,36.57855521155832,,,,
2024-11-29 16:26:16,,,,,,,,,
2024-11-29 16:29:21,,,37.36745098039216,,,,,,
2024-11-29 16:30:23,,,,,36.64858617131063,,,,
2024-11-29 16:31:26,,,37.4195751633987,,36.62368627450981,,34.6721568627451,,
2024-11-29 16:32:27,,,37.3870944741533,,36.62227824463119,,,,
2024-11-29 16:33:30,,,37.293012477718364,,36.61629411764706,,,,
2024-11-29 16:34:20,,,,35.981624649859945,,,,,
2024-11-29 16:34:31,,,37.4195751633987,,36.64080495356037,,,,
2024-11-29 16:35:22,,,,36.13416122004357,,,,,
2024-11-29 16:35:33,,,37.35607843137255,,36.62524251805985,,34.5243137254902,,
2024-11-29 16:36:24,,,,36.28364705882353,,,,,
2024-11-29 16:36:35,37.92470588235294,,37.35445378151261,,36.64339869281045,,34.37647058823529,,
2024-11-29 16:37:36,38.22039215686274,,37.353045751633985,,,,,,
2024-11-29 16:38:38,38.22039215686274,,37.32347712418301,,36.62697167755992,,,,
2024-11-29 16:39:40,38.36823529411765,,37.362901960784306,,36.60189886480909,,,,
2024-11-29 16:40:42,,,37.41649509803921,,36.59411764705882,,,,
2024-11-29 16:41:44,,,37.370294117647056,36.28787114845938,36.47912854030502,,,,
2024-11-29 16:42:36,,,,36.05554621848739,,,,,
2024-11-29 16:42:46,,,,,36.51630546955625,,,,
2024-11-29 16:43:47,,,,,36.528409586056654,,,,
2024-11-29 16:44:40,,,,36.02386554621848,,,,,
2024-11-29 16:44:49,,,37.5721568627451,35.89432679738562,,,,,
2024-11-29 16:45:42,,,,35.64792156862745,,,,,
2024-11-29 16:45:51,,,,35.57769607843137,,,,,
2024-11-29 16:46:53,38.131686274509796,,37.60789915966387,,36.57672433679354,,,,
2024-11-29 16:47:45,,,,35.40151633986928,,,,,
2024-11-29 16:47:55,,,37.606274509803924,,36.57563725490196,,,,
2024-11-29 16:48:57,,,37.59490196078432,35.548655462184875,36.603973856209144,,,,
2024-11-29 16:49:48,,,,35.31633053221289,,,,,
2024-11-29 16:49:59,,,,35.55921568627452,36.44627450980392,,35.17112745098039,,
2024-11-29 16:50:50,,,37.44421568627451,35.30577030812325,,,,,
2024-11-29 16:51:01,,,,,36.40078431372549,,,,
2024-11-29 16:52:04,,,,,36.400784313725495,,,,
2024-11-29 16:53:06,,,37.493496732026145,,36.400784313725495,,35.08283224400871,,
2024-11-29 16:53:55,,36.44627450980393,,,,,,,
2024-11-29 16:54:08,,,,,,,35.01712418300653,,
2024-11-29 16:55:10,,,,35.59089635854342,,,35.01712418300653,,
2024-11-29 16:56:12,,35.41137254901961,,35.490980392156864,36.605490196078435,,35.00069716775599,,
2024-11-29 16:57:13,,,37.46980392156863,35.34977124183006,36.605490196078435,,35.01712418300653,,
2024-11-29 16:58:15,37.92470588235294,,,,,,35.08283224400871,,
2024-11-29 16:59:17,,35.26352941176471,,,,,,,
2024-11-29 17:00:18,,,,35.08611764705882,,,35.03355119825707,,
2024-11-29 17:01:20,,,37.550169934640515,,,,,,
2024-11-29 17:02:22,,,,,36.63847058823529,,,,
2024-11-29 17:03:23,,,37.609307189542484,,,,,,
2024-11-29 17:04:27,,,37.60129901960784,,36.66803921568628,,35.07133333333333,,
2024-11-29 17:05:29,,,37.545857843137256,,,,,,
2024-11-29 17:06:30,38.22039215686274,,37.53335640138408,,36.608901960784316,,,,
2024-11-29 17:07:17,,,,,,,,,
2024-11-29 17:07:32,,,,,,,,,
2024-11-29 17:08:19,,,,,,,,,
2024-11-29 17:08:33,,,37.56676986584107,34.59823529411765,36.59411764705882,,,,
2024-11-29 17:09:35,,,37.51813725490196,,,,,,
2024-11-29 17:10:22,,36.88980392156863,,,,34.82,,,
2024-11-29 17:10:36,,,37.51637721755368,,,,,,
2024-11-29 17:11:24,,,37.51074509803921,,,,,,
2024-11-29 17:11:38,,,37.51813725490196,,,,,,
2024-11-29 17:12:40,38.22039215686274,,37.532921568627444,,,,34.55388235294118,,
2024-11-29 17:13:27,,36.50541176470588,,,,,,,
2024-11-29 17:13:42,38.238872549019604,,37.5797385620915,,,,34.39759103641457,,
2024-11-29 17:14:44,38.236819172113286,,37.565658263305316,,37.10100840336134,,,,
2024-11-29 17:15:31,,,37.607899159663866,,,,,,
2024-11-29 17:15:45,,,37.5867787114846,,37.21505882352941,,,,
2024-11-29 17:16:49,,,37.57727450980393,,37.26997198879552,,,,
2024-11-29 17:17:50,,36.88980392156862,,,,,,,
2024-11-29 17:18:52,,,37.55861811391223,36.20972549019608,37.069327731092436,,34.65103641456583,,
2024-11-29 17:19:54,,36.95316526610644,37.50133689839573,33.63725490196079,37.047503267973866,,,,
2024-11-29 17:20:56,38.220392156862744,,37.55157796451914,,37.132689075630246,,,,
2024-11-29 17:21:57,38.220392156862744,,37.48117647058824,,37.132689075630246,,,,
2024-11-29 17:22:59,38.203965141612194,,37.438935574229696,,37.132689075630246,,,,
2024-11-29 17:23:45,,,,38.51607843137255,,,,,
2024-11-29 17:24:01,38.20560784313725,37.086928104575165,,,,33.19372549019608,,,
2024-11-29 17:24:46,,,,38.36823529411765,,,,,
2024-11-29 17:25:03,,,37.28158823529413,,37.0006862745098,,35.17904761904762,,
2024-11-29 17:26:05,,,37.27419607843138,,,,35.20016806722689,,
2024-11-29 17:27:07,38.12183006535948,,37.31115686274511,,37.0006862745098,,35.21424836601308,,
2024-11-29 17:28:08,,,37.2477399380805,,37.25448366013072,,35.238888888888894,,
2024-11-29 17:29:12,,,37.23995872033024,,37.07707189542484,,,,
2024-11-29 17:29:55,,36.840522875817,,,,,,,
2024-11-29 17:30:14,,,37.12324045407637,,37.502296918767506,,,,
2024-11-29 17:30:56,,36.75674509803922,,,,35.35223529411765,,,
2024-11-29 17:31:16,37.93949019607843,,37.14442265795206,,37.606274509803924,,,,
2024-11-29 17:31:58,,36.875019607843136,,,,35.293098039215685,,,
2024-11-29 17:32:18,,,37.16809688581315,,,,,,
2024-11-29 17:33:01,,36.916684491978614,,,,35.707058823529415,,,
2024-11-29 17:33:20,37.81382352941176,,37.14606535947712,,,,,,
2024-11-29 17:34:04,,36.97604575163398,,,,,,,
2024-11-29 17:34:22,,,37.14606535947712,,37.75838235294118,,35.362091503267976,,
2024-11-29 17:35:24,,,37.120808823529416,,38.269673202614385,,,,
2024-11-29 17:36:08,,36.9341568627451,,,,36.61875816993464,,,
2024-11-29 17:36:26,37.7275816993464,,37.016526610644256,,,,,,
2024-11-29 17:37:09,,,,,,,,,
2024-11-29 17:37:27,,,37.01300653594772,36.9489411764706,,,,,
2024-11-29 17:38:29,,,36.997326203208566,,,,,,
2024-11-29 17:39:31,37.62901960784314,,37.01076648841355,37.422039215686276,38.00918767507004,,,,
2024-11-29 17:40:14,,37.0006862745098,,,,,,,
2024-11-29 17:41:16,,36.95700534759359,,,,,,,
2024-11-29 17:41:36,,,36.840522875817,37.18549019607843,,,37.333333333333336,,
2024-11-29 17:42:18,,36.83604278074866,,,,36.175228758169936,,,
2024-11-29 17:43:40,37.54453781512605,,,,,,37.03764705882353,,
2024-11-29 17:44:22,,36.849483065953656,,,,36.18015686274509,,,
2024-11-29 17:44:41,,,,36.256190476190476,,,,,
2024-11-29 17:45:43,,,,36.1717086834734,,,,,
2024-11-29 17:46:45,,,36.59411764705882,,37.11156862745097,,,,
2024-11-29 17:47:47,,,,36.192829131652665,,,,,
2024-11-29 17:48:31,,36.786313725490196,,,,36.49555555555556,,,
2024-11-29 17:48:49,,,,,37.333333333333336,,37.18549019607843,,
2024-11-29 17:49:32,,36.786313725490196,,,,36.80109803921569,,,
2024-11-29 17:50:34,37.55509803921569,,,,,,,,
2024-11-29 17:50:52,,,,,37.882464985994396,,,,
2024-11-29 17:51:36,,36.39251336898395,,,,,,,
2024-11-29 17:54:01,37.57973856209151,,,,,,,,
2024-11-29 17:57:05,,,,37.510745098039216,,,,,
2024-11-29 17:57:46,37.68446078431373,36.39699346405229,,36.29843137254902,,,,,
2024-11-29 17:58:07,,,36.18344226579521,,38.47911764705883,,,,
2024-11-29 17:58:49,,36.10623529411764,,,,,,,
2024-11-29 17:59:09,,,36.23272331154684,,,,33.04588235294118,,
2024-11-29 17:59:51,,36.25407843137255,,,,36.44627450980393,,,
2024-11-29 18:00:11,,,36.25407843137255,,,,,,
2024-11-29 18:00:53,,,,,,36.44627450980393,,,
2024-11-29 18:01:13,,,36.10623529411764,,,,,,
2024-11-29 18:02:15,,,36.07666666666667,,,,,,
2024-11-29 18:03:17,,,36.08338680926916,,,,,,
2024-11-29 18:04:18,37.56988235294118,,36.00274509803921,,38.22039215686275,,33.489411764705885,,
2024-11-29 18:06:24,37.68815686274509,36.44627450980392,,,38.35479500891266,31.12392156862745,,,
2024-11-29 18:07:25,,36.44627450980392,,,,,,,
2024-11-29 18:08:27,37.61423529411765,,36.05202614379085,,,,,,
2024-11-29 18:09:29,37.57973856209151,,,,38.34135472370767,,,,
2024-11-29 18:10:31,37.56988235294118,,,,38.36823529411765,,,,
2024-11-29 18:11:13,,35.54443137254902,,,,,,,
2024-11-29 18:11:33,,35.91403921568627,,33.29228758169935,,,,,
2024-11-29 18:12:15,,35.362091503267976,,,,,,,
2024-11-29 18:12:35,37.58466666666667,,36.192829131652665,34.74607843137255,39.14030501089325,,,,
2024-11-29 18:13:17,,35.24504901960785,,,,,,,
2024-11-29 18:13:36,,,36.308287581699346,35.07133333333334,39.16658823529412,,,,
2024-11-29 18:14:19,,,,,,34.790431372549016,,,
2024-11-29 18:14:38,,,,,39.18137254901961,,,,
2024-11-29 18:18:48,37.640392156862745,,36.4121568627451,,,,,,
2024-11-29 18:19:28,,35.44094117647059,,,,34.99741176470589,,,
2024-11-29 18:19:49,37.629019607843134,,36.49555555555556,,39.1238779956427,,,,
2024-11-29 18:20:30,,,,,,35.76619607843137,,,
2024-11-29 18:20:51,,36.02122549019608,,34.86032085561498,39.14441176470589,,32.01098039215687,,
2024-11-29 18:21:31,,,,,,35.50993464052288,,,
2024-11-29 18:23:55,37.739901960784316,36.02122549019608,,34.846880570409986,,,,,
2024-11-29 18:24:57,37.72310160427808,,,34.846880570409986,,,36.741960784313726,,
2024-11-29 18:25:59,,,36.44627450980393,34.36303030303031,,,,,
2024-11-29 18:27:01,,,36.43571428571429,34.53909803921569,,,,,
2024-11-29 18:28:03,,,36.42515406162466,34.50952941176471,,,,,
2024-11-29 18:29:05,,,36.400784313725495,34.83642701525054,,,,,
2024-11-29 18:30:07,,,36.37803921568628,35.79576470588235,39.16658823529413,,,,
2024-11-29 18:31:09,37.793289760348586,35.2635294117647,,36.50541176470588,,35.18139433551198,,,
2024-11-29 18:32:11,37.77686274509804,,,,,,,,
2024-11-29 18:33:13,37.7604357298475,,,,,,,,
2024-11-29 18:33:55,,35.14525490196078,,,,,,,
2024-11-29 18:34:15,37.739901960784316,,36.4364183006536,,,,,,
2024-11-29 18:34:58,,,36.465986928104584,,,34.482072829131646,,,
2024-11-29 18:35:17,37.7604357298475,,36.501715686274515,,,,,,
2024-11-29 18:36:02,,,,,,34.302549019607845,,,
2024-11-29 18:36:19,37.77686274509804,,36.50715109573242,,,,,,
2024-11-29 18:37:04,,,,,,33.99207843137255,,,
2024-11-29 18:37:20,,,36.50376906318084,,,,,,
2024-11-29 18:38:05,,35.23067538126362,,,,,,,
2024-11-29 18:38:22,,35.2963834422658,,,,34.11035294117647,,,
2024-11-29 18:39:07,,35.19782135076253,,,,,,,
2024-11-29 18:39:24,,,,38.811764705882354,,,35.115686274509805,,
2024-11-29 18:40:26,,,,38.959607843137256,,,,,
2024-11-29 18:41:28,,35.300490196078435,36.602331154684094,,,,,,
2024-11-29 18:42:30,,35.24504901960785,36.63302373581012,,,,,,
2024-11-29 18:43:32,,35.26352941176471,36.64080495356038,,,,,,
2024-11-29 18:44:34,,35.179047619047616,36.63107843137256,,,,,,
2024-11-29 18:45:36,37.75838235294118,,36.616294117647065,,,,34.6721568627451,,
2024-11-29 18:46:39,37.77686274509804,,36.62368627450981,,,,34.6721568627451,,
2024-11-29 18:47:41,,,,39.25529411764706,,,,,
2024-11-29 18:48:42,,,36.64586274509804,,,,,,
2024-11-29 18:49:44,,,36.67192982456141,,,,,,
2024-11-29 18:50:29,,,,,,,,,
2024-11-29 18:50:46,,35.214248366013074,36.6719298245614,,,,,,
2024-11-29 18:51:49,37.776862745098036,,36.6719298245614,,,,,,
2024-11-29 18:52:53,37.776862745098036,,36.705,,,,,,
2024-11-29 18:54:57,37.79798319327732,,36.705,,38.51607843137255,,,,
2024-11-29 18:57:01,,,36.72084033613445,,,,,,
2024-11-29 18:58:02,37.79798319327732,,,,,,,,
2024-11-29 18:59:04,,,36.73492063492064,,,,,,
2024-11-29 19:00:06,,,,,35.70705882352941,,,,
2024-11-29 19:02:11,,,36.838058823529416,37.858997821350755,,,,,
2024-11-29 19:03:13,,,36.875019607843136,,,,,,
2024-11-29 19:03:52,,,36.86646026831786,,,,,,
2024-11-29 19:04:15,,35.26352941176471,36.91314757481941,,,33.489411764705885,,,
2024-11-29 19:05:17,,35.41137254901961,,,,33.34156862745098,,,
2024-11-29 19:06:19,,,,37.30376470588236,,,,,
2024-11-29 19:07:20,37.86926470588236,,36.99874097007224,,,,,,
2024-11-29 19:07:59,,,,37.22245098039216,,,,,
2024-11-29 19:08:22,,,,37.09924836601307,,,,,
2024-11-29 19:09:24,,,37.006522187822505,37.12388888888889,,,,,
2024-11-29 19:10:02,,,,37.35607843137255,,,,,
2024-11-29 19:10:25,,,37.055040369088815,,,,34.5243137254902,,
2024-11-29 19:11:04,,,,37.280532212885156,,,,,
2024-11-29 19:12:31,37.882464985994396,,37.0561274509804,,,,,,
2024-11-29 19:13:33,,,37.02779084967321,,,,,,
2024-11-29 19:14:12,,,,37.51285714285715,,,,,
2024-11-29 19:14:35,37.92470588235294,,37.11649673202614,,,,,,
2024-11-29 19:15:14,,,,37.65176470588236,,,,,
2024-11-29 19:15:37,,,37.18549019607843,,,,,,
2024-11-29 19:16:16,,,,37.65176470588236,,,,,
2024-11-29 19:16:38,,,37.20661064425771,,,,,,
2024-11-29 19:17:40,,,37.21505882352941,37.72,,,,,
2024-11-29 19:18:43,,,37.26433986928105,37.70862745098039,,,,,
2024-11-29 19:19:46,37.91126559714795,,37.26433986928105,,,,34.5243137254902,,
2024-11-29 19:20:48,37.875424836601304,,37.25941176470589,,,,,,
2024-11-29 19:21:51,37.88774509803921,35.55921568627451,,37.25941176470589,,,,,
2024-11-29 19:22:53,37.875424836601304,,,37.51403050108932,,,,,
2024-11-29 19:23:29,,,,,37.5867787114846,,,,
2024-11-29 19:23:56,,,,37.24093137254902,,,,,
2024-11-29 19:24:31,,,,,37.678300653594775,,,,
2024-11-29 19:24:57,,,,,,,,,
2024-11-29 19:25:33,,,,,37.76342245989305,,,,
2024-11-29 19:25:59,37.857504456327995,,37.25448366013073,,,,,,
2024-11-29 19:26:35,,,,,37.606274509803924,,,,
2024-11-29 19:27:01,37.838464052287584,,37.25448366013072,,,,,,
2024-11-29 19:27:37,,,,,37.5008888888889,,,,
2024-11-29 19:28:02,37.84509803921569,,37.264339869281045,37.27419607843137,,,,,
2024-11-29 19:29:05,37.83372549019609,,37.25941176470588,,,,,,
2024-11-29 19:29:41,,,,,37.31690631808279,,,,
2024-11-29 19:30:07,37.83372549019608,,37.25372549019608,,,,,,
2024-11-29 19:30:43,,,,,37.30376470588236,,,,
2024-11-29 19:31:09,,,37.2764705882353,,,,,,
2024-11-29 19:31:45,,,,,37.25269162210339,,,,
2024-11-29 19:32:12,,,37.27419607843138,,37.13172905525847,,,,
2024-11-29 19:32:47,,,,,37.13406649616368,,,,
2024-11-29 19:33:14,37.80643137254903,,37.255063437139555,,37.011935208866156,,,,
2024-11-29 19:33:49,,,,,37.025326797385624,,,,
2024-11-29 19:34:16,37.78671895424837,,37.24298474945534,,37.04407502131287,,,,
2024-11-29 19:34:50,,,,,37.00550724637681,,,,
2024-11-29 19:35:18,37.7953431372549,,37.239958720330236,,36.966939471440746,,,,
2024-11-29 19:35:53,,,,,36.877483660130714,,,,
2024-11-29 19:36:19,37.78610294117647,,37.22984313725491,,36.87748366013072,,,,
2024-11-29 19:36:55,,,,,36.79740196078431,,,,
2024-11-29 19:37:22,,,37.24773993808051,,36.842494117647064,,,,
2024-11-29 19:37:57,,,,,36.72964052287582,,,,
2024-11-29 19:38:24,37.776862745098036,,,,36.77152941176471,,34.5243137254902,,
2024-11-29 19:38:59,,,,,36.69267973856209,,,,
2024-11-29 19:39:26,37.796575163398686,,37.25552115583076,,36.872062745098034,,,,
2024-11-29 19:40:28,37.786718954248364,,37.24773993808051,,36.83436274509804,,,,
2024-11-29 19:41:30,37.7953431372549,,37.25941176470589,,36.8528431372549,,,,
2024-11-29 19:42:32,,,37.26762527233116,,36.81909633418586,,34.82,,
2024-11-29 19:43:35,37.786102941176466,,37.26376009227221,,36.82552429667519,,,,
2024-11-29 19:44:37,,,37.255063437139555,,,,,,
2024-11-29 19:45:39,37.776862745098036,,37.26376009227221,,,,,,
2024-11-29 19:46:41,37.78555940023068,,37.25119825708062,,36.96693947144075,,,,
2024-11-29 19:47:42,37.77686274509804,,37.24636678200692,,36.99732620320856,,,,
2024-11-29 19:48:44,,,37.218344226579525,34.08078431372549,37.051087344028524,,,,
2024-11-29 19:49:17,,,,,,36.741960784313726,,,
2024-11-29 19:49:46,37.776862745098036,,37.20288350634372,,37.08200000000001,,,,
2024-11-29 19:50:19,,,,,,36.29843137254902,,,
2024-11-29 19:50:48,37.74729411764706,,37.20397058823529,,37.086928104575165,,,,
2024-11-29 19:51:20,,,,,,36.15058823529412,,,
2024-11-29 19:51:50,,,37.175633986928105,,36.90828431372549,,35.26352941176471,,
2024-11-29 19:52:22,,,,,,35.41137254901961,,,
2024-11-29 19:52:52,37.69725490196079,,,,37.04820728291317,,,,
2024-11-29 19:53:24,,,,,,35.26352941176471,,,
2024-11-29 19:53:56,37.69725490196079,,,,37.22245098039216,,,,
2024-11-29 19:54:58,37.66313725490197,,,,37.27957219251337,,,,
2024-11-29 19:55:59,37.68182072829132,,37.10100840336134,,37.333333333333336,,,,
2024-11-29 19:57:01,,,37.174929971988796,,37.58869875222817,,,,
2024-11-29 19:57:32,,,,36.62368627450981,,,,,
2024-11-29 19:58:03,,35.41137254901961,37.23829131652662,,37.69472766884532,,,,
2024-11-29 19:58:35,,,,37.333333333333336,,,,,
2024-11-29 19:59:37,,,,,,,,36.59411764705882,
2024-11-29 20:00:07,,,,,,,,,
2024-11-29 20:00:39,,,,37.18549019607843,,,,,
2024-11-29 20:01:41,,,,37.18549019607843,,,,,
2024-11-29 20:02:42,,,,37.333333333333336,,,,,
2024-11-29 20:03:12,37.607899159663866,,,,,,,,
2024-11-29 20:03:45,,,,,,,,,
2024-11-29 20:04:14,37.59733893557423,,37.34202998846598,,,,,,
2024-11-29 20:05:16,37.576218487394954,,37.546884531590415,,,,,,
2024-11-29 20:06:18,37.58352941176471,,37.59616557734205,,,,,,
2024-11-29 20:07:19,37.54277777777778,,37.546884531590415,,,,,,
2024-11-29 20:08:21,37.48117647058823,,37.5159630911188,,,,,,
2024-11-29 20:09:23,37.48117647058823,,37.564338235294116,,,,,,
2024-11-29 20:10:24,37.468856209150324,35.7915406162465,37.59205882352941,,,,,,
2024-11-29 20:11:26,37.424313725490194,35.809411764705885,37.56988235294117,,,,,,
2024-11-29 20:12:28,,35.82078431372549,,,,,,,
2024-11-29 20:13:30,,35.79803921568627,37.64873202614379,,,,34.37647058823529,,
2024-11-29 20:14:31,,35.79803921568627,37.65858823529412,,,,34.82,,
2024-11-29 20:15:33,,35.809411764705885,37.688156862745096,,,,35.115686274509805,,
2024-11-29 20:16:34,,35.809411764705885,,,,,,,
2024-11-29 20:17:36,37.78610294117647,35.775294117647064,37.48117647058824,,,,,,
2024-11-29 20:18:38,37.82614379084967,35.78666666666667,37.66844444444444,,,,,,
2024-11-29 20:19:39,,,37.45345588235294,,,,35.41137254901961,,
2024-11-29 20:20:41,,,37.42573529411765,,,,34.08078431372549,,
2024-11-29 20:21:19,,35.682418300653595,,,,,,,
2024-11-29 20:21:43,,35.76866013071895,,,,,,,
2024-11-29 20:22:21,37.970906862745096,,,,,,,,
2024-11-29 20:22:45,,35.78098039215686,,,,33.78509803921568,,,
2024-11-29 20:24:49,,,,,,34.2286274509804,,,
2024-11-29 20:27:30,38.013411764705886,,,,,,,,
2024-11-29 20:28:32,37.88528104575163,,,,,,,,
2024-11-29 20:29:33,,,,,,,,,
2024-11-29 20:31:37,37.81382352941176,,,,,,,,
2024-11-29 20:42:20,,,,,,,,32.898039215686275,
2024-11-29 20:50:09,,,,,,34.45039215686274,,,
2024-11-29 20:50:33,37.883638344226576,,37.65590017825312,,,,,,
2024-11-29 20:51:10,,,,,,34.401111111111106,,,
2024-11-29 20:51:35,37.872525951557094,,37.6881568627451,,,,,,
2024-11-29 20:52:37,37.863829296424456,,37.3924705882353,,,,,,
2024-11-29 20:53:39,37.85078431372549,,37.1362091503268,,,,,,
2024-11-29 20:54:41,37.76130030959753,,,,,,,,
2024-11-29 20:55:43,37.791647058823536,,,,,,,,
2024-11-29 20:56:45,37.84339215686275,,,,,,,,
2024-11-29 20:57:47,37.8507843137255,,,,,,,,
2024-11-29 20:58:25,,37.18549019607843,,,,34.08078431372549,,,
2024-11-29 20:58:48,37.80502334267041,,37.173169934640526,,,,,,
2024-11-29 20:59:27,37.741661998132585,,,,,34.08078431372549,,,
2024-11-29 20:59:50,,,36.98484593837535,,,,,,
2024-11-29 21:00:52,37.502296918767506,,36.89966013071896,,,,,,
2024-11-29 21:01:30,,37.333333333333336,,,,34.879137254901956,,,
2024-11-29 21:01:54,37.514777183600714,,36.917524509803926,,,,,,
2024-11-29 21:02:55,,,36.78816176470589,,,,,,
2024-11-29 21:03:34,37.5197442455243,,,,,,,,
2024-11-29 21:03:57,,,36.78816176470588,,,,,,
2024-11-29 21:05:01,37.50046035805627,,,,,,,,
2024-11-29 21:06:03,37.487604433077585,,,,,,,,
2024-11-29 21:07:05,37.42332480818414,,36.741960784313726,,,,,,
2024-11-29 21:08:07,37.416896845694794,,36.83066666666666,,,,,,
2024-11-29 21:09:09,,36.15058823529412,36.83066666666666,,,,,,
2024-11-29 21:10:11,37.37365418894831,,,,,,,,
2024-11-29 21:11:13,,36.05202614379085,,,,,,,
2024-11-29 21:12:15,37.37365418894831,,36.77892156862745,,,,,,
2024-11-29 21:13:17,37.34005347593583,,36.73326412918109,,,,,,
2024-11-29 21:14:19,37.35904518329071,,36.7158708189158,,,,,,
2024-11-29 21:14:51,37.339761295822676,,,,,36.00274509803921,,,
2024-11-29 21:15:24,,,36.6772794117647,,,,,,
2024-11-29 21:16:26,37.333333333333336,,36.70253594771243,,,,,,
2024-11-29 21:17:28,37.31989304812834,,,,,,,,
2024-11-29 21:18:30,37.31989304812835,,36.71239215686275,,,,,,
2024-11-29 21:19:32,37.34618925831203,35.24240896358543,,,,,,,
2024-11-29 21:20:34,37.34677361853832,,,34.08078431372549,,33.489411764705885,,,
2024-11-29 21:21:36,37.35349376114082,,,,,,,,
2024-11-29 21:22:38,37.30645276292336,35.26352941176471,,,,,,,
2024-11-29 21:24:07,37.34741363211952,35.2001680672269,,,,34.19905882352941,,,
2024-11-29 21:26:11,,35.115686274509805,,,,33.63725490196079,,,
2024-11-29 21:26:48,,,36.741960784313726,,,,,,
2024-11-29 21:27:50,37.34037348272643,,36.741960784313726,,,,,,
2024-11-29 21:28:52,37.37768627450981,,36.79882352941177,,,,,,
2024-11-29 21:29:54,37.348895768833856,,36.82820261437909,,,,,,
2024-11-29 21:30:56,37.349760348583885,,,,,,,,
2024-11-29 21:31:19,,35.66270588235294,,,,,,,
2024-11-29 21:31:58,,,,,,,,,
2024-11-29 21:33:01,,,36.80109803921569,,,34.1731862745098,32.60235294117648,,
2024-11-29 21:34:03,37.333333333333336,,,,,,,,
2024-11-29 21:34:24,37.280532212885156,,,,,,,,
2024-11-29 21:35:05,,,37.02122004357299,,,,33.93294117647059,,
2024-11-29 21:35:26,,,,,,,,,
2024-11-29 21:36:11,,,,,,,,,
2024-11-29 21:36:27,,,,,,34.37647058823529,,,
2024-11-29 21:37:12,,,36.971938997821354,,,34.6721568627451,30.680392156862744,,
2024-11-29 21:38:15,37.44705882352942,,,,,34.69063725490196,,,
2024-11-29 21:38:31,37.4706162464986,35.96578431372549,,,,,,,
2024-11-29 21:39:17,,35.96989106753813,,,,,,,
2024-11-29 21:40:18,,35.904183006535945,,,,,,,
2024-11-29 21:40:35,,35.884470588235295,,,,34.3436165577342,,,
2024-11-29 21:41:36,,35.94360784313725,,,,,,,
2024-11-29 21:42:23,,,37.36290196078431,,,,,,
2024-11-29 21:42:38,,,,,,34.31733333333333,,,
2024-11-29 21:43:40,,,,,,34.524313725490195,,,
2024-11-29 21:44:27,,,,,35.55921568627451,,,,
2024-11-29 21:44:41,,,,,,34.80357298474945,,,
2024-11-29 21:45:29,37.56988235294118,,,,35.70705882352941,,,,
2024-11-29 21:45:43,37.555098039215686,,,,,,,,
2024-11-29 21:46:31,37.62901960784314,,,,,,35.115686274509805,,
2024-11-29 21:48:35,,,36.59411764705882,,,,,,
2024-11-29 21:49:49,37.64544662309369,36.50963585434174,,,,35.44422657952069,,,
2024-11-29 21:51:52,37.68446078431373,36.49907563025211,,,,,,,
2024-11-29 21:52:42,,36.69647058823529,,,,,,,
2024-11-29 21:52:54,,,,,,35.928823529411765,,,
2024-11-29 21:54:57,,36.82820261437909,,,,,,,
2024-11-29 21:55:59,,,,,,36.17170868347339,,,
2024-11-29 21:57:51,,,,,,,,,
2024-11-29 21:58:05,37.7346218487395,,,,,,35.70705882352941,,
2024-11-29 21:58:53,,36.76884135472371,,,,,,,
2024-11-29 21:59:07,,36.64787878787879,,,,,,,
2024-11-29 21:59:56,,,,,,,35.81794117647059,,
2024-11-29 22:00:08,,36.680359477124185,,,,,,,
2024-11-29 22:02:12,37.75574229691877,36.741960784313726,,,,35.61835294117647,,,
2024-11-29 22:03:14,,36.741960784313726,,,,35.73662745098039,,,
2024-11-29 22:05:04,,,36.610544662309366,,,,35.85490196078431,,
2024-11-29 22:06:06,,,,,,,36.00274509803922,,
2024-11-29 22:07:08,,,36.63107843137255,,,,36.15058823529412,,
2024-11-29 22:08:09,,,36.66803921568628,,,,36.095147058823535,,
2024-11-29 22:09:24,,,36.5571568627451,,,,,,
2024-11-29 22:10:26,,36.83700280112045,,,,,,,
2024-11-29 22:11:28,,,,,,,,37.03764705882353,
2024-11-29 22:13:19,,,36.723480392156866,,,,36.113627450980395,35.26352941176471,
2024-11-29 22:14:21,,,,,,35.32689075630252,,,
2024-11-29 22:18:27,,,36.63107843137255,,,,,,
2024-11-29 22:19:29,,,36.64955882352941,,,,36.0872268907563,,
2024-11-29 22:20:30,,,36.64955882352941,,,,,,
2024-11-29 22:23:51,37.629019607843134,37.08313725490196,,,,,,,
2024-11-29 22:24:52,,37.026274509803926,,,,,,,
2024-11-29 22:25:54,37.18549019607843,37.01300653594772,,,,,,,
2024-11-29 22:27:58,,,,,,,,,
2024-11-29 22:30:02,,36.976045751634,,,,,,,
2024-11-29 22:30:49,,,,,,35.160039215686275,,,
2024-11-29 22:31:03,,36.94666666666667,,,,,,,
2024-11-29 22:32:04,,36.94260504201681,,,,,,,
2024-11-29 22:32:53,,,,34.37647058823529,,35.14032679738562,,,
2024-11-29 22:33:54,,,,,,35.115686274509805,,,
2024-11-29 22:34:09,,36.81095424836601,,,,,,,
2024-11-29 22:34:56,,,,,,35.1043137254902,,,
2024-11-29 22:35:11,,36.80664215686275,,,,,,,
2024-11-29 22:35:59,,,,,,35.07019607843137,,,
2024-11-29 22:36:12,,36.88980392156863,,,,,,,
2024-11-29 22:37:00,,,,,,35.20016806722689,,,
2024-11-29 22:37:14,,36.889803921568635,,,,35.05232492997199,,,
2024-11-29 22:38:02,,,,,,35.20016806722689,,,
2024-11-29 22:38:16,,36.84873638344227,,,,,,,
2024-11-29 22:39:03,,,,,,35.04745098039216,,,
2024-11-29 22:39:18,,36.84311661506708,,,,,,,
2024-11-29 22:40:05,,,,,,35.06640522875817,,,
2024-11-29 22:40:19,,36.82327450980392,,,,,,,
2024-11-29 22:41:07,,,,,,35.078725490196085,,,
2024-11-29 22:41:21,,36.80109803921569,,,,,,,
2024-11-29 22:42:09,,,,,,35.18960784313726,,,
2024-11-29 22:42:23,37.18549019607843,36.79370588235294,,,,,,,
2024-11-29 22:43:11,,,,34.5243137254902,,35.32266666666667,,,
2024-11-29 22:43:25,,36.78420168067227,,,,,,,
2024-11-29 22:44:26,37.16577777777778,36.7822816399287,,,,,,,
2024-11-29 22:45:28,37.175633986928105,36.70836007130124,,,,,,,
2024-11-29 22:46:30,,36.71624893435635,,,,,,,
2024-11-29 22:47:31,37.150703575547865,36.71624893435635,,,,,,,
2024-11-29 22:48:33,37.159400230680504,36.67419934640523,,,,,,,
2024-11-29 22:49:35,37.160849673202605,36.66803921568627,,,,,,,
2024-11-29 22:50:37,37.146584107327136,36.68282352941176,,,,,,,
2024-11-29 22:51:38,37.133745098039206,36.68282352941176,,,,,,,
2024-11-29 22:52:40,37.143249299719876,36.7135294117647,,,,,,,
2024-11-29 22:53:29,,,,,,,,,
2024-11-29 22:53:41,37.1291690009337,36.71921568627451,,,,,,,
2024-11-29 22:54:43,37.13620915032679,36.741960784313726,,,,,,,
2024-11-29 22:55:32,,,,,,,,,
2024-11-29 22:55:45,37.141137254901956,36.780290486565,,,,36.15058823529412,,,
2024-11-29 22:56:46,37.133745098039206,36.794761904761906,,,,,,,
2024-11-29 22:57:48,37.141137254901956,36.79671750181555,,,,,,,
2024-11-29 22:58:37,,,,,,,,,
2024-11-29 22:58:50,37.162146542827664,36.80219317356572,,,,,,,
2024-11-29 22:59:51,37.162146542827664,36.80219317356572,,,,,,,
2024-11-29 23:00:40,,,,,,,,,
2024-11-29 23:00:53,37.193703703703704,36.82409586056645,,,,,,,
2024-11-29 23:01:54,37.242984749455346,36.840522875817,,,,,,,
2024-11-29 23:02:56,37.25941176470589,36.84599854756718,,,,,,,
2024-11-29 23:03:58,37.27245674740485,36.86242556281772,,,,,,,
2024-11-29 23:06:53,,,,,,,,,
2024-11-29 23:08:04,,36.90564425770309,,,,,,,
2024-11-29 23:09:06,,36.92148459383754,,,,,,,
2024-11-29 23:10:08,,36.96372549019609,,,,,,,
2024-11-29 23:11:09,,36.9764705882353,,,,,,,
2024-11-29 23:12:11,,37.0121568627451,,,,37.2840522875817,,,
2024-11-29 23:13:03,,,36.29843137254902,,,,,,
2024-11-29 23:13:12,37.296372549019615,37.042927170868346,,,,,,,
2024-11-29 23:14:14,,37.10100840336135,,,,37.11649673202614,,,
2024-11-29 23:15:15,,37.11684873949581,,,,37.13004901960784,,,
2024-11-29 23:16:17,,37.10628851540617,,,,,,,
2024-11-29 23:17:19,37.31854901960784,37.164369747899165,,,,37.09514161220043,,,
2024-11-29 23:18:21,37.333333333333336,37.17492997198879,,,,37.09211558307533,,,
2024-11-29 23:19:22,37.38877450980392,37.18549019607843,,,,37.10417647058823,,,
2024-11-29 23:20:24,,37.174929971988796,,,,37.09678431372549,,,
2024-11-29 23:21:26,37.48117647058824,37.122128851540616,,,,37.10417647058824,,,
2024-11-29 23:22:27,,37.174929971988796,,,,37.10100840336135,,,
2024-11-29 23:23:29,,37.1168487394958,,,,37.09396825396826,,,
2024-11-29 23:24:31,,37.04820728291317,,,,37.08692810457517,,,
2024-11-29 23:25:33,,37.058767507002806,,,,37.10100840336135,,,
2024-11-29 23:26:34,,36.99012605042018,,,,37.08692810457517,,,
2024-11-29 23:27:35,37.50581699346406,37.01124649859945,,,,37.10417647058824,,,
2024-11-29 23:28:34,,,,,,,,,
2024-11-29 23:28:37,,37.02235294117647,,,,37.11156862745098,,,
2024-11-29 23:29:39,,37.037647058823524,,,,37.10767801857586,,,
2024-11-29 23:30:41,,37.001960784313724,,,,37.14442265795208,,,
2024-11-29 23:31:44,,36.98484593837536,,,,37.1362091503268,,,
2024-11-29 23:32:46,,36.971938997821354,,,,37.12461361014995,,,
2024-11-29 23:33:48,,36.969411764705896,,,,37.11156862745098,,,
2024-11-29 23:34:49,,36.91823529411765,,,,,,,
2024-11-29 23:35:45,,36.906862745098046,36.741960784313726,,,,,,
2024-11-29 23:35:51,,36.82475294117648,,,,37.08313725490196,,,
2024-11-29 23:36:48,,36.81292549019608,36.741960784313726,,,,,,
2024-11-29 23:37:49,,36.73604705882353,,,,,,,
2024-11-29 23:37:55,,36.61185882352942,,,,,,36.29843137254902,
2024-11-29 23:38:51,,36.637238562091504,,,,,,,
2024-11-29 23:38:57,,36.5169820971867,,,,,,,
2024-11-29 23:39:58,,36.45913043478261,,,,,,,
2024-11-29 23:41:00,,36.46555839727195,,,,,,,
2024-11-29 23:42:01,,36.41939393939395,,,,,,,
2024-11-29 23:44:00,,36.467394957983196,,,,,,,
2024-11-29 23:46:10,39.10745098039216,,37.25941176470588,,,,,,
2024-11-29 23:47:07,,,37.45653594771242,,,,,,
2024-11-29 23:47:12,39.40313725490197,,,,,,,,
2024-11-29 23:48:09,,36.21283797729618,,,,,35.55921568627451,,
2024-11-29 23:49:10,,36.17522875816993,,,,,,,
2024-11-29 23:49:16,,,,,,,37.333333333333336,,
2024-11-29 23:50:12,,36.15058823529412,,,,,,,
2024-11-29 23:53:17,,36.1801568627451,,,,,,,
2024-11-29 23:54:19,,36.18226890756303,,,,,,,
2024-11-30 00:00:37,,,,,,35.41137254901961,,,
2024-11-30 00:02:34,,,36.741960784313726,,,,,,
2024-11-30 00:09:46,,36.06994652406417,,,,,,,
2024-11-30 00:11:50,,,36.88980392156863,,,,,,
2024-11-30 00:15:05,,,,,,,,,37.92470588235294
2024-11-30 00:21:05,,,,,,,,34.56655462184874,
2024-11-30 00:22:07,,35.70705882352941,,,,,,34.58767507002801,
2024-11-30 00:23:08,,35.68593837535014,,,,,,34.56655462184874,
2024-11-30 00:24:10,,,,,,,,34.54543417366947,
2024-11-30 00:25:12,,,,,,,,34.58767507002801,
2024-11-30 00:26:16,,,,,,,,,
2024-11-30 00:27:18,,,,35.115686274509805,,,,34.566554621848745,
2024-11-30 00:28:19,,,,,,,,34.54543417366947,
2024-11-30 00:29:21,,,,,,,36.0323137254902,,
2024-11-30 00:31:24,,,,35.115686274509805,,,,,
2024-11-30 00:31:33,37.48117647058824,,,,,,36.26147058823529,,
2024-11-30 00:32:26,,,,,,,36.38467320261437,,
2024-11-30 00:33:27,,,,,,33.93294117647059,,,
2024-11-30 00:35:30,,,,35.115686274509805,,,,,
2024-11-30 00:36:41,37.333333333333336,,,,,,,,
2024-11-30 00:38:36,,,,,,,36.46901960784313,,
2024-11-30 00:39:42,,,,34.9678431372549,,,36.499075630252094,,
2024-11-30 00:40:43,,,,,,,36.45613071895424,,
2024-11-30 00:41:45,,,,,,,36.529436274509806,,
2024-11-30 00:42:47,,,,,,,36.56802768166091,,
2024-11-30 00:43:49,,,,,,,36.559331026528255,,
2024-11-30 00:44:51,,,,,,,36.56802768166091,,
2024-11-30 00:45:52,,,,,,,36.550634371395624,,
2024-11-30 00:45:56,37.502296918767506,,,,,,,,
2024-11-30 00:46:58,37.523417366946774,,37.31690631808279,,,,36.42779411764705,,
2024-11-30 00:48:00,,,37.31690631808279,,,,36.42779411764705,,
2024-11-30 00:53:08,,,37.333333333333336,,,,,,
2024-11-30 00:54:06,,,,,37.333333333333336,,,,
2024-11-30 00:54:09,,,37.31854901960784,,,,,,
2024-11-30 00:55:13,37.4996568627451,,37.31854901960784,,,,36.446274509803914,,
2024-11-30 00:56:09,,,,,36.15058823529412,,,,
2024-11-30 00:56:15,,,,,,,36.47236447520185,,
2024-11-30 00:57:11,,,,,,,36.61259803921568,,
2024-11-30 00:57:16,37.51813725490196,,37.33333333333333,,,,36.46475490196078,,
2024-11-30 00:58:19,,,37.33333333333333,,,,36.45551470588235,,
2024-11-30 01:00:22,37.53661764705882,,37.33333333333333,,,,,,
2024-11-30 01:01:18,,36.29843137254902,,,,,,,
2024-11-30 01:03:22,,36.00274509803921,,,,,,,
2024-11-30 01:06:31,,,37.30376470588235,,,,,,
2024-11-30 01:08:33,,,,35.204392156862745,,,,34.6721568627451,
2024-11-30 01:09:35,,,,35.60849673202615,,,,,
2024-11-30 01:10:39,37.50581699346405,,,,,,,,
2024-11-30 01:11:38,,,,35.583856209150326,,,,,
2024-11-30 01:11:40,37.50581699346405,,37.333333333333336,,,,36.557156862745096,,
2024-11-30 01:13:42,,,,,,34.87913725490196,36.680359477124185,,
2024-11-30 01:13:44,37.544537815126056,,,,,,36.51347593582888,,
2024-11-30 01:14:44,,,,,,,36.62099821746881,,
2024-11-30 01:17:49,,,,,,,,,
2024-11-30 01:18:50,,,,,,34.84956862745098,36.67625272331155,,
2024-11-30 01:21:56,,,,35.583856209150326,38.66392156862745,,36.61259803921569,,
2024-11-30 01:22:57,,,,35.53457516339869,,,,,
2024-11-30 01:23:59,,,,35.53457516339869,,,,,
2024-11-30 01:25:00,,,,,38.51607843137255,,,,
2024-11-30 01:28:06,,,,,,34.82,,,
2024-11-30 01:29:08,,,,,,,,,
2024-11-30 01:29:12,,37.92470588235294,,,,,,,
2024-11-30 01:30:10,,,,,,34.82000000000001,,,
2024-11-30 01:32:17,,,,,,,36.256190476190476,,
2024-11-30 01:35:23,,,,,,,36.34067226890756,,
2024-11-30 01:40:31,37.48117647058824,37.92470588235294,,,,,,,
2024-11-30 01:41:32,37.77686274509804,,,,,,,,
2024-11-30 01:42:34,37.77686274509804,38.07254901960785,,,,,,,
2024-11-30 01:43:36,,37.629019607843134,,,,,,,
2024-11-30 01:44:37,37.629019607843134,,,,,,,,
2024-11-30 01:45:39,,37.333333333333336,,,,,,,
2024-11-30 01:46:41,,,36.79882352941177,,,,,,
2024-11-30 01:47:43,,,36.776078431372554,,,,,,
2024-11-30 01:48:45,,,36.776078431372554,,,,,,
2024-11-30 01:49:47,,,36.73140056022409,,,,,,
2024-11-30 01:50:49,,,36.74196078431373,,,,,,
2024-11-30 01:54:56,,,36.78138562091503,,,,,,
2024-11-30 02:00:05,,,36.80664215686274,,,,,,
2024-11-30 02:03:10,,,36.85501730103806,,,,,,
2024-11-30 02:04:12,,,36.85501730103806,,,,,,
2024-11-30 02:05:14,,,36.84632064590542,,,,,,
2024-11-30 02:06:15,,,36.84632064590542,,,,,,
2024-11-30 02:07:17,,,36.85501730103807,,,,,,
2024-11-30 02:08:19,,,36.82512254901961,,,,,,
2024-11-30 02:08:21,,,,,,,34.5243137254902,,
2024-11-30 02:11:24,37.7604357298475,,,,,,,,
2024-11-30 02:12:26,37.7604357298475,,,,,,,,
2024-11-30 02:13:28,37.7604357298475,,,,,,,,
2024-11-30 02:17:36,,,,,,36.00274509803921,,,
2024-11-30 02:18:37,37.72758169934641,,,,,,,,
2024-11-30 02:20:40,,36.88980392156863,,,,,,,
2024-11-30 02:21:42,37.7604357298475,,36.75540106951872,,,,,,
2024-11-30 02:22:45,,,,,,,37.03764705882353,,
2024-11-30 02:23:47,37.71115468409587,,36.74196078431373,,,,,,
2024-11-30 02:24:49,37.71115468409587,,,,,35.575642701525055,,,
2024-11-30 02:25:50,37.71115468409587,,,,,,,,
2024-11-30 02:26:52,37.71115468409587,,,,,,,,
2024-11-30 02:27:53,37.71115468409587,,,,,,,,
2024-11-30 02:41:16,,,,,,,,,
2024-11-30 02:51:35,,,,,,35.877647058823534,,,
2024-11-30 02:55:42,,,,,,35.90039215686275,,,
2024-11-30 02:56:44,,,,,,,,,
2024-11-30 02:57:47,,36.79740196078431,,,,,,,
2024-11-30 02:58:49,,36.873376906318086,,,,,,,
2024-11-30 03:30:45,,,,,,36.034425770308125,,,
2024-11-30 03:58:33,,,,,,36.06188235294118,,,
2024-11-30 04:02:41,,,,,,36.07666666666666,,,
2024-11-30 04:10:55,,,,,,36.18754901960784,,,
2024-11-30 04:11:57,,,,,,36.03753171856978,,,
2024-11-30 04:16:04,,36.85694989106754,,,,,,,
2024-11-30 04:17:05,,,,,,36.03970588235294,,,
2024-11-30 04:19:09,,,,,,36.0201384083045,,,
2024-11-30 04:20:10,,36.786313725490196,,,,36.0201384083045,,,
2024-11-30 04:22:14,,36.80109803921569,,,,,,,
2024-11-30 04:23:15,,,,,,36.0684531590414,,,
2024-11-30 04:37:39,,36.83066666666666,,,,,,,
2024-11-30 04:40:45,,36.86023529411764,,,,,,,
2024-11-30 04:42:48,,,,,,36.28200435729848,,,
2024-11-30 04:44:51,,36.81588235294118,,,,,,,
2024-11-30 04:47:56,,,,,,36.24093681917212,,,
2024-11-30 04:48:58,,,,,,36.307128027681664,,,
2024-11-30 04:50:00,,,,,,36.3767012687428,,,
2024-11-30 04:53:05,,36.86023529411765,,,,,,,
2024-11-30 04:54:07,,,,,,36.53498039215686,,,
2024-11-30 04:57:12,37.48117647058824,,,,,,,,
2024-11-30 04:58:14,,,,,,,,,
2024-11-30 04:59:17,,,,,,,,,
2024-11-30 05:01:21,37.37029411764706,,,,,,,,
2024-11-30 05:07:31,,,,,,36.470915032679734,,,
2024-11-30 05:11:38,,,36.741960784313726,,,,,,
2024-11-30 05:14:44,,36.705000000000005,,,,36.55379679144385,,,
2024-11-30 05:17:49,,,,,,36.526916221033865,,,
2024-11-30 05:20:54,,36.557156862745096,,,,36.53251633986928,,,
2024-11-30 05:22:58,37.3169063180828,,,,,,,,
2024-11-30 05:25:01,,,,,,,,,
2024-11-30 05:29:10,37.349760348583885,,,,,,,,
2024-11-30 05:31:13,,,,,,36.254078431372555,,,
2024-11-30 05:42:32,,36.446274509803914,,,,,,,
2024-11-30 05:43:33,,36.3512324929972,37.333333333333336,,,,,,
2024-11-30 05:53:50,37.31854901960785,,,,,,,,
2024-11-30 05:57:58,37.288980392156866,,,,,,,,
2024-11-30 06:04:11,37.29301247771837,,,,,,,,
2024-11-30 06:14:31,37.321013071895436,36.372352941176466,,,,36.38291316526611,,,
2024-11-30 06:24:50,37.31989304812834,36.319551820728286,,36.00274509803921,,,,,
2024-11-30 06:28:56,,36.39347338935574,,,,,,,
2024-11-30 06:29:58,,36.39347338935574,,,,,,,
2024-11-30 06:41:19,,36.37803921568627,,,,,,,
2024-11-30 06:42:20,,36.37803921568627,,,,35.85490196078432,,,
2024-11-30 06:46:28,,36.38467320261438,,,,,,,
2024-11-30 06:47:30,,,,,,36.59411764705882,,,
2024-11-30 06:48:33,,36.298431372549025,,,,,,,
2024-11-30 06:49:35,,36.32307189542484,,,,,,,
2024-11-30 06:51:38,37.33333333333334,,,,,,,,
2024-11-30 06:52:40,,36.325311942959004,,,,,,,
2024-11-30 06:53:41,,,37.65014005602241,,,,,,
2024-11-30 06:57:48,37.31690631808279,36.23929411764706,,,,,,,
2024-11-30 06:59:53,37.351813725490196,,,,,,,,
2024-11-30 07:01:56,37.291092436974786,,37.90827886710239,,,,,,
2024-11-30 07:02:58,,,37.875424836601304,,,,,,
2024-11-30 07:06:03,37.510745098039216,,,,,,,,
2024-11-30 07:07:05,,,,,,,37.06721568627451,36.23507002801121,
2024-11-30 07:08:07,,,37.83846405228758,,,,,,
2024-11-30 07:09:10,,,37.78823529411765,,,,,,
2024-11-30 07:10:11,,,,,,,,36.23507002801121,
2024-11-30 07:10:12,37.64544662309368,,37.70294117647058,,,,37.33333333333333,,
2024-11-30 07:11:12,,,,,,,,36.1717086834734,
2024-11-30 07:11:14,,,37.65674019607843,,,,36.93908496732026,,
2024-11-30 07:12:15,,,,,,,,36.150588235294116,
2024-11-30 07:12:16,,,37.63723311546841,,,,37.14324929971989,,
2024-11-30 07:13:17,,,,,,,,,
2024-11-30 07:13:18,,,,,,,,,
2024-11-30 07:14:19,,,,,,,,36.192829131652665,
2024-11-30 07:14:20,,,37.46639215686275,,,,36.79740196078431,,
2024-11-30 07:15:21,,,,,,,,36.07666666666667,
2024-11-30 07:15:22,,,37.4893899782135,,,,36.758387799564275,,
2024-11-30 07:16:23,37.924705882352946,,37.4500515995872,,,36.00274509803921,,36.00274509803922,
2024-11-30 07:17:27,37.94582633053221,,37.422039215686276,,,,,,
2024-11-30 07:18:29,37.81382352941176,,37.36290196078432,,,,,,
2024-11-30 07:19:31,37.72758169934641,,,,,,,,
2024-11-30 07:22:34,,,37.34811764705883,,,,,,
2024-11-30 07:27:45,,,37.271083591331276,,,,,,
2024-11-30 07:28:47,,,37.2477399380805,,,,36.910924369747896,,
2024-11-30 07:29:49,,,37.21834422657952,,,36.29843137254902,,,
2024-11-30 07:30:51,,,37.23477124183007,,,36.44627450980393,36.81588235294118,,
2024-11-30 07:31:53,,,37.21158016147635,,,,,,
2024-11-30 07:34:58,37.40725490196079,,,,,,,,
2024-11-30 07:36:00,,,37.06536764705882,,,,,,
2024-11-30 07:38:03,37.438935574229696,,,,,,37.06721568627451,,
2024-11-30 07:39:05,,,,,,,36.59411764705882,35.70705882352941,
2024-11-30 07:40:06,,,,,,,,35.85490196078432,
2024-11-30 07:43:12,37.48117647058824,,36.97428571428572,,,,,,
2024-11-30 07:44:13,,,36.91254901960785,,35.55921568627451,,,,
2024-11-30 07:45:15,37.39493464052288,,36.85284313725491,,35.41137254901961,,,,
2024-11-30 08:54:34,37.30645276292336,,,,,,,,
2024-11-30 08:55:36,37.333333333333336,,36.79572192513369,,,,,,
2024-11-30 08:56:38,,,,,,,,,
2024-11-30 09:00:44,,,,35.41137254901961,,,,,
2024-11-30 09:02:48,,,,,,,,,
2024-11-30 09:04:57,,35.85490196078432,,,,,,,
2024-11-30 09:05:58,37.32101307189543,36.29843137254902,,,,,,,
2024-11-30 09:07:01,37.37882352941177,,,,,,,,
2024-11-30 09:08:03,37.29637254901961,,,,,,,,
2024-11-30 09:10:06,37.321960784313724,,,,,,,,
2024-11-30 09:20:24,,,,,,36.44627450980393,,,
2024-11-30 09:21:26,,,,,,36.44627450980393,,,
2024-11-30 09:22:27,,,,,,36.43703431372549,,,
2024-11-30 09:23:29,,,,,,36.42888119953864,,,
2024-11-30 09:24:31,,,,,,36.42888119953864,,,
2024-11-30 09:25:33,,,,,,36.4216339869281,,,
2024-11-30 09:26:38,37.58959477124183,,,,,36.531867905056764,,,
2024-11-30 09:27:40,,,,,,36.52019607843137,,,
2024-11-30 09:28:41,,,,,,36.52758823529412,,,
2024-11-30 09:29:43,,,,,,36.52371615312792,,,
2024-11-30 09:30:45,37.907312572087655,,,,,36.57933333333334,,,
2024-11-30 09:31:46,,,,,,36.56595704948647,,,
2024-11-30 09:32:49,37.990413943355115,,,,,36.63107843137256,,,
2024-11-30 09:33:06,,36.741960784313726,,,,,,,
2024-11-30 09:33:51,38.08076252723311,,,,,36.6344385026738,,,
2024-11-30 09:34:08,38.0561220043573,,,,,,,,
2024-11-30 09:34:53,38.072549019607834,,,,,36.69053708439898,,,
2024-11-30 09:35:09,38.035588235294114,,,,,,,,
2024-11-30 09:35:54,38.07254901960784,,,,,36.735240641711236,,,
2024-11-30 09:36:13,38.02550802139037,,38.07254901960785,,,,,,
2024-11-30 09:36:56,38.04683716965046,,,,,36.77556149732621,,,
2024-11-30 09:37:15,,,,,,,,,
2024-11-30 09:38:01,38.046837169650466,,,,,36.80244206773619,,,
2024-11-30 09:38:17,,,,,,,,,
2024-11-30 09:39:02,38.04790849673203,,,,,36.80916221033869,,,
2024-11-30 09:39:19,38.01932549019608,,,,,,,,
2024-11-30 09:40:04,38.066635294117646,,,,,36.854603174603184,,,
2024-11-30 09:40:21,,,,,,,,,
2024-11-30 09:41:06,38.05549019607843,,,,,36.9109243697479,,,
2024-11-30 09:42:08,38.04517066085694,,,,,36.90324420677362,,,
2024-11-30 09:43:10,38.023267973856214,,,,,36.86292335115865,,,
2024-11-30 09:44:12,37.963035584604214,,,,,36.86292335115865,,,
2024-11-30 09:45:14,37.935657225853305,,35.973176470588236,,,36.87572362278245,,,
2024-11-30 09:46:15,37.90764705882353,,35.91403921568627,,,,,,
2024-11-30 09:47:17,37.93653333333333,,36.00274509803921,,,36.95028520499109,,,
2024-11-30 09:48:19,37.91238562091503,,,,,36.915515771525996,,,
2024-11-30 09:49:26,37.91184995737426,,,,,36.94765558397272,,,
2024-11-30 09:50:28,,,,,,36.93479965899403,,,
2024-11-30 09:51:30,37.90542199488491,,,,,36.93479965899404,,,
2024-11-30 09:54:36,,,,,,36.95756535947712,,,
2024-11-30 09:55:38,37.85430438842203,,,,,,,,
2024-11-30 09:56:39,37.81382352941176,,,,,36.96668235294118,,,
2024-11-30 09:58:43,37.815768833849326,,35.55921568627451,,,36.943027450980395,,,
2024-11-30 09:59:44,37.760435729847494,,35.26352941176471,,,36.90117647058824,,,
2024-11-30 10:00:49,37.75946943483276,,,,,36.88980392156863,,,
2024-11-30 10:01:51,,,,,,36.931200000000004,,,
2024-11-30 10:04:56,,,,,,,,,
2024-11-30 10:05:58,37.76762254901961,36.44627450980393,,,,,,,
2024-11-30 10:16:18,,,,,,36.84948306595365,,,
2024-11-30 10:17:20,,,,,,36.86964349376114,,,
2024-11-30 10:18:22,,,,,,36.875723622782445,,,
2024-11-30 10:19:24,,,,,,36.86023529411764,,,
2024-11-30 10:29:44,37.599450980392156,,,,,36.80421052631579,,,
2024-11-30 10:30:46,,,,,,36.865163398692815,,,
2024-11-30 10:31:48,,,,,,36.82409586056645,,,
2024-11-30 10:32:49,,,,,,36.85501730103807,,,
2024-11-30 10:33:51,,,,,,36.82892733564014,,,
2024-11-30 10:34:58,,,,,,36.88056372549019,,,
2024-11-30 10:37:02,,,,,,,,,
2024-11-30 10:38:04,,36.256190476190476,,,,36.81588235294117,,,
2024-11-30 10:39:05,,,,,,,,,
2024-11-30 10:40:07,37.52666666666667,,,,,,,,
2024-11-30 10:43:12,,,,,,,35.87602240896358,,
2024-11-30 10:44:14,37.640392156862745,,,,,,35.89714285714286,36.15058823529412,
2024-11-30 10:45:16,37.660700280112046,,,,,,35.91826330532213,,
2024-11-30 10:46:18,37.66844444444444,,,,,,,36.00274509803921,
2024-11-30 10:47:20,,35.95346405228758,,,,,35.939383753501396,,
2024-11-30 10:48:22,37.69859284890426,,,,,,35.89714285714286,,
2024-11-30 10:49:24,,35.97810457516339,,,,,35.89714285714286,,
2024-11-30 10:51:28,,36.044985994397756,,,,36.763081232493,,,
2024-11-30 10:56:37,37.67570691434468,,,,,,,,
2024-11-30 10:57:41,37.68076470588235,,,,,,,,
2024-11-30 10:58:43,,36.18754901960784,,,,,,,
2024-11-30 10:59:45,,36.18754901960784,,,,,,,
2024-11-30 11:00:47,37.64918003565062,,,,,,36.02122549019608,,
2024-11-30 11:05:56,37.669340463458106,,,,,37.629019607843134,,,
2024-11-30 11:06:58,37.67606060606061,,,,,,,,
2024-11-30 11:12:10,37.6827807486631,,,,,,,,
2024-11-30 11:14:14,37.64918003565062,,,,,,,,
2024-11-30 11:15:16,37.64245989304813,,,,,,,,
2024-11-30 11:16:18,37.65590017825312,,,,,,,,
2024-11-30 11:17:19,37.662620320855616,,,,,,,,
2024-11-30 11:18:22,37.667587382779196,,,,,,,,
2024-11-30 11:19:24,37.6827807486631,,,,,,,,
2024-11-30 11:43:06,37.689500891265595,37.12635294117648,,,,,,,
2024-11-30 11:44:08,37.689500891265595,37.18549019607843,,,,,,,
2024-11-30 11:45:10,37.69238095238095,,,,,,,,
2024-11-30 11:46:12,37.688156862745096,,,,,,,,
2024-11-30 12:01:41,,,37.629019607843134,,,,35.24504901960785,,
2024-11-30 12:02:43,,37.333333333333336,,,,,,,
2024-11-30 12:03:45,,,37.18549019607843,,,,,,
2024-11-30 12:04:47,,,37.333333333333336,,,,,,
2024-11-30 12:12:03,37.805023342670395,,,,,,,,
2024-11-30 12:16:11,37.81206349206349,,,,,,,,
2024-11-30 12:17:13,37.8050233426704,,,,,,,,
2024-11-30 12:18:14,37.78390289449113,,,,,,,,
2024-11-30 12:19:16,37.79094304388421,,,,,,,,
2024-11-30 12:24:25,37.77686274509803,,37.92470588235294,,,,35.47473389355742,,
2024-11-30 12:26:28,,,,,,,35.49022222222222,,
2024-11-30 12:27:30,,,,,,,35.44833333333334,,
2024-11-30 12:28:31,,,,,,,35.43746251441753,,
2024-11-30 12:29:33,,,,,,,35.42779956427015,,
2024-11-30 12:33:40,,,,,,,35.45027863777089,,
2024-11-30 12:38:49,,37.48117647058824,,,,36.741960784313726,,,
2024-11-30 12:39:51,37.85513264129181,37.48117647058824,,,,36.15058823529412,,,
2024-11-30 12:41:55,,,,,,,35.3409710550887,,
2024-11-30 12:42:56,37.80798761609907,,,,,,35.35761140819964,,
2024-11-30 12:43:58,37.836,,,,,,,,
2024-11-30 12:45:00,37.836,,,,,,35.35352088661551,,
2024-11-30 12:46:01,37.836,,,,,,35.35352088661551,,
2024-11-30 12:47:04,37.828607843137256,,,,,,35.337450980392155,,
2024-11-30 12:48:06,37.80643137254903,,37.18549019607843,,,,35.34040784313726,,
2024-11-30 12:49:08,37.80643137254903,,,,,,35.371568627450976,,
2024-11-30 12:50:09,37.776862745098036,,,,,,35.37156862745098,,
2024-11-30 12:51:11,,,,,,,35.39954509803922,,
2024-11-30 12:52:13,37.7346218487395,,,,,,35.40521241830066,,
2024-11-30 12:53:14,,,,,,,35.411372549019596,,
2024-11-30 12:54:16,,,,,,,35.41809269162209,,
2024-11-30 12:55:18,,,,,,,35.46769374416433,,
2024-11-30 12:56:20,37.74166199813259,,,,,,35.38180392156862,,
2024-11-30 12:57:21,37.69238095238095,,,,,,35.38919607843137,,
2024-11-30 12:58:25,37.59381886087769,,,,,,35.36468524251805,,
2024-11-30 12:59:26,37.48117647058824,,,,,,,,
2024-11-30 13:00:28,37.431895424836604,,,,,,35.37030501089325,,
2024-11-30 13:01:30,37.39669467787115,,,,,,,,
2024-11-30 13:02:31,37.38507843137255,,,,,,35.35593137254902,,
2024-11-30 13:03:33,37.3776862745098,,,,,,35.32266666666668,,
2024-11-30 13:04:35,37.348895768833856,,,,,,35.29521008403362,,
2024-11-30 13:05:37,,,,,,,35.30901960784314,,
2024-11-30 13:13:52,37.29226579520697,,,,,,,,
2024-11-30 13:15:56,37.30047930283225,,,,,,,,
2024-11-30 13:19:01,,36.840522875816994,,,,,,,
2024-11-30 13:20:02,,36.840522875816994,,,,,,,
2024-11-30 13:21:04,,36.830666666666666,,,,,,,
2024-11-30 13:22:06,,36.830666666666666,,,,,,,
2024-11-30 13:26:14,37.22897347174165,36.875019607843136,,,,35.23888888888889,,,
2024-11-30 13:33:26,37.21321078431373,36.90458823529412,,,,,,,
2024-11-30 13:34:28,,36.9341568627451,,,,,,,
2024-11-30 13:35:30,37.15380952380952,,,,,,,,
2024-11-30 13:36:31,37.08313725490196,,,,,,,,
2024-11-30 13:41:43,,36.919372549019606,,,,,,,
2024-11-30 13:44:48,36.94356506238859,36.88980392156863,,,,35.495854341736695,,,
2024-11-30 13:45:50,,,,,,,,,
2024-11-30 13:53:02,36.873376906318086,,,,,,,,
2024-11-30 13:54:03,,,,,,35.68593837535015,,,
2024-11-30 13:57:09,,,,,,,,,37.629019607843134
2024-11-30 14:06:28,,,,,,,,,
2024-11-30 14:14:42,,,,,,35.707058823529415,,,
2024-11-30 14:16:46,36.82644257703082,36.84545098039216,,,,,34.9678431372549,,
2024-11-30 16:24:34,,,,,,35.89714285714286,,,
2024-11-30 16:25:35,,,,,,35.89714285714286,,,
2024-11-30 16:29:43,,,,,,,,,
2024-11-30 16:30:44,,,,36.36003267973856,,35.23888888888889,,35.41137254901961,
2024-11-30 16:32:48,,,,,37.03764705882353,,,,34.9678431372549
2024-11-30 16:34:51,,,,36.56,,,,,
2024-11-30 16:35:53,,,,36.56,,,,,
2024-11-30 16:41:03,,,,36.58274509803921,,,,,
2024-11-30 16:42:06,,,,36.46901960784314,,,,35.55921568627451,
2024-11-30 16:43:08,,,,36.457647058823525,36.44627450980393,,,35.50007843137255,
2024-11-30 16:44:09,,,,36.44627450980392,36.44627450980393,,,35.47050980392157,
2024-11-30 16:45:11,,,,36.477955182072826,36.71239215686275,,,35.60849673202614,
2024-11-30 16:46:13,,,,36.51526797385621,36.71732026143791,,,35.72817927170868,
2024-11-30 16:50:19,,36.79572192513369,,,,,,,
2024-11-30 16:51:21,,,,,,,,,
2024-11-30 16:52:23,,36.81588235294117,,,,,,,
2024-11-30 16:53:24,,36.81588235294117,,36.68749226006193,,,,,
2024-11-30 16:54:26,,,,36.7197843137255,,,,,
2024-11-30 16:55:28,,,,36.60189886480909,,,,,
2024-11-30 16:57:31,,36.93908496732026,,,,,,,
2024-11-30 16:58:33,,,,36.72717647058824,,,,,
2024-11-30 16:59:35,,36.9921568627451,,,,,,,
2024-11-30 17:00:37,,36.99540616246498,,,,,,,
2024-11-30 17:01:38,,36.99540616246498,,,,,,,
2024-11-30 17:02:40,,36.98484593837535,,,,,,,
2024-11-30 17:03:44,,36.98484593837535,,,,,,,
2024-11-30 17:08:53,,,,37.216615067079466,36.76884135472371,,,36.75674509803922,
2024-11-30 17:09:55,,,,37.20883384932921,36.75540106951872,,,36.80109803921569,
2024-11-30 17:10:57,,,,37.18549019607843,,,,36.78631372549019,
2024-11-30 17:11:59,,,,37.17809803921569,,,,36.78631372549019,
2024-11-30 17:13:01,,,,37.1633137254902,36.64339869281046,,,36.75674509803921,
2024-11-30 17:14:02,,,,37.157329598506074,36.61686274509804,,,,
2024-11-30 17:15:04,,,,37.18549019607843,36.66235294117647,,,36.70163992869875,
2024-11-30 17:16:05,,36.97044563279857,,,,,,,37.48117647058824
2024-11-30 17:17:07,,36.95700534759358,,37.11545923632611,,37.46474945533769,,,
2024-11-30 17:18:09,,,,,,37.36290196078431,,36.64787878787879,
2024-11-30 17:19:11,,,,37.10335511982571,,37.34677361853832,,36.64787878787879,
2024-11-30 17:20:13,,37.070501089324615,,,36.673725490196084,37.40053475935829,,,
2024-11-30 17:22:16,,,,37.08433436532508,,,,,
2024-11-30 17:25:22,,,,37.12324045407637,36.66235294117647,,,,
2024-11-30 17:26:23,,,,37.146584107327136,36.673725490196084,37.370294117647056,,36.7688413547237,36.29843137254902
2024-11-30 17:27:27,,,37.333333333333336,37.146584107327136,36.673725490196084,,37.03764705882353,,
2024-11-30 17:28:29,,,,37.15263616557734,36.655718954248364,,36.88980392156863,36.786313725490196,
2024-11-30 17:29:31,,,37.03764705882353,37.150703575547865,,,36.00274509803921,36.8076688453159,35.26352941176471
2024-11-30 17:30:32,,36.96372549019608,,37.12080882352941,36.674759358288775,37.00596638655462,,,
2024-11-30 17:31:34,,,,,36.66131907308378,37.01652661064425,,,
2024-11-30 17:32:36,,37.0006862745098,,37.079887955182066,36.62368627450981,36.97850980392157,,,
2024-11-30 17:34:40,,,,,,,,36.76660130718954,
2024-11-30 17:36:43,,,,,,37.028950403690885,,,
2024-11-30 17:38:47,,,,37.1362091503268,,,,,
2024-11-30 17:41:53,,,,,,36.8202306805075,,,
2024-11-30 17:51:09,,,,,,36.73326412918109,,,
2024-11-30 17:52:11,,,,36.758387799564275,,,,,
2024-11-30 17:53:13,,,,,,36.65879901960785,,,
2024-11-30 17:59:23,,,,,,,36.39699346405229,,
2024-11-30 18:02:28,,36.88980392156863,,,,,,,
2024-11-30 18:08:41,34.9678431372549,,,,,,,,
2024-11-30 18:16:58,,36.15058823529412,,,,,,,
2024-11-30 18:19:02,,36.29843137254902,,,,,,,
2024-11-30 18:43:45,,,,,,,,,
2024-11-30 19:02:17,37.77686274509804,,,,,,36.59411764705882,,
2024-11-30 19:10:32,,,,,,36.541316526610636,,,
2024-11-30 19:12:35,,,,,35.79946078431373,36.48039215686275,,,
2024-11-30 19:13:37,,,,,,36.43490196078431,,,
2024-11-30 19:14:39,,,,,,36.470915032679734,,,
2024-11-30 19:15:41,,,,,,36.50787581699347,,,
2024-11-30 19:16:43,,,,,,36.44627450980392,,,
2024-11-30 19:17:44,,,,,,36.38713725490196,,,
2024-11-30 19:18:47,,,,,,,35.32266666666666,,
2024-11-30 19:23:59,,,,,,,35.18960784313726,,
2024-11-30 19:34:21,,,,,35.61201680672269,,,,
2024-11-30 19:35:22,,,,,35.643697478991605,,,,
2024-11-30 19:36:24,,,,36.44627450980393,,,,34.08078431372549,
2024-11-30 19:37:26,,,,,,36.723480392156866,,,
2024-11-30 19:47:45,,,,,35.654257703081235,,,,
2024-11-30 19:48:47,,,,,35.66481792717087,,,,
2024-11-30 19:49:49,,,,,35.67749019607843,,,,
2024-11-30 19:50:50,,,,,35.707058823529415,,,,
2024-11-30 19:51:52,,,,,35.725539215686275,,,,
2024-11-30 19:52:54,,,,,35.734779411764706,,,,
2024-11-30 19:53:56,,,,,35.734779411764706,,,,
2024-11-30 19:57:04,,,,,35.707058823529415,,,,
2024-11-30 20:06:20,,,,,,,36.84545098039216,,
2024-11-30 20:38:26,,,,,35.753259803921566,,,,
2024-11-30 20:39:28,,,,,35.74401960784314,,37.333333333333336,,
2024-11-30 20:40:30,,,,,,,36.69267973856209,,
2024-11-30 20:41:32,,,,,,,36.67625272331155,,
2024-11-30 20:42:33,,,,,,,36.61054466230937,,
2024-11-30 20:43:35,,,,,,,36.643398692810464,,
2024-11-30 20:44:37,,,,,,,36.643398692810464,,
2024-11-30 20:45:38,,,,,,,36.626971677559915,,
2024-11-30 20:55:55,,,,,35.639857397504464,,,,
2024-11-30 20:56:57,,,,,35.64792156862745,,,,
2024-11-30 20:58:01,,,,,35.64135076252724,,,,
2024-11-30 21:00:04,,,,34.6721568627451,,,,,
2024-11-30 21:02:08,,,,34.82,,,,,
2024-11-30 21:04:11,,,,36.29843137254902,35.73169934640523,,,,
2024-11-30 21:05:13,,36.98836601307189,,35.55921568627451,,,,,
2024-11-30 21:06:14,,36.935294117647054,,,,,,,
2024-11-30 21:08:18,,36.921484593837526,,,,,,,
2024-11-30 21:14:28,,,,,,,,,
2024-11-30 21:45:18,37.629019607843134,,,,,,,,
2024-11-30 21:47:22,,36.95937716262976,,,,,,,
2024-11-30 21:48:24,,36.971938997821354,,,,,,,
2024-11-30 21:58:40,,36.967616099071215,,,,36.847563025210086,,,
2024-11-30 21:59:42,,36.98590196078432,,,,36.87132352941176,,,
2024-11-30 22:09:58,37.48117647058824,,,,,,,,
2024-11-30 22:17:11,36.88980392156863,,,,,,,,
2024-11-30 22:34:42,,36.97979539641945,,,,,,,
2024-11-30 22:37:47,,36.96372549019608,,,,36.8528431372549,,,
2024-11-30 22:47:02,,36.99625098039216,,,,,,,
2024-11-30 23:02:28,38.07254901960785,36.95235294117647,,,,,,,
2024-11-30 23:12:46,,,,,,36.81588235294117,,,
2024-11-30 23:17:55,,,,,,,,,
2024-11-30 23:18:57,,37.01300653594772,,,,36.847563025210086,,,
2024-11-30 23:19:58,,37.006846405228764,,,,36.751816993464054,,,
2024-11-30 23:21:00,,37.00216470588236,,,,,,,
2024-11-30 23:22:02,,36.96988562091503,,,,36.741960784313726,,,
2024-11-30 23:23:04,,36.98622335890878,,,,,,,
2024-11-30 23:24:05,,37.00404634581105,,,,36.723480392156866,,,
2024-11-30 23:25:07,,37.004046345811055,,,,36.67296732026144,,,
2024-11-30 23:27:10,,37.030926916221034,,,,36.6152380952381,,,
2024-11-30 23:30:16,,37.03764705882353,,,,36.6152380952381,,,
2024-11-30 23:31:17,,37.02479113384484,,,,,,,
2024-11-30 23:34:24,,37.030926916221034,,,,36.64339869281046,,,
2024-11-30 23:36:27,,37.00948646125117,,,,36.583557422969186,,,
2024-11-30 23:42:38,,37.03764705882354,,,,,,,
2024-11-30 23:49:51,,,,,,36.584261437908495,,,
2024-11-30 23:58:05,,,,36.00274509803921,,,,,
2024-12-01 00:00:08,37.629019607843134,,,,37.333333333333336,,,,
2024-12-01 00:12:29,,37.15592156862745,,,,36.639607843137256,,,
2024-12-01 00:50:36,,37.1543653250774,,,,,,,
2024-12-01 00:59:51,,,,,,,37.333333333333336,,
2024-12-01 01:01:55,,,,,,36.60643790849673,,,
2024-12-01 01:02:57,37.48117647058824,,37.629019607843134,,,,,,
2024-12-01 01:06:02,,37.09852364475202,,,,,,,
2024-12-01 01:22:30,,37.0561274509804,,,,,,,
2024-12-01 01:23:32,,37.08692810457516,,,,,,,
2024-12-01 01:27:39,,,,,,36.540356506238865,,,
2024-12-01 01:30:44,37.836,,,,,,,,
2024-12-01 01:33:49,,,34.6721568627451,,,,,,
2024-12-01 01:34:51,37.80643137254903,,37.629019607843134,,,36.44627450980393,36.741960784313726,,
2024-12-01 01:35:52,,,,,,,,,
2024-12-01 01:37:58,,37.118288770053475,,,,,,,
2024-12-01 01:42:04,,37.12388888888889,,,,,,,
2024-12-01 01:44:08,,37.17411764705882,,,,,,,
2024-12-01 01:45:10,,,,,,36.44627450980393,,,
2024-12-01 01:46:11,,,,,,,,,
2024-12-01 01:48:14,,37.333333333333336,,,,,,,
2024-12-01 02:08:50,,,,,,,35.70705882352941,,
2024-12-01 02:12:56,38.04298039215686,,,,,36.37235294117647,,,
2024-12-01 02:13:58,,,,,,36.53075630252101,,,
2024-12-01 02:23:15,,,,,,36.63635854341737,,,
2024-12-01 02:43:50,38.04298039215686,,,,,,,,
2024-12-01 02:46:55,,,36.316911764705885,,,,,,
2024-12-01 02:47:57,,,36.335392156862746,,,,,,
2024-12-01 03:06:30,,37.38261437908497,,,,,,,
2024-12-01 03:12:41,37.77686274509804,,,,,,,,
2024-12-01 03:13:43,,,35.75633986928105,,,,,,
2024-12-01 03:25:03,,37.31854901960785,35.953464052287586,,,,,,
2024-12-01 03:26:05,,37.2840522875817,,,,36.68282352941177,,,
2024-12-01 03:27:07,,37.24093137254902,,,,,,,
2024-12-01 03:29:10,38.22039215686274,,,,,,,,
2024-12-01 03:32:16,,,36.150588235294116,,,,,,
2024-12-01 03:47:41,,,36.31691176470588,,,,,,
2024-12-01 03:53:52,,,36.44627450980392,,,,,,
2024-12-01 04:08:16,,,,,,36.741960784313726,,,
2024-12-01 04:11:21,,,,,,,34.841120448179275,,
2024-12-01 04:12:22,,,,,,,34.86224089635855,,
2024-12-01 04:13:24,,,,,,,34.79887955182073,,
2024-12-01 04:14:30,,,,,,,34.79887955182073,,
2024-12-01 04:15:32,,,,,,,34.75663865546219,,
2024-12-01 04:18:37,,37.48117647058824,,,,,,,
2024-12-01 04:20:40,,37.48117647058824,,,,,,,
2024-12-01 04:21:42,,37.48117647058824,,,,,,,
2024-12-01 04:23:45,,,36.79124183006536,,,,34.83642701525056,,
2024-12-01 04:26:50,,,,,,,,,
2024-12-01 04:34:03,37.629019607843134,,,,,,,,
2024-12-01 04:35:04,,,36.844313725490196,,,,,,
2024-12-01 04:36:06,,,,,,37.03764705882353,,,
2024-12-01 05:01:50,,,,,,,,,
2024-12-01 05:15:11,,,36.94356506238859,,,,,,
2024-12-01 05:16:12,,,36.916684491978614,,,,,,
2024-12-01 05:20:19,,,37.00068627450981,,,,,,
2024-12-01 05:21:21,,,37.00068627450981,,,,,,
2024-12-01 05:22:23,,,37.00068627450981,,,,,,
2024-12-01 05:23:25,,,37.01300653594772,,,,,,
2024-12-01 05:24:26,,,,,,,35.55921568627451,,
2024-12-01 05:25:30,,,,,,,35.79946078431372,,
2024-12-01 05:26:32,,,,,,,35.79946078431372,,
2024-12-01 05:28:35,37.77686274509804,,36.93908496732027,,,,,,
2024-12-01 05:38:54,,,,,,33.489411764705885,,,
2024-12-01 05:39:57,,,,,,,,,
2024-12-01 05:40:59,37.77686274509804,,36.98388591800357,,,,,,
2024-12-01 05:42:01,,,37.00807843137255,,,34.9678431372549,,,
2024-12-01 06:22:11,,35.55921568627451,,,,,,,
2024-12-01 06:23:13,,35.55921568627451,,,,,,,
2024-12-01 06:24:14,,35.6146568627451,,,,,,,
2024-12-01 06:25:16,37.77686274509804,,36.88980392156863,,,,36.59411764705883,,
2024-12-01 06:26:18,37.48117647058824,,,,,,36.62368627450981,,
2024-12-01 06:27:20,,35.6146568627451,,,,,,,
2024-12-01 06:29:23,,35.55921568627451,,,,,,,
2024-12-01 06:30:25,,35.63313725490196,,,,,,,
2024-12-01 06:31:27,,,,,,,36.85501730103806,,
2024-12-01 06:32:28,,35.6146568627451,,,,,,,
2024-12-01 06:33:31,,35.6146568627451,,,,,37.06373702422145,,
2024-12-01 06:36:36,,,,,,,37.16084967320261,,
2024-12-01 06:37:38,,,,,,,37.16214654282766,,
2024-12-01 06:38:40,,,,,,,37.294427244582046,,
2024-12-01 06:39:41,,,,,,,37.28898039215686,,
2024-12-01 06:40:43,37.77686274509804,,37.333333333333336,,,,,,
2024-12-01 06:41:45,,,,,,,37.305172735760976,,
2024-12-01 06:42:46,,,,,,,37.305172735760976,,
2024-12-01 06:43:48,,,,,,,37.31221288515407,,
2024-12-01 06:44:50,,,,,,,37.29637254901961,,
2024-12-01 06:46:53,,,,,,,37.31777089783282,,
2024-12-01 06:54:05,,,,,,,,,
2024-12-01 07:15:41,36.29843137254902,,,,,,,,
2024-12-01 07:16:45,,,,,,,37.24773993808051,,
2024-12-01 07:19:50,,,,,,,37.234771241830074,,
2024-12-01 07:20:51,,,,,,,37.242984749455346,,
2024-12-01 07:22:55,,,,,,,37.211580161476355,,
2024-12-01 07:24:59,,,,,,,37.26865196078432,,
2024-12-01 07:26:01,,,,,,,37.38877450980392,,
2024-12-01 07:27:02,,,,,,,37.431895424836604,,
2024-12-01 07:29:06,,,,,,,37.47061624649861,,
2024-12-01 07:52:47,,34.2138431372549,,,,34.54279411764706,,,
2024-12-01 07:53:49,,34.24341176470588,,,,34.82,,,
2024-12-01 07:54:51,,34.76086274509804,,,,34.80357298474946,,,
2024-12-01 07:55:54,,,,,,34.787145969498916,,,
2024-12-01 07:56:56,,,38.51607843137255,,,,,,
2024-12-01 07:58:59,,,,,,34.73786492374728,,,
2024-12-01 08:00:02,,,,,,,,,
2024-12-01 08:02:05,,34.207507002801115,,,,,,,
2024-12-01 08:03:07,,34.22862745098039,,,,,,,
2024-12-01 08:04:09,,34.28406862745098,,,,,,,
2024-12-01 08:05:11,,34.28406862745098,,,,34.760862745098045,,,
2024-12-01 08:06:12,,34.28406862745098,,,,,,,
2024-12-01 08:07:16,,34.311789215686275,,,,,38.811764705882354,,
2024-12-01 08:09:20,,,,,,34.64258823529412,,,
2024-12-01 08:10:22,,,,,,34.59823529411766,,,
2024-12-01 08:12:25,,,,,,34.61301960784314,,,
2024-12-01 08:14:29,,,,,,34.55716775599129,,,
2024-12-01 08:17:35,37.48117647058824,,,,,,,,
2024-12-01 09:03:06,37.77686274509804,,,,,,,,
2024-12-01 09:20:38,,35.09104575163399,,,,,,,
2024-12-01 09:21:41,,35.029444444444444,,,,,,,
2024-12-01 09:24:46,,35.041764705882365,,,,35.14525490196079,,,
2024-12-01 09:25:48,,35.559215686274506,,,,,,,
2024-12-01 09:26:51,,35.45572549019609,,,,,,,
2024-12-01 09:27:53,,35.29638344226581,,,,,,,
2024-12-01 09:30:58,36.88980392156863,,,,,,,,
2024-12-01 09:32:00,37.18549019607843,,37.00992647058824,,,,,,
2024-12-01 09:33:02,,,37.00286043829296,,,,,,
2024-12-01 09:38:12,,,37.02943355119826,,,,37.03764705882353,,
2024-12-01 09:39:14,,,37.05320949432405,,,,36.29843137254902,,
2024-12-01 09:42:19,,,37.052431372549016,,,,,,
2024-12-01 09:43:21,,,37.06580765639589,,,,,,
2024-12-01 09:44:23,,,37.0779679144385,,,,,,
2024-12-01 09:45:25,,,37.07621483375959,,,,,,
2024-12-01 09:46:26,,,37.093088235294125,,,,,,
2024-12-01 09:47:28,,,37.09678431372549,,,,,,
2024-12-01 09:48:31,,,37.09450980392158,,,,,,
2024-12-01 09:49:35,,,37.09787944807553,,,,,,
2024-12-01 09:50:36,,,37.095728291316526,,,,,,
2024-12-01 09:51:38,,,37.09372549019608,,,,,,
2024-12-01 09:52:40,,,37.09678431372549,,,,,,
2024-12-01 09:53:41,,,37.111568627450986,,,,,,
2024-12-01 09:54:43,,,37.10171241830065,,,,,,
2024-12-01 09:55:45,,,37.11156862745098,,,,,,
2024-12-01 09:56:47,,,37.1214248366013,,,,,,
2024-12-01 09:57:49,,,37.139607843137256,,,,,,
2024-12-01 09:58:51,,,37.144705882352945,,,,,,
2024-12-01 09:59:53,,,37.15490196078432,,,,,,
2024-12-01 10:00:54,,,37.164369747899165,,,,,,
2024-12-01 10:01:56,,,37.164369747899165,,,,,,
2024-12-01 10:02:58,,,37.18021008403362,,,,,,
2024-12-01 10:04:00,,,37.18549019607844,,,,,,
2024-12-01 10:05:01,,,37.2013305322129,,,,,,
2024-12-01 10:06:04,,,37.207392883079166,,,,,,
2024-12-01 10:07:06,,,37.20254901960785,,,,,,
2024-12-01 10:08:07,,,37.20323137254903,,,,,,
2024-12-01 10:09:09,,,,,,,,,
2024-12-01 10:10:11,,,,,,,,,
2024-12-01 10:11:13,,,37.2039705882353,,,,,,
2024-12-01 10:12:14,,,37.2039705882353,,,,37.530457516339865,,
2024-12-01 10:13:16,,,,,,,37.49596078431372,,
2024-12-01 10:14:18,,,37.17933006535948,,,,,,
2024-12-01 10:15:20,,,37.16084967320262,,,,37.454295900178245,,
2024-12-01 10:16:22,,,,,,,37.427415329768266,,
2024-12-01 10:17:24,,,37.130049019607846,,,,37.427415329768266,,
2024-12-01 10:18:26,,,37.09308823529412,,,,,,
2024-12-01 10:19:28,,,37.0684477124183,,,,,,
2024-12-01 10:20:29,,,37.05612745098039,,,,,,
2024-12-01 10:21:31,,,,,,,37.41397504456327,,
2024-12-01 10:22:32,,,,,,,37.40053475935829,,
2024-12-01 10:23:35,,,,,,,37.407254901960776,,
2024-12-01 10:24:37,,,,,,,,,
2024-12-01 10:25:39,,,37.05693094629156,,,,,,
2024-12-01 10:26:41,,,37.03121909633419,,,,,,
2024-12-01 10:27:42,,,37.017486631016034,,,,37.2840522875817,,
2024-12-01 10:28:44,,,37.01748663101605,,,,37.291092436974786,,
2024-12-01 10:29:46,,,37.02479113384485,,,,,,
2024-12-01 10:30:48,,,37.02479113384485,,,,37.31058823529411,,
2024-12-01 10:31:50,,,37.004046345811055,,,,,,
2024-12-01 10:32:52,,,36.9733674339301,,,,,,
2024-12-01 10:33:54,,,36.97044563279858,,,,,,
2024-12-01 10:34:55,,,36.95700534759358,,,,,,
2024-12-01 10:37:00,,,36.9301247771836,,,,,,
2024-12-01 10:38:02,,,36.92340463458111,,,,,,
2024-12-01 10:41:08,,,36.960511508951406,,,,,,
2024-12-01 10:42:10,,,,,,,37.145169340463454,,
2024-12-01 10:43:11,,,36.9252862745098,,,,37.10484848484848,,
2024-12-01 10:44:13,,,36.95235294117647,,,,,,
2024-12-01 10:45:15,36.00274509803921,,,,,,37.0779679144385,,
2024-12-01 10:46:16,,,,,,,,,
2024-12-01 10:57:37,,,36.909087809036656,,,,,,
2024-12-01 11:00:45,,,36.90324420677362,,,,,,
2024-12-01 11:02:48,,,36.90388422035481,,,,,,
2024-12-01 11:23:28,,,,,,,,35.85490196078432,
2024-12-01 11:24:30,37.18549019607843,,,,,,,,
2024-12-01 11:25:31,,35.115686274509805,,,,,,,
2024-12-01 11:26:33,,,36.94198385236447,,36.01506535947713,37.629019607843134,37.02122004357299,,
2024-12-01 11:27:35,,,36.954485294117646,,,,,,
2024-12-01 11:29:39,,,36.93908496732026,,,,37.13172905525847,,
2024-12-01 11:30:40,,,36.92148459383754,,36.116470588235295,,37.16084967320262,,
2024-12-01 11:31:42,,,37.037647058823524,,36.10509803921569,,,,
2024-12-01 11:32:44,,,36.946666666666665,,36.12946778711485,,37.19686274509804,,
2024-12-01 11:33:46,,,36.902124183006535,,,,37.196862745098045,,
2024-12-01 11:34:49,,,,,36.141348039215686,,,,
2024-12-01 11:35:51,37.41781512605042,,,,36.15928489042676,,,,
2024-12-01 11:36:53,,,,,36.22450980392157,,,,
2024-12-01 11:37:54,37.44832244008714,,,,36.23618163054696,,,,
2024-12-01 11:38:56,,,,,36.25407843137255,,,,
2024-12-01 11:39:58,,,,,36.27731092436975,,,,
2024-12-01 11:40:59,37.50581699346406,,,,,,,,
2024-12-01 11:42:01,,,,,36.38199488491049,,,,
2024-12-01 11:50:19,,,,,36.39083333333334,,37.49596078431372,,37.00807843137255
2024-12-01 11:51:21,,,,,36.38467320261439,,37.51813725490196,,36.97044563279857
2024-12-01 11:52:23,,,,,,,37.51637721755368,,
2024-12-01 11:53:25,,,,,,,37.55861811391223,,36.93529411764707
2024-12-01 11:54:27,,,,,,,37.60085901027077,,36.86868347338936
2024-12-01 11:55:28,37.48117647058824,,,,36.4817568627451,,37.60213903743315,,
2024-12-01 11:56:35,37.48117647058824,,,,36.51132549019608,,37.64245989304812,,
2024-12-01 11:57:36,37.459,,,,36.508823529411764,,37.64309990662931,,
2024-12-01 11:58:38,37.46005602240897,,,,36.554313725490196,,37.66262032085561,,
2024-12-01 11:59:40,37.46005602240898,,,,36.588431372549024,,37.66115942028985,,36.936004901960786
2024-12-01 12:00:42,37.44757575757577,,,,36.65098039215687,,37.65982026143791,,36.926764705882356
2024-12-01 12:01:45,37.43413547237077,,,,36.690784313725494,,37.65267450980392,,36.917524509803926
2024-12-01 12:02:47,,,,,36.724901960784315,,37.65176470588236,,36.917524509803926
2024-12-01 12:03:48,37.43805555555556,,,,36.74764705882353,,37.661873638344225,,36.954485294117646
2024-12-01 12:04:50,37.450375816993464,,,,36.75838779956427,,37.6765406162465,,36.96372549019608
2024-12-01 12:05:52,,,,,36.813144517066085,,37.68,,36.94198385236447
2024-12-01 12:06:54,37.44137254901961,,,,36.85694989106754,,37.71058823529411,,36.936004901960786
2024-12-01 12:07:55,37.43737109658679,,,,36.91170660856935,37.03764705882353,37.736078431372555,,36.87994771241829
2024-12-01 12:08:57,37.44421568627451,,,,36.94788515406162,,37.751372549019614,,36.919372549019606
2024-12-01 12:09:59,37.48117647058824,,,,36.966274509803924,,37.76102240896359,,37.077071895424844
2024-12-01 12:11:01,37.48117647058824,,,,36.97358169934641,,37.776862745098036,,
2024-12-01 12:12:03,37.486104575163395,,,,37.003150326797396,,37.78254901960784,,36.99540616246499
2024-12-01 12:13:04,37.48117647058824,,,,36.9883660130719,,,,
2024-12-01 12:14:06,37.45160784313726,,,,36.929228758169934,,37.7953431372549,,36.98484593837535
2024-12-01 12:15:08,37.43682352941177,,,,36.91444444444445,,37.8154305200341,,
2024-12-01 12:16:10,37.431895424836604,,,,36.89966013071896,,37.823903743315505,,
2024-12-01 12:17:11,37.42696732026145,,,,36.90458823529411,,,,
2024-12-01 12:18:13,37.40725490196078,,,,36.894732026143785,,37.84339215686275,,
2024-12-01 12:19:15,37.38754248366013,,,,36.875019607843136,,37.8391124871001,,
2024-12-01 12:20:17,37.38261437908496,,,,36.87009150326798,,37.82355005159959,,
2024-12-01 12:21:18,37.3776862745098,,,,36.840522875817,,37.83133126934984,,37.03764705882353
2024-12-01 12:22:20,37.3776862745098,,,,36.83559477124183,,37.815768833849326,,
2024-12-01 12:23:21,37.35797385620915,,,,36.8257385620915,,37.815768833849326,,
2024-12-01 12:25:25,37.357973856209156,,,,36.8257385620915,,37.80798761609907,,
2024-12-01 12:26:26,,,,,36.81588235294119,,,,39.10745098039216
2024-12-01 12:27:28,37.36290196078432,,,,36.82081045751634,,,,
2024-12-01 12:28:31,37.353045751633985,,,,36.818431372549014,,,,
2024-12-01 12:29:32,37.38261437908497,,,,36.884523809523806,,,,
2024-12-01 12:30:34,37.397398692810455,,,,36.911706608569354,,,,
2024-12-01 12:31:36,37.39739869281046,,,,36.87274509803922,,,,
2024-12-01 12:32:38,37.39247058823529,,,,36.83658039215687,,,,
2024-12-01 12:33:40,37.39739869281046,,,,36.79740196078431,,,,
2024-12-01 12:34:41,37.40725490196078,,,,36.780528559249795,,,,
2024-12-01 12:35:43,37.40980392156863,,,,36.74868092691623,,,,
2024-12-01 12:36:45,37.40725490196079,,36.58067736185383,,36.69971988795518,,37.865568627450976,,
2024-12-01 12:37:47,37.39141456582634,,36.58067736185383,,36.69021568627451,37.92470588235294,37.80971677559913,,
2024-12-01 12:38:49,37.38809005083515,,36.58067736185383,,36.67192982456141,,37.7953431372549,,
2024-12-01 12:39:51,37.40725490196079,,36.607557932263816,,36.659825708061,,37.77686274509803,,
2024-12-01 12:40:52,37.39588235294117,,,,36.635185185185186,,37.75222222222222,,
2024-12-01 12:41:54,37.398384313725494,,,,36.620207612456745,,37.717725490196074,,
2024-12-01 12:42:56,37.33949346405229,,36.618758169934644,,36.547916666666666,,,,
2024-12-01 12:46:04,37.33976129582268,,36.63107843137255,,,,,,
2024-12-01 12:47:06,37.32047740835465,35.8817825311943,36.62823529411765,,,,,,
2024-12-01 12:48:07,37.35261722080136,35.867222222222225,36.66803921568628,,,,,,
2024-12-01 12:49:09,37.37832907075874,,36.70253594771241,,,,,,
2024-12-01 13:03:35,37.39118499573743,,36.695759803921575,,,,,,
2024-12-01 13:04:37,37.41046888320546,,36.73326412918109,,,,,,
2024-12-01 13:06:41,37.41689684569481,,36.72553376906319,,,,,,
2024-12-01 13:07:44,,,,,,36.17170868347339,,,
2024-12-01 13:08:46,,35.72348583877995,,,,36.05818627450981,,,
2024-12-01 13:09:48,,35.722621259029914,,,,,,,
2024-12-01 13:10:50,,35.714450980392144,,,,35.75633986928105,,,
2024-12-01 13:11:52,,35.71409897292249,,,,,,,
2024-12-01 13:12:54,37.46189258312021,35.70033868092691,37.08939215686275,,37.48117647058824,35.639857397504464,,,
2024-12-01 13:13:56,,35.694202898550714,,,,35.60849673202615,,,
2024-12-01 13:14:58,,35.69473856209151,,,,35.61607843137255,,,
2024-12-01 13:15:59,,35.671576470588235,,,,,,,
2024-12-01 13:17:01,37.467096171802055,35.67862745098039,37.2392513368984,,,,,,
2024-12-01 13:18:03,37.438935574229696,35.659749019607844,37.25941176470588,,,,,,
2024-12-01 13:19:05,37.438935574229696,35.64200784313725,37.29973262032086,,,,,,
2024-12-01 13:20:07,37.431895424836604,35.638823529411766,37.34005347593583,,,,,,
2024-12-01 13:21:09,37.40373482726424,35.627450980392155,37.34005347593584,,,,,,
2024-12-01 13:22:11,37.40373482726424,35.63313725490196,37.36021390374332,,,,,,
2024-12-01 13:23:13,37.38965452847806,35.627450980392155,37.32661319073085,,,35.608496732026154,,,
2024-12-01 13:24:14,37.40725490196079,35.606525490196084,37.30119352088663,,,35.58033613445379,,,
2024-12-01 13:25:16,37.39761295822677,35.62426666666667,37.27173202614379,,,35.5364705882353,,,
2024-12-01 13:26:18,37.41046888320546,35.606525490196084,37.27173202614379,,,35.52509803921569,,,
2024-12-01 13:27:19,37.38261437908496,35.59617647058824,37.27789215686275,,,35.522254901960785,,,
2024-12-01 13:28:21,37.36881568627451,35.59135549872122,37.25941176470588,,,35.53457516339869,,,
2024-12-01 13:29:23,,35.579376114081995,37.27548167092926,,,35.49201426024956,,,
2024-12-01 13:30:25,37.29921568627451,35.41809269162211,37.27548167092926,,,35.38180392156863,,,
2024-12-01 13:31:29,,35.39121212121212,37.28833759590794,,,35.37851851851852,,,
2024-12-01 13:32:31,37.284052287581694,35.33073083778966,37.314049445865315,,,35.14525490196079,,,
2024-12-01 13:33:32,37.2878431372549,,37.19834612105713,,,,,,
2024-12-01 13:34:34,37.248039215686276,35.27760971055089,37.1790622335891,,,,,,
2024-12-01 13:35:36,37.244627450980396,35.2783137254902,37.18549019607843,,,,,,
2024-12-01 13:36:38,37.23477124183007,,37.19957049486462,,,,,,
2024-12-01 13:37:40,37.21629084967321,,37.200274509803926,,,,,,
2024-12-01 13:38:41,37.210130718954254,,36.80849019607844,,,,,,
2024-12-01 13:39:43,37.19165032679739,,36.79642930856553,,36.88980392156863,,,,
2024-12-01 13:40:45,37.21013071895425,35.22656862745099,36.72639834881321,,35.85490196078432,,,,
2024-12-01 13:41:47,37.19834612105712,35.41137254901961,,,,,,,
2024-12-01 13:42:49,37.24976982097187,,,,,,,,
2024-12-01 13:43:51,37.172634271099746,,,,,,,,
2024-12-01 13:44:52,37.19221033868093,,,,,,,,
2024-12-01 13:45:54,,,,,,,,,
2024-12-01 13:46:56,,35.49761437908497,,34.82,,,36.88980392156863,34.82,
2024-12-01 13:53:07,37.17204991087345,35.63313725490196,,,,35.026980392156865,,,
2024-12-01 13:55:11,,35.73169934640523,36.31075163398693,,,35.26352941176471,,,
2024-12-01 13:56:13,37.18549019607843,,36.01618538324421,,,,,,
2024-12-01 13:59:17,,,,,,,35.115686274509805,,
2024-12-01 14:00:19,,,,,34.37647058823529,,,,
2024-12-01 14:01:21,37.22245098039215,,,,,,,,
2024-12-01 14:03:24,37.24462745098039,,,,,35.58385620915033,35.115686274509805,,
2024-12-01 14:06:30,37.274196078431366,,,,,,,,
2024-12-01 14:07:32,37.255521155830756,35.86627450980392,36.18344226579521,,,,,,
2024-12-01 14:08:34,,35.88901960784314,,,,,,,
2024-12-01 14:09:35,37.218344226579525,,36.28200435729847,,,,,,
2024-12-01 14:15:46,37.333333333333336,,,,,,,,
2024-12-01 14:18:52,,,,,,35.73169934640523,,,
2024-12-01 14:20:56,37.333333333333336,,,,,,,,
2024-12-01 14:21:58,,36.325311942959004,,,,,,,
2024-12-01 14:23:00,,36.431490196078435,,,,35.04176470588236,,,
2024-12-01 14:24:01,,36.741960784313726,,,,,,,
2024-12-01 14:25:03,37.45653594771241,36.95551198257081,,,,37.48117647058824,,,
2024-12-01 14:26:05,37.49760348583877,36.95551198257081,36.27731092436975,,,,,,
2024-12-01 14:27:07,37.49760348583877,,36.10834733893557,,,,,,
2024-12-01 14:28:09,,37.00807843137255,,,,35.529647058823535,,,
2024-12-01 14:29:11,37.51403050108933,,,,,,,,
2024-12-01 14:30:13,37.530457516339865,,37.40725490196078,,,,,,
2024-12-01 14:32:19,,,37.333333333333336,,,,,,
2024-12-01 14:34:23,,36.95551198257081,37.269971988795525,,,,,,
2024-12-01 14:37:28,37.543426212590305,,,,,,,,
2024-12-01 14:38:30,37.52224400871461,,,,,,,,
2024-12-01 14:39:32,37.53045751633987,,,,,,,,
2024-12-01 14:40:34,37.51403050108933,,,,,,,,
2024-12-01 14:41:35,,,,,,,,,35.55921568627451
2024-12-01 14:43:39,37.49760348583879,,,,,,,,
2024-12-01 14:44:41,,36.9883660130719,,36.29843137254902,,,,,
2024-12-01 14:45:43,37.49760348583879,,,36.15058823529412,,,,,
2024-12-01 14:46:45,37.49856978085353,,,36.59411764705882,,,,,
2024-12-01 14:47:47,,37.48117647058824,,,,,,,
2024-12-01 14:48:48,,,,,,35.55921568627451,,,
2024-12-01 14:49:50,37.47132026143791,,,,36.59411764705882,,,,
2024-12-01 14:50:52,37.42837535014006,,,,,,,,
2024-12-01 14:52:55,37.49173669467787,,36.38713725490196,,,,,,
2024-12-01 14:53:56,37.512857142857136,,36.15058823529412,,,,,,
2024-12-01 14:54:58,37.502296918767506,,,,,,,,
2024-12-01 14:58:06,,,,,,,,,33.93294117647059
2024-12-01 14:59:08,,,35.115686274509805,,,,36.15058823529412,,
2024-12-01 15:00:10,,,35.55921568627451,,,,36.88980392156863,,
2024-12-01 15:02:13,,,,,,,,36.44627450980393,
2024-12-01 15:03:15,37.56988235294118,,,,,,,,
2024-12-01 15:04:17,,,,36.44627450980393,,,,37.03764705882353,
2024-12-01 15:11:29,,,,,,36.50963585434174,,,
2024-12-01 15:13:33,,,,,,36.37235294117647,,,
2024-12-01 15:17:40,,,,,,36.520196078431375,,,
2024-12-01 16:01:53,,37.351813725490196,,,,,,,
2024-12-01 16:02:55,,37.333333333333336,,,,,,,
2024-12-01 16:03:57,,37.31485294117647,,,,,,,
2024-12-01 16:05:00,,,,,,,,,
2024-12-01 16:14:15,,37.31485294117647,,,,,,,
2024-12-01 16:23:33,,37.29637254901961,,,,,,,
2024-12-01 16:59:36,,37.44421568627451,,,,,,,
2024-12-01 17:29:28,,,,,,36.889803921568635,,,
2024-12-01 17:30:29,,37.44421568627451,,,,,,,
2024-12-01 17:35:38,,,,,,36.84948306595366,,,
2024-12-01 17:36:40,,,,,,36.90324420677362,,,
2024-12-01 17:56:14,,37.44421568627451,,,,,,,
2024-12-01 18:01:23,,,,35.85490196078432,,36.76884135472372,,,
2024-12-01 18:03:26,,,,,,36.90458823529413,,36.50963585434174,
2024-12-01 18:04:28,,,,,,,,36.48851540616247,
2024-12-01 18:05:30,,,,,,,,36.48851540616247,
2024-12-01 18:06:31,,,,,,36.85284313725491,,,
2024-12-01 18:07:34,,,,,,,,36.50963585434174,
2024-12-01 18:08:35,,,,,,,,36.50963585434174,
2024-12-01 18:09:37,,,,,,36.85284313725491,,,
2024-12-01 18:10:39,,,,,,36.79740196078431,,36.48851540616247,
2024-12-01 18:11:40,,,,,,36.79740196078431,,36.48851540616247,
